fixed acidity;volatile acidity;citric acid;residual sugar;chlorides;free sulfur dioxide;total sulfur dioxide;density;pH;sulphates;alcohol;quality;quality-binned;type-red;type-white
7.4;0.7;0.0;1.9;0.076;11.0;34.0;0.9603649733392365;3.51;0.56;0.6308724832214765;5;Medium;True;False
7.8;0.88;0.0;2.6;0.098;25.0;67.0;0.959402490904541;3.2;0.68;0.6577181208053692;5;Medium;True;False
7.8;0.76;0.04;2.3;0.092;15.0;54.0;0.9595949873914801;3.26;0.65;0.6577181208053692;5;Medium;True;False
11.2;0.28;0.56;1.9;0.075;17.0;60.0;0.9605574698261756;3.16;0.58;0.6577181208053692;6;Medium;True;False
7.4;0.66;0.0;1.8;0.075;13.0;40.0;0.9603649733392365;3.51;0.56;0.6308724832214765;5;Medium;True;False
7.9;0.6;0.06;1.6;0.069;15.0;59.0;0.9590174979306627;3.3;0.46;0.6308724832214765;5;Medium;True;False
7.3;0.65;0.0;1.2;0.065;15.0;21.0;0.9572850295482108;3.39;0.47;0.6711409395973155;7;High;True;False
7.8;0.58;0.02;2.0;0.073;9.0;18.0;0.959402490904541;3.36;0.57;0.6375838926174496;7;High;True;False
7.5;0.5;0.36;6.1;0.071;17.0;102.0;0.9603649733392365;3.35;0.8;0.7046979865771812;5;Medium;True;False
6.7;0.58;0.08;1.8;0.097;15.0;65.0;0.958536256713315;3.28;0.54;0.6174496644295301;5;Medium;True;False
5.6;0.615;0.0;1.6;0.089;16.0;59.0;0.9569962848178021;3.58;0.52;0.6644295302013423;5;Medium;True;False
7.8;0.61;0.29;1.6;0.114;9.0;29.0;0.9599799803653583;3.26;1.56;0.610738255033557;5;Medium;True;False
8.9;0.62;0.18;3.8;0.176;52.0;145.0;0.961134959286993;3.16;0.88;0.6174496644295301;5;Medium;True;False
8.9;0.62;0.19;3.9;0.17;51.0;148.0;0.961134959286993;3.17;0.93;0.6174496644295301;5;Medium;True;False
8.5;0.28;0.56;1.8;0.092;35.0;103.0;0.9594987391480105;3.3;0.75;0.7046979865771812;7;High;True;False
8.1;0.56;0.28;1.7;0.368;16.0;56.0;0.959402490904541;3.11;1.28;0.6241610738255033;5;Medium;True;False
7.4;0.59;0.08;4.4;0.086;6.0;29.0;0.9599799803653583;3.38;0.5;0.6040268456375839;4;Low;True;False
7.9;0.32;0.51;1.8;0.341;17.0;56.0;0.9594987391480105;3.04;1.08;0.6174496644295301;6;Medium;True;False
8.9;0.22;0.48;1.8;0.077;29.0;60.0;0.959402490904541;3.39;0.53;0.6308724832214765;6;Medium;True;False
7.6;0.39;0.31;2.3;0.082;23.0;71.0;0.9607499663131147;3.52;0.65;0.6510067114093959;5;Medium;True;False
7.9;0.43;0.21;1.6;0.106;10.0;37.0;0.9592099944176019;3.17;0.91;0.6375838926174496;5;Medium;True;False
8.5;0.49;0.11;2.3;0.084;9.0;67.0;0.959402490904541;3.17;0.53;0.6308724832214765;5;Medium;True;False
6.9;0.4;0.14;2.4;0.085;21.0;40.0;0.959402490904541;3.43;0.63;0.6510067114093959;6;Medium;True;False
6.3;0.39;0.16;1.4;0.08;11.0;23.0;0.9581512637394368;3.34;0.56;0.6241610738255033;5;Medium;True;False
7.6;0.41;0.24;1.8;0.08;4.0;11.0;0.9588250014437236;3.28;0.59;0.6375838926174496;5;Medium;True;False
7.1;0.71;0.0;1.9;0.08;14.0;35.0;0.9597874838784192;3.47;0.55;0.6308724832214765;5;Medium;True;False
7.8;0.645;0.0;2.0;0.082;8.0;16.0;0.9590174979306627;3.38;0.59;0.6577181208053692;6;Medium;True;False
6.7;0.675;0.07;2.4;0.089;17.0;82.0;0.9584400084698455;3.35;0.54;0.6778523489932885;5;Medium;True;False
6.9;0.685;0.0;2.5;0.105;22.0;37.0;0.9592099944176019;3.46;0.57;0.7114093959731543;6;Medium;True;False
8.3;0.655;0.12;2.3;0.083;15.0;113.0;0.9592099944176019;3.17;0.66;0.6577181208053692;5;Medium;True;False
6.9;0.605;0.12;10.7;0.073;40.0;83.0;0.9618086969912799;3.45;0.52;0.6308724832214765;6;Medium;True;False
5.2;0.32;0.25;1.8;0.103;13.0;50.0;0.9583437602263759;3.38;0.55;0.6174496644295301;5;Medium;True;False
7.8;0.645;0.0;5.5;0.086;5.0;18.0;0.961134959286993;3.4;0.55;0.6442953020134228;6;Medium;True;False
7.8;0.6;0.14;2.4;0.086;3.0;15.0;0.9600762286088279;3.42;0.6;0.7248322147651007;6;Medium;True;False
8.1;0.38;0.28;2.1;0.066;13.0;30.0;0.959402490904541;3.23;0.73;0.6510067114093959;7;High;True;False
5.7;1.13;0.09;1.5;0.172;7.0;19.0;0.9567075400873933;3.5;0.48;0.6577181208053692;4;Low;True;False
7.3;0.45;0.36;5.9;0.074;12.0;87.0;0.9603649733392365;3.33;0.83;0.7046979865771812;5;Medium;True;False
8.8;0.61;0.3;2.8;0.088;17.0;46.0;0.9601724768522975;3.26;0.51;0.6241610738255033;4;Low;True;False
7.5;0.49;0.2;2.6;0.332;8.0;14.0;0.959402490904541;3.21;0.9;0.7046979865771812;6;Medium;True;False
8.1;0.66;0.22;2.2;0.069;9.0;23.0;0.959402490904541;3.3;1.2;0.6912751677852349;5;Medium;True;False
6.8;0.67;0.02;1.8;0.05;5.0;11.0;0.9588250014437236;3.48;0.52;0.6375838926174496;5;Medium;True;False
4.6;0.52;0.15;2.1;0.054;8.0;65.0;0.956130050626576;3.9;0.56;0.8791946308724832;4;Low;True;False
7.7;0.935;0.43;2.2;0.114;22.0;114.0;0.9595949873914801;3.25;0.73;0.6174496644295301;5;Medium;True;False
8.7;0.29;0.52;1.6;0.113;12.0;37.0;0.9594987391480105;3.25;0.58;0.6375838926174496;5;Medium;True;False
6.4;0.4;0.23;1.6;0.066;5.0;12.0;0.9584400084698455;3.34;0.56;0.6174496644295301;5;Medium;True;False
5.6;0.31;0.37;1.4;0.074;12.0;96.0;0.9580550154959672;3.32;0.58;0.6174496644295301;5;Medium;True;False
8.8;0.66;0.26;1.7;0.074;4.0;23.0;0.9596912356349496;3.15;0.74;0.6174496644295301;5;Medium;True;False
6.6;0.52;0.04;2.2;0.069;8.0;15.0;0.9582475119829064;3.4;0.63;0.6308724832214765;6;Medium;True;False
6.6;0.5;0.04;2.1;0.068;6.0;14.0;0.9581512637394368;3.39;0.64;0.6308724832214765;6;Medium;True;False
8.6;0.38;0.36;3.0;0.081;30.0;119.0;0.9595949873914801;3.2;0.56;0.6308724832214765;5;Medium;True;False
7.6;0.51;0.15;2.8;0.11;33.0;73.0;0.9581512637394368;3.17;0.63;0.6845637583892616;6;Medium;True;False
7.7;0.62;0.04;3.8;0.084;25.0;45.0;0.9603649733392365;3.34;0.53;0.6375838926174496;5;Medium;True;False
10.2;0.42;0.57;3.4;0.07;4.0;10.0;0.9596912356349496;3.04;0.63;0.6442953020134228;5;Medium;True;False
7.5;0.63;0.12;5.1;0.111;50.0;110.0;0.9608462145565843;3.26;0.77;0.6308724832214765;5;Medium;True;False
7.8;0.59;0.18;2.3;0.076;17.0;54.0;0.9600762286088279;3.43;0.59;0.6711409395973155;5;Medium;True;False
7.3;0.39;0.31;2.4;0.074;9.0;46.0;0.9588250014437236;3.41;0.54;0.6308724832214765;6;Medium;True;False
8.8;0.4;0.4;2.2;0.079;19.0;52.0;0.9605574698261756;3.44;0.64;0.6174496644295301;5;Medium;True;False
7.7;0.69;0.49;1.8;0.115;20.0;112.0;0.959402490904541;3.21;0.71;0.6241610738255033;5;Medium;True;False
7.5;0.52;0.16;1.9;0.085;12.0;35.0;0.959402490904541;3.38;0.62;0.6375838926174496;7;High;True;False
7.0;0.735;0.05;2.0;0.081;13.0;54.0;0.9592099944176019;3.39;0.57;0.6577181208053692;5;Medium;True;False
7.2;0.725;0.05;4.65;0.086;4.0;11.0;0.9588250014437236;3.41;0.39;0.7315436241610739;5;Medium;True;False
7.5;0.52;0.11;1.5;0.079;11.0;39.0;0.959402490904541;3.42;0.58;0.6442953020134228;5;Medium;True;False
6.6;0.705;0.07;1.6;0.076;6.0;15.0;0.9588250014437236;3.44;0.58;0.7181208053691275;5;Medium;True;False
9.3;0.32;0.57;2.0;0.074;27.0;65.0;0.9594987391480105;3.28;0.79;0.7181208053691275;5;Medium;True;False
8.0;0.705;0.05;1.9;0.074;8.0;19.0;0.9588250014437236;3.34;0.95;0.7046979865771812;6;Medium;True;False
7.7;0.63;0.08;1.9;0.076;15.0;27.0;0.9593062426610715;3.32;0.54;0.6375838926174496;6;Medium;True;False
7.7;0.67;0.23;2.1;0.088;17.0;96.0;0.9588250014437236;3.32;0.48;0.6375838926174496;5;Medium;True;False
7.7;0.69;0.22;1.9;0.084;18.0;94.0;0.9587287532002541;3.31;0.48;0.6375838926174496;5;Medium;True;False
8.3;0.675;0.26;2.1;0.084;11.0;43.0;0.9601724768522975;3.31;0.53;0.6174496644295301;4;Low;True;False
9.7;0.32;0.54;2.5;0.094;28.0;83.0;0.9609424628000538;3.28;0.82;0.6442953020134228;5;Medium;True;False
8.8;0.41;0.64;2.2;0.093;9.0;42.0;0.961134959286993;3.54;0.66;0.7046979865771812;5;Medium;True;False
6.8;0.785;0.0;2.4;0.104;14.0;30.0;0.9592099944176019;3.52;0.55;0.7181208053691275;6;Medium;True;False
6.7;0.75;0.12;2.0;0.086;12.0;80.0;0.9584400084698455;3.38;0.52;0.6778523489932885;5;Medium;True;False
8.3;0.625;0.2;1.5;0.08;27.0;119.0;0.9597874838784192;3.16;1.12;0.610738255033557;4;Low;True;False
6.2;0.45;0.2;1.6;0.069;3.0;15.0;0.9584400084698455;3.41;0.56;0.6174496644295301;5;Medium;True;False
7.8;0.43;0.7;1.9;0.464;22.0;67.0;0.9599799803653583;3.13;1.28;0.6308724832214765;5;Medium;True;False
7.4;0.5;0.47;2.0;0.086;21.0;73.0;0.9595949873914801;3.36;0.57;0.610738255033557;5;Medium;True;False
7.3;0.67;0.26;1.8;0.401;16.0;51.0;0.9594987391480105;3.16;1.14;0.6308724832214765;5;Medium;True;False
6.3;0.3;0.48;1.8;0.069;18.0;61.0;0.958536256713315;3.44;0.78;0.6912751677852349;6;Medium;True;False
6.9;0.55;0.15;2.2;0.076;19.0;40.0;0.9587287532002541;3.41;0.59;0.6778523489932885;5;Medium;True;False
8.6;0.49;0.28;1.9;0.11;20.0;136.0;0.9597874838784192;2.93;1.95;0.6644295302013423;6;Medium;True;False
7.7;0.49;0.26;1.9;0.062;9.0;31.0;0.9592099944176019;3.39;0.64;0.6442953020134228;5;Medium;True;False
9.3;0.39;0.44;2.1;0.107;34.0;125.0;0.9603649733392365;3.14;1.22;0.6375838926174496;5;Medium;True;False
7.0;0.62;0.08;1.8;0.076;8.0;24.0;0.9603649733392365;3.48;0.53;0.6040268456375839;5;Medium;True;False
7.9;0.52;0.26;1.9;0.079;42.0;140.0;0.9590174979306627;3.23;0.54;0.6375838926174496;5;Medium;True;False
8.6;0.49;0.29;2.0;0.11;19.0;133.0;0.9597874838784192;2.93;1.98;0.6577181208053692;5;Medium;True;False
5.0;1.02;0.04;1.4;0.045;41.0;85.0;0.9565150436004543;3.75;0.48;0.7046979865771812;4;Low;True;False
4.7;0.6;0.17;2.3;0.058;17.0;106.0;0.9559375541396369;3.85;0.6;0.8657718120805369;6;Medium;True;False
6.8;0.775;0.0;3.0;0.102;8.0;23.0;0.9591137461741324;3.45;0.56;0.7181208053691275;5;Medium;True;False
7.0;0.5;0.25;2.0;0.07;3.0;22.0;0.9589212496871932;3.25;0.63;0.6174496644295301;5;Medium;True;False
7.6;0.9;0.06;2.5;0.079;5.0;10.0;0.9593062426610715;3.39;0.56;0.6577181208053692;5;Medium;True;False
8.1;0.545;0.18;1.9;0.08;13.0;35.0;0.9597874838784192;3.3;0.59;0.6040268456375839;6;Medium;True;False
8.3;0.61;0.3;2.1;0.084;11.0;50.0;0.9597874838784192;3.4;0.61;0.6845637583892616;6;Medium;True;False
7.8;0.5;0.3;1.9;0.075;8.0;22.0;0.958536256713315;3.31;0.56;0.697986577181208;6;Medium;True;False
8.1;0.575;0.22;2.1;0.077;12.0;65.0;0.9593062426610715;3.29;0.51;0.6174496644295301;5;Medium;True;False
7.2;0.49;0.24;2.2;0.07;5.0;36.0;0.9586325049567845;3.33;0.48;0.6308724832214765;5;Medium;True;False
7.8;0.41;0.68;1.7;0.467;18.0;69.0;0.9598837321218887;3.08;1.31;0.6241610738255033;5;Medium;True;False
6.2;0.63;0.31;1.7;0.088;15.0;64.0;0.9594987391480105;3.46;0.79;0.6241610738255033;5;Medium;True;False
8.0;0.33;0.53;2.5;0.091;18.0;80.0;0.9601724768522975;3.37;0.8;0.6442953020134228;6;Medium;True;False
8.1;0.785;0.52;2.0;0.122;37.0;153.0;0.9594987391480105;3.21;0.69;0.6241610738255033;5;Medium;True;False
7.8;0.56;0.19;1.8;0.104;12.0;47.0;0.9590174979306627;3.19;0.93;0.6375838926174496;5;Medium;True;False
8.4;0.62;0.09;2.2;0.084;11.0;108.0;0.9590174979306627;3.15;0.66;0.6577181208053692;5;Medium;True;False
8.4;0.6;0.1;2.2;0.085;14.0;111.0;0.9590174979306627;3.15;0.66;0.6577181208053692;5;Medium;True;False
10.1;0.31;0.44;2.3;0.08;22.0;46.0;0.9613274557739321;3.32;0.67;0.6510067114093959;6;Medium;True;False
9.4;0.4;0.31;2.2;0.09;13.0;62.0;0.9592099944176019;3.07;0.63;0.7046979865771812;6;Medium;True;False
8.3;0.54;0.28;1.9;0.077;11.0;40.0;0.9603649733392365;3.39;0.61;0.6711409395973155;6;Medium;True;False
7.8;0.56;0.12;2.0;0.082;7.0;28.0;0.9595949873914801;3.37;0.5;0.6308724832214765;6;Medium;True;False
8.8;0.55;0.04;2.2;0.119;14.0;56.0;0.9588250014437236;3.21;0.6;0.7315436241610739;6;Medium;True;False
7.0;0.69;0.08;1.8;0.097;22.0;89.0;0.958536256713315;3.34;0.54;0.6174496644295301;6;Medium;True;False
7.3;1.07;0.09;1.7;0.178;10.0;89.0;0.9588250014437236;3.3;0.57;0.6040268456375839;5;Medium;True;False
7.3;0.695;0.0;2.5;0.075;3.0;13.0;0.9605574698261756;3.49;0.52;0.6174496644295301;5;Medium;True;False
8.0;0.71;0.0;2.6;0.08;11.0;34.0;0.9601724768522975;3.44;0.53;0.6375838926174496;5;Medium;True;False
7.8;0.5;0.17;1.6;0.082;21.0;102.0;0.9586325049567845;3.39;0.48;0.6375838926174496;5;Medium;True;False
9.0;0.62;0.04;1.9;0.146;27.0;90.0;0.9609424628000538;3.16;0.7;0.6308724832214765;5;Medium;True;False
8.2;1.33;0.0;1.7;0.081;3.0;12.0;0.9590174979306627;3.53;0.49;0.7315436241610739;5;Medium;True;False
8.1;1.33;0.0;1.8;0.082;3.0;12.0;0.9590174979306627;3.54;0.48;0.7315436241610739;5;Medium;True;False
8.0;0.59;0.16;1.8;0.065;3.0;16.0;0.9588250014437236;3.42;0.92;0.7046979865771812;7;High;True;False
6.1;0.38;0.15;1.8;0.072;6.0;19.0;0.9581512637394368;3.42;0.57;0.6308724832214765;5;Medium;True;False
8.0;0.745;0.56;2.0;0.118;30.0;134.0;0.959402490904541;3.24;0.66;0.6308724832214765;5;Medium;True;False
5.6;0.5;0.09;2.3;0.049;17.0;99.0;0.9564187953569847;3.63;0.63;0.87248322147651;5;Medium;True;False
6.6;0.5;0.01;1.5;0.06;17.0;26.0;0.9578625190090281;3.4;0.58;0.6577181208053692;6;Medium;True;False
7.9;1.04;0.05;2.2;0.084;13.0;29.0;0.958536256713315;3.22;0.55;0.6644295302013423;6;Medium;True;False
8.4;0.745;0.11;1.9;0.09;16.0;63.0;0.9591137461741324;3.19;0.82;0.6442953020134228;5;Medium;True;False
8.3;0.715;0.15;1.8;0.089;10.0;52.0;0.959402490904541;3.23;0.77;0.6375838926174496;5;Medium;True;False
7.2;0.415;0.36;2.0;0.081;13.0;45.0;0.9597874838784192;3.48;0.64;0.6174496644295301;5;Medium;True;False
7.8;0.56;0.19;2.1;0.081;15.0;105.0;0.9588250014437236;3.33;0.54;0.6375838926174496;5;Medium;True;False
7.8;0.56;0.19;2.0;0.081;17.0;108.0;0.9588250014437236;3.32;0.54;0.6375838926174496;5;Medium;True;False
5.2;0.34;0.0;1.8;0.05;27.0;63.0;0.9543975822441241;3.68;0.79;0.9395973154362416;6;Medium;True;False
6.3;0.39;0.08;1.7;0.066;3.0;20.0;0.9580550154959672;3.34;0.58;0.6308724832214765;5;Medium;True;False
8.1;0.67;0.55;1.8;0.117;32.0;141.0;0.959402490904541;3.17;0.62;0.6308724832214765;5;Medium;True;False
5.8;0.68;0.02;1.8;0.087;21.0;94.0;0.9570925330612716;3.54;0.52;0.6711409395973155;5;Medium;True;False
7.6;0.49;0.26;1.6;0.236;10.0;88.0;0.959402490904541;3.11;0.8;0.6241610738255033;5;Medium;True;False
6.9;0.49;0.1;2.3;0.074;12.0;30.0;0.958536256713315;3.42;0.58;0.6845637583892616;6;Medium;True;False
8.2;0.4;0.44;2.8;0.089;11.0;43.0;0.9600762286088279;3.53;0.61;0.7046979865771812;6;Medium;True;False
7.3;0.33;0.47;2.1;0.077;5.0;11.0;0.9584400084698455;3.33;0.53;0.6912751677852349;6;Medium;True;False
9.2;0.52;1.0;3.4;0.61;32.0;69.0;0.9620974417216887;2.74;2.0;0.6308724832214765;4;Low;True;False
7.5;0.6;0.03;1.8;0.095;25.0;99.0;0.957670022522089;3.35;0.54;0.6778523489932885;5;Medium;True;False
7.1;0.43;0.42;5.5;0.07;29.0;129.0;0.9598837321218887;3.42;0.72;0.7046979865771812;5;Medium;True;False
7.1;0.43;0.42;5.5;0.071;28.0;128.0;0.9598837321218887;3.42;0.71;0.7046979865771812;5;Medium;True;False
7.1;0.68;0.0;2.2;0.073;12.0;22.0;0.9594987391480105;3.48;0.5;0.6241610738255033;5;Medium;True;False
6.8;0.6;0.18;1.9;0.079;18.0;86.0;0.959402490904541;3.59;0.57;0.6241610738255033;6;Medium;True;False
7.6;0.95;0.03;2.0;0.09;7.0;20.0;0.958536256713315;3.2;0.56;0.6442953020134228;5;Medium;True;False
7.6;0.68;0.02;1.3;0.072;9.0;20.0;0.9591137461741324;3.17;1.08;0.6174496644295301;4;Low;True;False
7.8;0.53;0.04;1.7;0.076;17.0;31.0;0.9590174979306627;3.33;0.56;0.6711409395973155;6;Medium;True;False
7.4;0.6;0.26;7.3;0.07;36.0;121.0;0.9607499663131147;3.37;0.49;0.6308724832214765;5;Medium;True;False
7.3;0.59;0.26;7.2;0.07;35.0;121.0;0.9606537180696452;3.37;0.49;0.6308724832214765;5;Medium;True;False
7.8;0.63;0.48;1.7;0.1;14.0;96.0;0.9587287532002541;3.19;0.62;0.6375838926174496;5;Medium;True;False
6.8;0.64;0.1;2.1;0.085;18.0;101.0;0.9582475119829064;3.34;0.52;0.6845637583892616;5;Medium;True;False
7.3;0.55;0.03;1.6;0.072;17.0;42.0;0.9582475119829064;3.37;0.48;0.6040268456375839;4;Low;True;False
6.8;0.63;0.07;2.1;0.089;11.0;44.0;0.9579587672524976;3.47;0.55;0.697986577181208;6;Medium;True;False
7.5;0.705;0.24;1.8;0.36;15.0;63.0;0.9590174979306627;3.0;1.59;0.6375838926174496;5;Medium;True;False
7.9;0.885;0.03;1.8;0.058;4.0;8.0;0.9597874838784192;3.36;0.33;0.610738255033557;4;Low;True;False
8.0;0.42;0.17;2.0;0.073;6.0;18.0;0.9597874838784192;3.29;0.61;0.6174496644295301;6;Medium;True;False
7.4;0.62;0.05;1.9;0.068;24.0;42.0;0.9587287532002541;3.42;0.57;0.7718120805369127;6;Medium;True;False
7.3;0.38;0.21;2.0;0.08;7.0;35.0;0.9587287532002541;3.33;0.47;0.6375838926174496;5;Medium;True;False
6.9;0.5;0.04;1.5;0.085;19.0;49.0;0.9584400084698455;3.35;0.78;0.6375838926174496;5;Medium;True;False
7.5;0.52;0.42;2.3;0.087;8.0;38.0;0.9597874838784192;3.58;0.61;0.7046979865771812;6;Medium;True;False
7.0;0.805;0.0;2.5;0.068;7.0;20.0;0.9594987391480105;3.48;0.56;0.6442953020134228;5;Medium;True;False
8.8;0.61;0.14;2.4;0.067;10.0;42.0;0.9594987391480105;3.19;0.59;0.6375838926174496;5;Medium;True;False
8.9;0.61;0.49;2.0;0.27;23.0;110.0;0.9597874838784192;3.12;1.02;0.6241610738255033;5;Medium;True;False
7.2;0.73;0.02;2.5;0.076;16.0;42.0;0.9597874838784192;3.44;0.52;0.6241610738255033;5;Medium;True;False
6.8;0.61;0.2;1.8;0.077;11.0;65.0;0.9596912356349496;3.54;0.58;0.6241610738255033;5;Medium;True;False
6.7;0.62;0.21;1.9;0.079;8.0;62.0;0.9595949873914801;3.52;0.58;0.6241610738255033;6;Medium;True;False
8.9;0.31;0.57;2.0;0.111;26.0;85.0;0.9596912356349496;3.26;0.53;0.6510067114093959;5;Medium;True;False
7.4;0.39;0.48;2.0;0.082;14.0;67.0;0.9597874838784192;3.34;0.55;0.6174496644295301;5;Medium;True;False
7.7;0.705;0.1;2.6;0.084;9.0;26.0;0.9601724768522975;3.39;0.49;0.6510067114093959;5;Medium;True;False
7.9;0.5;0.33;2.0;0.084;15.0;143.0;0.959402490904541;3.2;0.55;0.6375838926174496;5;Medium;True;False
7.9;0.49;0.32;1.9;0.082;17.0;144.0;0.959402490904541;3.2;0.55;0.6375838926174496;5;Medium;True;False
8.2;0.5;0.35;2.9;0.077;21.0;127.0;0.9601724768522975;3.23;0.62;0.6308724832214765;5;Medium;True;False
6.4;0.37;0.25;1.9;0.074;21.0;49.0;0.9599799803653583;3.57;0.62;0.6577181208053692;6;Medium;True;False
6.8;0.63;0.12;3.8;0.099;16.0;126.0;0.9594987391480105;3.28;0.61;0.6375838926174496;5;Medium;True;False
7.6;0.55;0.21;2.2;0.071;7.0;28.0;0.9590174979306627;3.28;0.55;0.6510067114093959;5;Medium;True;False
7.8;0.59;0.33;2.0;0.074;24.0;120.0;0.959402490904541;3.25;0.54;0.6308724832214765;5;Medium;True;False
7.3;0.58;0.3;2.4;0.074;15.0;55.0;0.959402490904541;3.46;0.59;0.6845637583892616;5;Medium;True;False
11.5;0.3;0.6;2.0;0.067;12.0;27.0;0.9606537180696452;3.11;0.97;0.6778523489932885;6;Medium;True;False
5.4;0.835;0.08;1.2;0.046;13.0;93.0;0.9551675681918804;3.57;0.85;0.87248322147651;7;High;True;False
6.9;1.09;0.06;2.1;0.061;12.0;31.0;0.9574775260351499;3.51;0.43;0.7651006711409396;4;Low;True;False
9.6;0.32;0.47;1.4;0.056;9.0;24.0;0.9595468632697454;3.22;0.82;0.6912751677852349;7;High;True;False
8.8;0.37;0.48;2.1;0.097;39.0;145.0;0.9600762286088279;3.04;1.03;0.6241610738255033;5;Medium;True;False
6.8;0.5;0.11;1.5;0.075;16.0;49.0;0.9581031396177019;3.36;0.79;0.6375838926174496;5;Medium;True;False
7.0;0.42;0.35;1.6;0.088;16.0;39.0;0.9587287532002541;3.34;0.55;0.6174496644295301;5;Medium;True;False
7.0;0.43;0.36;1.6;0.089;14.0;37.0;0.9587768773219888;3.34;0.56;0.6174496644295301;6;Medium;True;False
12.8;0.3;0.74;2.6;0.095;9.0;28.0;0.9619049452347495;3.2;0.77;0.7248322147651007;7;High;True;False
7.8;0.57;0.31;1.8;0.069;26.0;120.0;0.9588731255654583;3.29;0.53;0.6241610738255033;5;Medium;True;False
7.8;0.44;0.28;2.7;0.1;18.0;95.0;0.9592099944176019;3.22;0.67;0.6308724832214765;5;Medium;True;False
11.0;0.3;0.58;2.1;0.054;7.0;19.0;0.9605574698261756;3.31;0.88;0.7046979865771812;7;High;True;False
9.7;0.53;0.6;2.0;0.039;5.0;19.0;0.9584881325915802;3.3;0.86;0.8322147651006712;6;Medium;True;False
8.0;0.725;0.24;2.8;0.083;10.0;62.0;0.9594506150262758;3.35;0.56;0.6711409395973155;6;Medium;True;False
11.6;0.44;0.64;2.1;0.059;5.0;15.0;0.9605574698261756;3.21;0.67;0.6845637583892616;6;Medium;True;False
8.2;0.57;0.26;2.2;0.06;28.0;65.0;0.958536256713315;3.3;0.43;0.6778523489932885;5;Medium;True;False
7.8;0.735;0.08;2.4;0.092;10.0;41.0;0.9599799803653583;3.24;0.71;0.6577181208053692;6;Medium;True;False
7.0;0.49;0.49;5.6;0.06;26.0;121.0;0.9599799803653583;3.34;0.76;0.7046979865771812;5;Medium;True;False
8.7;0.625;0.16;2.0;0.101;13.0;49.0;0.9588250014437236;3.14;0.57;0.7382550335570469;5;Medium;True;False
8.1;0.725;0.22;2.2;0.072;11.0;41.0;0.9593062426610715;3.36;0.55;0.610738255033557;5;Medium;True;False
7.5;0.49;0.19;1.9;0.076;10.0;44.0;0.9583437602263759;3.39;0.54;0.6510067114093959;5;Medium;True;False
7.8;0.53;0.33;2.4;0.08;24.0;144.0;0.9591618702958671;3.3;0.6;0.6375838926174496;5;Medium;True;False
7.8;0.34;0.37;2.0;0.082;24.0;58.0;0.9590174979306627;3.34;0.59;0.6308724832214765;6;Medium;True;False
7.4;0.53;0.26;2.0;0.101;16.0;72.0;0.9583437602263759;3.15;0.57;0.6308724832214765;5;Medium;True;False
6.8;0.61;0.04;1.5;0.057;5.0;10.0;0.9579106431307628;3.42;0.6;0.6375838926174496;5;Medium;True;False
8.6;0.645;0.25;2.0;0.083;8.0;28.0;0.96070184219138;3.28;0.6;0.6711409395973155;6;Medium;True;False
8.4;0.635;0.36;2.0;0.089;15.0;55.0;0.9600281044870931;3.31;0.57;0.697986577181208;4;Low;True;False
7.7;0.43;0.25;2.6;0.073;29.0;63.0;0.9587768773219888;3.37;0.58;0.7046979865771812;6;Medium;True;False
8.9;0.59;0.5;2.0;0.337;27.0;81.0;0.9590174979306627;3.04;1.61;0.6375838926174496;6;Medium;True;False
9.0;0.82;0.14;2.6;0.089;9.0;23.0;0.9609424628000538;3.39;0.63;0.6577181208053692;5;Medium;True;False
6.9;0.52;0.25;2.6;0.081;10.0;37.0;0.9594506150262758;3.46;0.5;0.7382550335570469;5;Medium;True;False
5.2;0.48;0.04;1.6;0.054;19.0;106.0;0.9554563129222892;3.54;0.62;0.8187919463087248;7;High;True;False
8.0;0.38;0.06;1.8;0.078;12.0;49.0;0.9588731255654583;3.37;0.52;0.6644295302013423;6;Medium;True;False
8.5;0.37;0.2;2.8;0.09;18.0;58.0;0.9605574698261756;3.34;0.7;0.6442953020134228;6;Medium;True;False
8.2;1.0;0.09;2.3;0.065;7.0;37.0;0.9594506150262758;3.32;0.55;0.6040268456375839;6;Medium;True;False
7.2;0.63;0.0;1.9;0.097;14.0;38.0;0.9593543667828063;3.37;0.58;0.6040268456375839;6;Medium;True;False
7.2;0.645;0.0;1.9;0.097;15.0;39.0;0.9593543667828063;3.37;0.58;0.6174496644295301;6;Medium;True;False
8.9;0.635;0.37;1.7;0.263;5.0;62.0;0.9596912356349496;3.0;1.09;0.6241610738255033;5;Medium;True;False
12.0;0.38;0.56;2.1;0.093;6.0;24.0;0.9617605728695451;3.14;0.71;0.7315436241610739;6;Medium;True;False
7.7;0.58;0.1;1.8;0.102;28.0;109.0;0.9582956361046411;3.08;0.49;0.6577181208053692;6;Medium;True;False
15.0;0.21;0.44;2.2;0.075;10.0;24.0;0.9625305588173017;3.07;0.84;0.6174496644295301;7;High;True;False
7.3;0.66;0.0;2.0;0.084;6.0;23.0;0.9608462145565843;3.61;0.96;0.6644295302013423;6;Medium;True;False
7.1;0.68;0.07;1.9;0.075;16.0;51.0;0.9594506150262758;3.38;0.52;0.6375838926174496;5;Medium;True;False
8.2;0.6;0.17;2.3;0.072;11.0;73.0;0.9589212496871932;3.2;0.45;0.6241610738255033;5;Medium;True;False
7.7;0.53;0.06;1.7;0.074;9.0;39.0;0.9587768773219888;3.35;0.48;0.6577181208053692;6;Medium;True;False
10.8;0.32;0.44;1.6;0.063;16.0;37.0;0.9610387110435235;3.22;0.78;0.6711409395973155;6;Medium;True;False
7.1;0.6;0.0;1.8;0.074;16.0;34.0;0.9597874838784192;3.47;0.7;0.6644295302013423;6;Medium;True;False
11.1;0.35;0.48;3.1;0.09;5.0;21.0;0.961134959286993;3.17;0.53;0.7046979865771812;5;Medium;True;False
7.7;0.775;0.42;1.9;0.092;8.0;86.0;0.958536256713315;3.23;0.59;0.6375838926174496;5;Medium;True;False
8.0;0.57;0.23;3.2;0.073;17.0;119.0;0.9593543667828063;3.26;0.57;0.6241610738255033;5;Medium;True;False
9.4;0.34;0.37;2.2;0.075;5.0;13.0;0.9605574698261756;3.22;0.62;0.6174496644295301;5;Medium;True;False
6.6;0.695;0.0;2.1;0.075;12.0;56.0;0.959402490904541;3.49;0.67;0.6174496644295301;5;Medium;True;False
7.7;0.41;0.76;1.8;0.611;8.0;45.0;0.959402490904541;3.06;1.26;0.6308724832214765;5;Medium;True;False
10.0;0.31;0.47;2.6;0.085;14.0;33.0;0.9621455658434234;3.36;0.8;0.7046979865771812;7;High;True;False
7.9;0.33;0.23;1.7;0.077;18.0;45.0;0.9588731255654583;3.29;0.65;0.6241610738255033;5;Medium;True;False
7.0;0.975;0.04;2.0;0.087;12.0;67.0;0.9582956361046411;3.35;0.6;0.6308724832214765;4;Low;True;False
8.0;0.52;0.03;1.7;0.07;10.0;35.0;0.9583918843481106;3.34;0.57;0.6711409395973155;5;Medium;True;False
7.9;0.37;0.23;1.8;0.077;23.0;49.0;0.9589212496871932;3.28;0.67;0.6241610738255033;5;Medium;True;False
12.5;0.56;0.49;2.4;0.064;5.0;27.0;0.9623861864520973;3.08;0.87;0.7315436241610739;5;Medium;True;False
11.8;0.26;0.52;1.8;0.071;6.0;10.0;0.959402490904541;3.2;0.72;0.6845637583892616;7;High;True;False
8.1;0.87;0.0;3.3;0.096;26.0;61.0;0.9627230553042407;3.6;0.72;0.6577181208053692;4;Low;True;False
7.9;0.35;0.46;3.6;0.078;15.0;37.0;0.9598837321218887;3.35;0.86;0.8590604026845637;8;High;True;False
6.9;0.54;0.04;3.0;0.077;7.0;27.0;0.9612312075304625;3.69;0.91;0.6308724832214765;6;Medium;True;False
11.5;0.18;0.51;4.0;0.104;4.0;23.0;0.9620974417216887;3.28;0.97;0.6778523489932885;6;Medium;True;False
7.9;0.545;0.06;4.0;0.087;27.0;61.0;0.9591137461741324;3.36;0.67;0.7181208053691275;6;Medium;True;False
10.9;0.37;0.58;4.0;0.071;17.0;65.0;0.9618568211130146;3.22;0.78;0.6778523489932885;5;Medium;True;False
8.4;0.715;0.2;2.4;0.076;10.0;38.0;0.9599318562436235;3.31;0.64;0.6308724832214765;5;Medium;True;False
7.5;0.65;0.18;7.0;0.088;27.0;94.0;0.9616643246260755;3.38;0.77;0.6308724832214765;5;Medium;True;False
10.3;0.32;0.45;6.4;0.073;5.0;13.0;0.9601724768522975;3.23;0.82;0.8456375838926175;8;High;True;False
8.9;0.4;0.32;5.6;0.087;10.0;47.0;0.9616162005043408;3.38;0.77;0.7046979865771812;7;High;True;False
11.4;0.26;0.44;3.6;0.071;6.0;19.0;0.961134959286993;3.12;0.82;0.6241610738255033;6;Medium;True;False
7.7;0.27;0.68;3.5;0.358;5.0;10.0;0.9597874838784192;3.25;1.08;0.6644295302013423;7;High;True;False
7.6;0.52;0.12;3.0;0.067;12.0;53.0;0.9596912356349496;3.36;0.57;0.610738255033557;5;Medium;True;False
9.9;0.59;0.07;3.4;0.102;32.0;71.0;0.9626268070607712;3.31;0.71;0.6577181208053692;5;Medium;True;False
12.0;0.45;0.55;2.0;0.073;25.0;49.0;0.9621936899651582;3.1;0.76;0.6912751677852349;6;Medium;True;False
7.5;0.4;0.12;3.0;0.092;29.0;53.0;0.9593062426610715;3.37;0.7;0.6912751677852349;6;Medium;True;False
8.7;0.52;0.09;2.5;0.091;20.0;49.0;0.9601724768522975;3.34;0.86;0.7114093959731543;7;High;True;False
11.6;0.42;0.53;3.3;0.105;33.0;98.0;0.9634449171302623;3.2;0.95;0.6174496644295301;5;Medium;True;False
11.0;0.2;0.48;2.0;0.343;6.0;18.0;0.9604612215827061;3.3;0.71;0.7046979865771812;5;Medium;True;False
10.4;0.55;0.23;2.7;0.091;18.0;48.0;0.9619049452347495;3.22;0.64;0.6912751677852349;6;Medium;True;False
6.9;0.36;0.25;2.4;0.098;5.0;16.0;0.9590174979306627;3.41;0.6;0.6778523489932885;6;Medium;True;False
13.3;0.34;0.52;3.2;0.094;17.0;53.0;0.9638299101041407;3.05;0.81;0.6375838926174496;6;Medium;True;False
10.8;0.5;0.46;2.5;0.073;5.0;27.0;0.9625786829390364;3.05;0.64;0.6375838926174496;5;Medium;True;False
10.6;0.83;0.37;2.6;0.086;26.0;70.0;0.9606537180696452;3.16;0.52;0.6644295302013423;5;Medium;True;False
7.1;0.63;0.06;2.0;0.083;8.0;29.0;0.9610868351652583;3.67;0.73;0.6442953020134228;5;Medium;True;False
7.2;0.65;0.02;2.3;0.094;5.0;31.0;0.9618086969912799;3.67;0.8;0.6510067114093959;5;Medium;True;False
6.9;0.67;0.06;2.1;0.08;8.0;33.0;0.9609905869217886;3.68;0.71;0.6442953020134228;5;Medium;True;False
7.5;0.53;0.06;2.6;0.086;20.0;44.0;0.9591137461741324;3.38;0.59;0.7181208053691275;6;Medium;True;False
11.1;0.18;0.48;1.5;0.068;7.0;15.0;0.9598837321218887;3.22;0.64;0.6778523489932885;6;Medium;True;False
8.3;0.705;0.12;2.6;0.092;12.0;28.0;0.9619049452347495;3.51;0.72;0.6711409395973155;5;Medium;True;False
7.4;0.67;0.12;1.6;0.186;5.0;21.0;0.9586325049567845;3.39;0.54;0.6375838926174496;5;Medium;True;False
8.4;0.65;0.6;2.1;0.112;12.0;90.0;0.9598837321218887;3.2;0.52;0.6174496644295301;5;Medium;True;False
10.3;0.53;0.48;2.5;0.063;6.0;25.0;0.9622899382086277;3.12;0.59;0.6241610738255033;6;Medium;True;False
7.6;0.62;0.32;2.2;0.082;7.0;54.0;0.9592099944176019;3.36;0.52;0.6308724832214765;5;Medium;True;False
10.3;0.41;0.42;2.4;0.213;6.0;14.0;0.9619049452347495;3.19;0.62;0.6375838926174496;6;Medium;True;False
10.3;0.43;0.44;2.4;0.214;5.0;12.0;0.9619049452347495;3.19;0.63;0.6375838926174496;6;Medium;True;False
7.4;0.29;0.38;1.7;0.062;9.0;30.0;0.959402490904541;3.41;0.53;0.6375838926174496;6;Medium;True;False
7.9;0.53;0.24;2.0;0.072;15.0;105.0;0.9586325049567845;3.27;0.54;0.6308724832214765;6;Medium;True;False
9.0;0.46;0.31;2.8;0.093;19.0;98.0;0.96070184219138;3.32;0.63;0.6375838926174496;6;Medium;True;False
8.6;0.47;0.3;3.0;0.076;30.0;135.0;0.9601724768522975;3.3;0.53;0.6308724832214765;5;Medium;True;False
7.4;0.36;0.29;2.6;0.087;26.0;72.0;0.9590656220523974;3.39;0.68;0.7382550335570469;5;Medium;True;False
7.1;0.35;0.29;2.5;0.096;20.0;53.0;0.9588250014437236;3.42;0.65;0.7382550335570469;6;Medium;True;False
9.6;0.56;0.23;3.4;0.102;37.0;92.0;0.9620974417216887;3.3;0.65;0.6778523489932885;5;Medium;True;False
9.6;0.77;0.12;2.9;0.082;30.0;74.0;0.9611830834087278;3.3;0.64;0.697986577181208;6;Medium;True;False
9.8;0.66;0.39;3.2;0.083;21.0;59.0;0.9614237040174016;3.37;0.71;0.7718120805369127;7;High;True;False
9.3;0.61;0.26;3.4;0.09;25.0;87.0;0.9622418140868929;3.24;0.62;0.6510067114093959;5;Medium;True;False
7.8;0.62;0.05;2.3;0.079;6.0;18.0;0.9599318562436235;3.29;0.63;0.6241610738255033;5;Medium;True;False
10.3;0.59;0.42;2.8;0.09;35.0;73.0;0.9615199522608713;3.28;0.7;0.6375838926174496;6;Medium;True;False
10.0;0.49;0.2;11.0;0.071;13.0;50.0;0.9639261583476102;3.16;0.69;0.6174496644295301;6;Medium;True;False
11.6;0.53;0.66;3.65;0.121;6.0;14.0;0.9603649733392365;3.05;0.74;0.7718120805369127;7;High;True;False
10.3;0.44;0.5;4.5;0.107;5.0;13.0;0.9605574698261756;3.28;0.83;0.7718120805369127;5;Medium;True;False
13.4;0.27;0.62;2.6;0.082;6.0;21.0;0.9626749311825059;3.16;0.67;0.6510067114093959;6;Medium;True;False
10.7;0.46;0.39;2.0;0.061;7.0;15.0;0.9606537180696452;3.18;0.62;0.6375838926174496;5;Medium;True;False
10.2;0.36;0.64;2.9;0.122;10.0;41.0;0.9605574698261756;3.23;0.66;0.8389261744966443;6;Medium;True;False
8.0;0.58;0.28;3.2;0.066;21.0;114.0;0.9598837321218887;3.22;0.54;0.6308724832214765;6;Medium;True;False
8.4;0.56;0.08;2.1;0.105;16.0;44.0;0.9584400084698455;3.13;0.52;0.7382550335570469;5;Medium;True;False
7.9;0.65;0.01;2.5;0.078;17.0;38.0;0.9589212496871932;3.34;0.74;0.785234899328859;7;High;True;False
11.9;0.695;0.53;3.4;0.128;7.0;21.0;0.9617124487478104;3.17;0.84;0.8187919463087248;7;High;True;False
8.9;0.43;0.45;1.9;0.052;6.0;16.0;0.9574775260351499;3.35;0.7;0.8389261744966443;6;Medium;True;False
7.8;0.43;0.32;2.8;0.08;29.0;58.0;0.9599799803653583;3.31;0.64;0.6912751677852349;5;Medium;True;False
12.4;0.49;0.58;3.0;0.103;28.0;99.0;0.9632524206433232;3.16;1.0;0.7718120805369127;6;Medium;True;False
12.5;0.28;0.54;2.3;0.082;12.0;29.0;0.9621936899651582;3.11;1.36;0.6577181208053692;7;High;True;False
12.2;0.34;0.5;2.4;0.066;10.0;21.0;0.9624824346955668;3.12;1.18;0.6174496644295301;6;Medium;True;False
10.6;0.42;0.48;2.7;0.065;5.0;18.0;0.9597874838784192;3.21;0.87;0.7583892617449665;6;Medium;True;False
10.9;0.39;0.47;1.8;0.118;6.0;14.0;0.9607499663131147;3.3;0.75;0.6577181208053692;6;Medium;True;False
11.9;0.57;0.5;2.6;0.082;6.0;32.0;0.9630599241563841;3.12;0.78;0.7181208053691275;6;Medium;True;False
7.0;0.685;0.0;1.9;0.067;40.0;63.0;0.9604612215827061;3.6;0.81;0.6644295302013423;5;Medium;True;False
6.6;0.815;0.02;2.7;0.072;17.0;34.0;0.9581512637394368;3.58;0.89;0.825503355704698;7;High;True;False
13.8;0.49;0.67;3.0;0.093;6.0;15.0;0.961134959286993;3.02;0.93;0.8053691275167785;6;Medium;True;False
9.6;0.56;0.31;2.8;0.089;15.0;46.0;0.9604612215827061;3.11;0.92;0.6711409395973155;6;Medium;True;False
9.1;0.785;0.0;2.6;0.093;11.0;28.0;0.9619049452347495;3.36;0.86;0.6308724832214765;6;Medium;True;False
10.7;0.67;0.22;2.7;0.107;17.0;34.0;0.962867427669445;3.28;0.98;0.6644295302013423;6;Medium;True;False
9.1;0.795;0.0;2.6;0.096;11.0;26.0;0.9619049452347495;3.35;0.83;0.6308724832214765;6;Medium;True;False
7.7;0.665;0.0;2.4;0.09;8.0;19.0;0.9599799803653583;3.27;0.73;0.6241610738255033;5;Medium;True;False
13.5;0.53;0.79;4.8;0.12;23.0;77.0;0.9642149030780188;3.18;0.77;0.87248322147651;5;Medium;True;False
6.1;0.21;0.4;1.4;0.066;40.5;165.0;0.9540125892702458;3.25;0.59;0.7986577181208053;6;Medium;True;False
6.7;0.75;0.01;2.4;0.078;17.0;32.0;0.9581512637394368;3.55;0.61;0.8590604026845637;6;Medium;True;False
11.5;0.41;0.52;3.0;0.08;29.0;55.0;0.9625786829390364;3.26;0.88;0.7382550335570469;5;Medium;True;False
10.5;0.42;0.66;2.95;0.116;12.0;29.0;0.9595949873914801;3.24;0.75;0.785234899328859;7;High;True;False
11.9;0.43;0.66;3.1;0.109;10.0;23.0;0.9624824346955668;3.15;0.85;0.697986577181208;7;High;True;False
12.6;0.38;0.66;2.6;0.088;10.0;41.0;0.9634449171302623;3.17;0.68;0.6577181208053692;6;Medium;True;False
8.2;0.7;0.23;2.0;0.099;14.0;81.0;0.9598837321218887;3.19;0.7;0.6308724832214765;5;Medium;True;False
8.6;0.45;0.31;2.6;0.086;21.0;50.0;0.9607499663131147;3.37;0.91;0.6644295302013423;6;Medium;True;False
11.9;0.58;0.66;2.5;0.072;6.0;37.0;0.9617124487478104;3.05;0.56;0.6711409395973155;5;Medium;True;False
12.5;0.46;0.63;2.0;0.071;6.0;15.0;0.9613274557739321;2.99;0.87;0.6845637583892616;5;Medium;True;False
12.8;0.615;0.66;5.8;0.083;7.0;42.0;0.964599896051897;3.07;0.73;0.6711409395973155;7;High;True;False
10.0;0.42;0.5;3.4;0.107;7.0;21.0;0.9604612215827061;3.26;0.93;0.7919463087248323;6;Medium;True;False
10.4;0.575;0.61;2.6;0.076;11.0;24.0;0.9624824346955668;3.16;0.69;0.6040268456375839;5;Medium;True;False
10.3;0.34;0.52;2.8;0.159;15.0;75.0;0.9622899382086277;3.18;0.64;0.6308724832214765;5;Medium;True;False
9.4;0.27;0.53;2.4;0.074;6.0;18.0;0.9588250014437236;3.2;1.13;0.8053691275167785;7;High;True;False
6.9;0.765;0.02;2.3;0.063;35.0;63.0;0.9600762286088279;3.57;0.78;0.6644295302013423;5;Medium;True;False
7.9;0.24;0.4;1.6;0.056;11.0;25.0;0.9593062426610715;3.32;0.87;0.5838926174496644;6;Medium;True;False
9.1;0.28;0.48;1.8;0.067;26.0;46.0;0.9593062426610715;3.32;1.04;0.7114093959731543;6;Medium;True;False
7.4;0.55;0.22;2.2;0.106;12.0;72.0;0.958536256713315;3.05;0.63;0.6174496644295301;5;Medium;True;False
14.0;0.41;0.63;3.8;0.089;6.0;47.0;0.9638299101041407;3.01;0.81;0.7248322147651007;6;Medium;True;False
11.5;0.54;0.71;4.4;0.124;6.0;15.0;0.9609424628000538;3.01;0.83;0.7919463087248323;7;High;True;False
11.5;0.45;0.5;3.0;0.078;19.0;47.0;0.9627711794259755;3.26;1.11;0.7382550335570469;6;Medium;True;False
11.4;0.625;0.66;6.2;0.088;6.0;24.0;0.9613274557739321;3.11;0.99;0.8926174496644296;6;Medium;True;False
8.3;0.42;0.38;2.5;0.094;24.0;60.0;0.9604612215827061;3.31;0.7;0.7248322147651007;6;Medium;True;False
8.3;0.26;0.42;2.0;0.08;11.0;27.0;0.9599799803653583;3.21;0.8;0.6308724832214765;6;Medium;True;False
13.7;0.415;0.68;2.9;0.085;17.0;43.0;0.9638299101041407;3.06;0.8;0.6711409395973155;6;Medium;True;False
7.7;0.51;0.28;2.1;0.087;23.0;54.0;0.9605574698261756;3.42;0.74;0.6174496644295301;5;Medium;True;False
7.4;0.63;0.07;2.4;0.09;11.0;37.0;0.9604612215827061;3.43;0.76;0.6510067114093959;6;Medium;True;False
7.8;0.54;0.26;2.0;0.088;23.0;48.0;0.9606537180696452;3.41;0.74;0.6174496644295301;6;Medium;True;False
8.3;0.66;0.15;1.9;0.079;17.0;42.0;0.9597874838784192;3.31;0.54;0.6442953020134228;6;Medium;True;False
7.8;0.46;0.26;1.9;0.088;23.0;53.0;0.9606537180696452;3.43;0.74;0.6174496644295301;6;Medium;True;False
9.6;0.38;0.31;2.5;0.096;16.0;49.0;0.9607499663131147;3.19;0.7;0.6711409395973155;7;High;True;False
5.6;0.85;0.05;1.4;0.045;12.0;88.0;0.9551675681918804;3.56;0.82;0.8657718120805369;8;High;True;False
9.5;0.37;0.52;2.0;0.082;6.0;26.0;0.9605574698261756;3.18;0.51;0.6375838926174496;5;Medium;True;False
8.4;0.665;0.61;2.0;0.112;13.0;95.0;0.9595949873914801;3.16;0.54;0.610738255033557;5;Medium;True;False
12.7;0.6;0.65;2.3;0.063;6.0;25.0;0.9621936899651582;3.03;0.57;0.6644295302013423;5;Medium;True;False
12.0;0.37;0.76;4.2;0.066;7.0;38.0;0.962867427669445;3.22;0.6;0.87248322147651;7;High;True;False
6.6;0.735;0.02;7.9;0.122;68.0;124.0;0.9619049452347495;3.47;0.53;0.6644295302013423;5;Medium;True;False
11.5;0.59;0.59;2.6;0.087;13.0;49.0;0.9613274557739321;3.18;0.65;0.7382550335570469;6;Medium;True;False
8.7;0.765;0.22;2.3;0.064;9.0;42.0;0.9589212496871932;3.1;0.55;0.6308724832214765;5;Medium;True;False
7.7;0.26;0.3;1.7;0.059;20.0;38.0;0.9575737742786194;3.29;0.47;0.7248322147651007;6;Medium;True;False
12.2;0.48;0.54;2.6;0.085;19.0;64.0;0.9624824346955668;3.1;0.61;0.7046979865771812;6;Medium;True;False
11.4;0.6;0.49;2.7;0.085;10.0;41.0;0.9619049452347495;3.15;0.63;0.7046979865771812;6;Medium;True;False
7.7;0.69;0.05;2.7;0.075;15.0;27.0;0.9599799803653583;3.26;0.61;0.610738255033557;5;Medium;True;False
8.7;0.31;0.46;1.4;0.059;11.0;25.0;0.9592099944176019;3.36;0.76;0.6778523489932885;6;Medium;True;False
9.8;0.44;0.47;2.5;0.063;9.0;28.0;0.9606537180696452;3.24;0.65;0.7248322147651007;6;Medium;True;False
12.0;0.39;0.66;3.0;0.093;12.0;30.0;0.9620974417216887;3.18;0.63;0.7248322147651007;7;High;True;False
10.4;0.34;0.58;3.7;0.174;6.0;16.0;0.9595949873914801;3.19;0.7;0.7583892617449665;6;Medium;True;False
12.5;0.46;0.49;4.5;0.07;26.0;49.0;0.9606537180696452;3.05;0.57;0.6442953020134228;4;Low;True;False
9.0;0.43;0.34;2.5;0.08;26.0;86.0;0.9612312075304625;3.38;0.62;0.6375838926174496;6;Medium;True;False
9.1;0.45;0.35;2.4;0.08;23.0;78.0;0.9612312075304625;3.38;0.62;0.6375838926174496;5;Medium;True;False
7.1;0.735;0.16;1.9;0.1;15.0;77.0;0.9592099944176019;3.27;0.64;0.6241610738255033;5;Medium;True;False
9.9;0.4;0.53;6.7;0.097;6.0;19.0;0.961134959286993;3.27;0.82;0.785234899328859;7;High;True;False
8.8;0.52;0.34;2.7;0.087;24.0;122.0;0.9607499663131147;3.26;0.61;0.6375838926174496;5;Medium;True;False
8.6;0.725;0.24;6.6;0.117;31.0;134.0;0.9638299101041407;3.32;1.07;0.6241610738255033;5;Medium;True;False
10.6;0.48;0.64;2.2;0.111;6.0;20.0;0.9595949873914801;3.26;0.66;0.785234899328859;6;Medium;True;False
7.0;0.58;0.12;1.9;0.091;34.0;124.0;0.9582475119829064;3.44;0.48;0.7046979865771812;5;Medium;True;False
11.9;0.38;0.51;2.0;0.121;7.0;20.0;0.9620974417216887;3.24;0.76;0.697986577181208;6;Medium;True;False
6.8;0.77;0.0;1.8;0.066;34.0;52.0;0.9601724768522975;3.62;0.68;0.6644295302013423;5;Medium;True;False
9.5;0.56;0.33;2.4;0.089;35.0;67.0;0.9597874838784192;3.28;0.73;0.7919463087248323;7;High;True;False
6.6;0.84;0.03;2.3;0.059;32.0;48.0;0.9578625190090281;3.52;0.56;0.825503355704698;7;High;True;False
7.7;0.96;0.2;2.0;0.047;15.0;60.0;0.9581512637394368;3.36;0.44;0.7315436241610739;5;Medium;True;False
10.5;0.24;0.47;2.1;0.066;6.0;24.0;0.9603649733392365;3.15;0.9;0.7382550335570469;7;High;True;False
6.4;0.67;0.08;2.1;0.045;19.0;48.0;0.9575737742786194;3.49;0.49;0.7651006711409396;6;Medium;True;False
9.5;0.78;0.22;1.9;0.077;6.0;32.0;0.9613274557739321;3.26;0.56;0.7114093959731543;6;Medium;True;False
9.1;0.52;0.33;1.3;0.07;9.0;30.0;0.9603649733392365;3.24;0.6;0.6241610738255033;5;Medium;True;False
12.8;0.84;0.63;2.4;0.088;13.0;35.0;0.9621936899651582;3.1;0.6;0.697986577181208;6;Medium;True;False
7.8;0.55;0.35;2.2;0.074;21.0;66.0;0.9599799803653583;3.25;0.56;0.6174496644295301;5;Medium;True;False
11.9;0.37;0.69;2.3;0.078;12.0;24.0;0.9584400084698455;3.0;0.65;0.8590604026845637;6;Medium;True;False
12.3;0.39;0.63;2.3;0.091;6.0;18.0;0.962867427669445;3.16;0.49;0.6375838926174496;5;Medium;True;False
10.4;0.41;0.55;3.2;0.076;22.0;54.0;0.9620974417216887;3.15;0.89;0.6644295302013423;6;Medium;True;False
8.0;0.67;0.3;2.0;0.06;38.0;62.0;0.9584400084698455;3.26;0.56;0.6845637583892616;6;Medium;True;False
11.1;0.45;0.73;3.2;0.066;6.0;22.0;0.961134959286993;3.17;0.66;0.7516778523489932;6;Medium;True;False
7.0;0.62;0.18;1.5;0.062;7.0;50.0;0.9577662707655585;3.08;0.6;0.6241610738255033;5;Medium;True;False
12.6;0.31;0.72;2.2;0.072;6.0;29.0;0.9612312075304625;2.88;0.82;0.6577181208053692;8;High;True;False
11.9;0.4;0.65;2.15;0.068;7.0;27.0;0.9613274557739321;3.06;0.68;0.7583892617449665;6;Medium;True;False
15.6;0.685;0.76;3.7;0.1;6.0;43.0;0.9655623784865927;2.95;0.68;0.7516778523489932;7;High;True;False
10.0;0.44;0.49;2.7;0.077;11.0;19.0;0.9589212496871932;3.23;0.63;0.7785234899328859;7;High;True;False
5.3;0.57;0.01;1.7;0.054;5.0;27.0;0.956130050626576;3.57;0.84;0.8389261744966443;7;High;True;False
9.5;0.735;0.1;2.1;0.079;6.0;31.0;0.961134959286993;3.23;0.56;0.6778523489932885;6;Medium;True;False
12.5;0.38;0.6;2.6;0.081;31.0;72.0;0.9620974417216887;3.1;0.73;0.7046979865771812;5;Medium;True;False
9.3;0.48;0.29;2.1;0.127;6.0;16.0;0.959402490904541;3.22;0.72;0.7516778523489932;5;Medium;True;False
8.6;0.53;0.22;2.0;0.1;7.0;27.0;0.9593062426610715;3.2;0.56;0.6845637583892616;6;Medium;True;False
11.9;0.39;0.69;2.8;0.095;17.0;35.0;0.9619049452347495;3.1;0.61;0.7248322147651007;6;Medium;True;False
8.4;0.37;0.53;1.8;0.413;9.0;26.0;0.9604612215827061;3.06;1.06;0.610738255033557;6;Medium;True;False
6.8;0.56;0.03;1.7;0.084;18.0;35.0;0.959402490904541;3.44;0.63;0.6711409395973155;6;Medium;True;False
10.4;0.33;0.63;2.8;0.084;5.0;22.0;0.9622899382086277;3.26;0.74;0.7516778523489932;7;High;True;False
7.0;0.23;0.4;1.6;0.063;21.0;67.0;0.9578625190090281;3.5;0.63;0.7449664429530201;5;Medium;True;False
11.3;0.62;0.67;5.2;0.086;6.0;19.0;0.9613274557739321;3.22;0.69;0.8993288590604027;8;High;True;False
8.9;0.59;0.39;2.3;0.095;5.0;22.0;0.961134959286993;3.37;0.58;0.6912751677852349;5;Medium;True;False
9.2;0.63;0.21;2.7;0.097;29.0;65.0;0.9613274557739321;3.28;0.58;0.6442953020134228;5;Medium;True;False
11.6;0.58;0.66;2.2;0.074;10.0;47.0;0.9632524206433232;3.25;0.57;0.6040268456375839;3;Low;True;False
9.2;0.43;0.52;2.3;0.083;14.0;23.0;0.9601724768522975;3.35;0.61;0.7583892617449665;6;Medium;True;False
8.3;0.615;0.22;2.6;0.087;6.0;19.0;0.9607499663131147;3.26;0.61;0.6241610738255033;5;Medium;True;False
11.0;0.26;0.68;2.55;0.085;10.0;25.0;0.9595949873914801;3.18;0.61;0.7919463087248323;5;Medium;True;False
8.1;0.66;0.7;2.2;0.098;25.0;129.0;0.9597874838784192;3.08;0.53;0.6040268456375839;5;Medium;True;False
11.5;0.315;0.54;2.1;0.084;5.0;15.0;0.9612312075304625;2.98;0.7;0.6174496644295301;6;Medium;True;False
10.0;0.29;0.4;2.9;0.098;10.0;26.0;0.9630599241563841;3.48;0.91;0.6510067114093959;5;Medium;True;False
10.3;0.5;0.42;2.0;0.069;21.0;51.0;0.9607499663131147;3.16;0.72;0.7718120805369127;6;Medium;True;False
8.8;0.46;0.45;2.6;0.065;7.0;18.0;0.9573812777916804;3.32;0.79;0.9395973154362416;6;Medium;True;False
11.4;0.36;0.69;2.1;0.09;6.0;21.0;0.9624824346955668;3.17;0.62;0.6174496644295301;6;Medium;True;False
8.7;0.82;0.02;1.2;0.07;36.0;48.0;0.9578625190090281;3.2;0.58;0.6577181208053692;5;Medium;True;False
13.0;0.32;0.65;2.6;0.093;15.0;47.0;0.9620974417216887;3.05;0.61;0.7114093959731543;5;Medium;True;False
9.6;0.54;0.42;2.4;0.081;25.0;52.0;0.9595949873914801;3.2;0.71;0.7651006711409396;6;Medium;True;False
12.5;0.37;0.55;2.6;0.083;25.0;68.0;0.9620011934782191;3.15;0.82;0.697986577181208;6;Medium;True;False
9.9;0.35;0.55;2.1;0.062;5.0;14.0;0.9596912356349496;3.26;0.79;0.7114093959731543;5;Medium;True;False
10.5;0.28;0.51;1.7;0.08;10.0;24.0;0.9607499663131147;3.2;0.89;0.6308724832214765;6;Medium;True;False
9.6;0.68;0.24;2.2;0.087;5.0;28.0;0.9613274557739321;3.14;0.6;0.6845637583892616;5;Medium;True;False
9.3;0.27;0.41;2.0;0.091;6.0;16.0;0.9605574698261756;3.28;0.7;0.6510067114093959;5;Medium;True;False
10.4;0.24;0.49;1.8;0.075;6.0;20.0;0.960268725095767;3.18;1.06;0.7382550335570469;6;Medium;True;False
9.4;0.685;0.11;2.7;0.077;6.0;31.0;0.9609424628000538;3.19;0.7;0.6778523489932885;6;Medium;True;False
10.6;0.28;0.39;15.5;0.069;6.0;23.0;0.9649848890257752;3.12;0.66;0.6174496644295301;5;Medium;True;False
9.4;0.3;0.56;2.8;0.08;6.0;17.0;0.9590174979306627;3.15;0.92;0.785234899328859;8;High;True;False
10.6;0.36;0.59;2.2;0.152;6.0;18.0;0.961134959286993;3.04;1.05;0.6308724832214765;5;Medium;True;False
10.6;0.36;0.6;2.2;0.152;7.0;18.0;0.961134959286993;3.04;1.06;0.6308724832214765;5;Medium;True;False
10.6;0.44;0.68;4.1;0.114;6.0;24.0;0.9595949873914801;3.06;0.66;0.8993288590604027;6;Medium;True;False
10.2;0.67;0.39;1.9;0.054;6.0;17.0;0.9601724768522975;3.17;0.47;0.6711409395973155;5;Medium;True;False
10.2;0.645;0.36;1.8;0.053;5.0;14.0;0.9607499663131147;3.17;0.42;0.6711409395973155;6;Medium;True;False
11.6;0.32;0.55;2.8;0.081;35.0;67.0;0.9626749311825059;3.32;0.92;0.7248322147651007;7;High;True;False
9.3;0.39;0.4;2.6;0.073;10.0;26.0;0.9609424628000538;3.34;0.75;0.6845637583892616;6;Medium;True;False
9.3;0.775;0.27;2.8;0.078;24.0;56.0;0.9609424628000538;3.31;0.67;0.7114093959731543;6;Medium;True;False
9.2;0.41;0.5;2.5;0.055;12.0;25.0;0.9578625190090281;3.34;0.79;0.8926174496644296;7;High;True;False
8.9;0.4;0.51;2.6;0.052;13.0;27.0;0.957670022522089;3.32;0.9;0.8993288590604027;7;High;True;False
8.7;0.69;0.31;3.0;0.086;23.0;81.0;0.9626749311825059;3.48;0.74;0.7785234899328859;6;Medium;True;False
6.5;0.39;0.23;8.3;0.051;28.0;91.0;0.9578625190090281;3.44;0.55;0.8120805369127516;6;Medium;True;False
10.7;0.35;0.53;2.6;0.07;5.0;16.0;0.9597874838784192;3.15;0.65;0.7382550335570469;8;High;True;False
7.8;0.52;0.25;1.9;0.081;14.0;38.0;0.9609424628000538;3.43;0.65;0.6040268456375839;6;Medium;True;False
7.2;0.34;0.32;2.5;0.09;43.0;113.0;0.9592099944176019;3.32;0.79;0.7449664429530201;5;Medium;True;False
10.4;0.44;0.73;6.55;0.074;38.0;76.0;0.9615199522608713;3.17;0.85;0.8053691275167785;7;High;True;False
10.5;0.26;0.47;1.9;0.078;6.0;24.0;0.9601724768522975;3.18;1.04;0.7315436241610739;7;High;True;False
10.5;0.24;0.42;1.8;0.077;6.0;22.0;0.9601724768522975;3.21;1.05;0.7248322147651007;7;High;True;False
10.2;0.49;0.63;2.9;0.072;10.0;26.0;0.959402490904541;3.16;0.78;0.8389261744966443;7;High;True;False
10.4;0.24;0.46;1.8;0.075;6.0;21.0;0.9601724768522975;3.25;1.02;0.7248322147651007;7;High;True;False
11.2;0.67;0.55;2.3;0.084;6.0;13.0;0.9624824346955668;3.17;0.71;0.6375838926174496;6;Medium;True;False
10.0;0.59;0.31;2.2;0.09;26.0;62.0;0.9619049452347495;3.18;0.63;0.6845637583892616;6;Medium;True;False
13.3;0.29;0.75;2.8;0.084;23.0;43.0;0.961134959286993;3.04;0.68;0.7651006711409396;7;High;True;False
12.4;0.42;0.49;4.6;0.073;19.0;43.0;0.9603649733392365;3.02;0.61;0.6375838926174496;5;Medium;True;False
10.7;0.4;0.48;2.1;0.125;15.0;49.0;0.9605574698261756;3.03;0.81;0.6510067114093959;6;Medium;True;False
10.5;0.51;0.64;2.4;0.107;6.0;15.0;0.9598837321218887;3.09;0.66;0.7919463087248323;7;High;True;False
8.5;0.655;0.49;6.1;0.122;34.0;151.0;0.9634449171302623;3.31;1.14;0.6241610738255033;5;Medium;True;False
12.5;0.6;0.49;4.3;0.1;5.0;14.0;0.9634449171302623;3.25;0.74;0.7986577181208053;6;Medium;True;False
10.4;0.61;0.49;2.1;0.2;5.0;16.0;0.9619049452347495;3.16;0.63;0.5637583892617449;3;Low;True;False
10.9;0.21;0.49;2.8;0.088;11.0;32.0;0.9597874838784192;3.22;0.68;0.785234899328859;6;Medium;True;False
7.3;0.365;0.49;2.5;0.088;39.0;106.0;0.9592099944176019;3.36;0.78;0.7382550335570469;5;Medium;True;False
9.8;0.25;0.49;2.7;0.088;15.0;33.0;0.9607499663131147;3.42;0.9;0.6711409395973155;6;Medium;True;False
7.6;0.41;0.49;2.0;0.088;16.0;43.0;0.9605574698261756;3.48;0.64;0.610738255033557;5;Medium;True;False
8.2;0.39;0.49;2.3;0.099;47.0;133.0;0.9604612215827061;3.38;0.99;0.6577181208053692;5;Medium;True;False
9.3;0.4;0.49;2.5;0.085;38.0;142.0;0.9603649733392365;3.22;0.55;0.6308724832214765;5;Medium;True;False
9.2;0.43;0.49;2.4;0.086;23.0;116.0;0.9601724768522975;3.23;0.64;0.6375838926174496;5;Medium;True;False
10.4;0.64;0.24;2.8;0.105;29.0;53.0;0.9622899382086277;3.24;0.67;0.6644295302013423;5;Medium;True;False
7.0;0.38;0.49;2.5;0.097;33.0;85.0;0.9588250014437236;3.39;0.77;0.7651006711409396;6;Medium;True;False
8.2;0.42;0.49;2.6;0.084;32.0;55.0;0.9613274557739321;3.34;0.75;0.5838926174496644;6;Medium;True;False
9.9;0.63;0.24;2.4;0.077;6.0;33.0;0.9599799803653583;3.09;0.57;0.6308724832214765;5;Medium;True;False
9.1;0.22;0.24;2.1;0.078;1.0;28.0;0.9615199522608713;3.41;0.87;0.6912751677852349;6;Medium;True;False
11.9;0.38;0.49;2.7;0.098;12.0;42.0;0.962867427669445;3.16;0.61;0.6912751677852349;5;Medium;True;False
10.3;0.27;0.24;2.1;0.072;15.0;33.0;0.9582475119829064;3.22;0.66;0.8590604026845637;6;Medium;True;False
10.0;0.48;0.24;2.7;0.102;13.0;32.0;0.9624824346955668;3.28;0.56;0.6711409395973155;6;Medium;True;False
8.1;0.825;0.24;2.1;0.084;5.0;13.0;0.9597874838784192;3.37;0.77;0.7181208053691275;6;Medium;True;False
12.9;0.35;0.49;5.8;0.066;5.0;35.0;0.9638299101041407;3.2;0.66;0.8053691275167785;7;High;True;False
11.2;0.5;0.74;5.15;0.1;5.0;17.0;0.9620974417216887;3.22;0.62;0.7516778523489932;5;Medium;True;False
9.2;0.59;0.24;3.3;0.101;20.0;47.0;0.9613274557739321;3.26;0.67;0.6442953020134228;5;Medium;True;False
9.5;0.46;0.49;6.3;0.064;5.0;17.0;0.9613274557739321;3.21;0.73;0.7382550335570469;6;Medium;True;False
9.3;0.715;0.24;2.1;0.07;5.0;20.0;0.9592099944176019;3.12;0.59;0.6644295302013423;5;Medium;True;False
11.2;0.66;0.24;2.5;0.085;16.0;53.0;0.9618086969912799;3.06;0.72;0.7382550335570469;6;Medium;True;False
14.3;0.31;0.74;1.8;0.075;6.0;15.0;0.9632524206433232;2.86;0.79;0.5637583892617449;6;Medium;True;False
9.1;0.47;0.49;2.6;0.094;38.0;106.0;0.9607499663131147;3.08;0.59;0.610738255033557;5;Medium;True;False
7.5;0.55;0.24;2.0;0.078;10.0;28.0;0.9608462145565843;3.45;0.78;0.6375838926174496;6;Medium;True;False
10.6;0.31;0.49;2.5;0.067;6.0;21.0;0.9612312075304625;3.26;0.86;0.7181208053691275;6;Medium;True;False
12.4;0.35;0.49;2.6;0.079;27.0;69.0;0.9619049452347495;3.12;0.75;0.697986577181208;6;Medium;True;False
9.0;0.53;0.49;1.9;0.171;6.0;25.0;0.9600762286088279;3.27;0.61;0.6308724832214765;6;Medium;True;False
6.8;0.51;0.01;2.1;0.074;9.0;25.0;0.9584400084698455;3.33;0.56;0.6375838926174496;6;Medium;True;False
9.4;0.43;0.24;2.8;0.092;14.0;45.0;0.9605574698261756;3.19;0.73;0.6711409395973155;6;Medium;True;False
9.5;0.46;0.24;2.7;0.092;14.0;44.0;0.9605574698261756;3.12;0.74;0.6711409395973155;6;Medium;True;False
5.0;1.04;0.24;1.6;0.05;32.0;96.0;0.956130050626576;3.74;0.62;0.7718120805369127;5;Medium;True;False
15.5;0.645;0.49;4.2;0.095;10.0;23.0;0.9655142543648578;2.92;0.74;0.7449664429530201;5;Medium;True;False
10.9;0.53;0.49;4.6;0.118;10.0;17.0;0.9626749311825059;3.07;0.56;0.785234899328859;6;Medium;True;False
15.6;0.645;0.49;4.2;0.095;10.0;23.0;0.9655142543648578;2.92;0.74;0.7449664429530201;5;Medium;True;False
13.0;0.47;0.49;4.3;0.085;6.0;47.0;0.9645036478084275;3.3;0.68;0.8523489932885905;6;Medium;True;False
12.7;0.6;0.49;2.8;0.075;5.0;19.0;0.9619049452347495;3.14;0.57;0.7651006711409396;5;Medium;True;False
9.0;0.44;0.49;2.4;0.078;26.0;121.0;0.9603649733392365;3.23;0.58;0.6174496644295301;5;Medium;True;False
9.0;0.54;0.49;2.9;0.094;41.0;110.0;0.9607499663131147;3.08;0.61;0.6174496644295301;5;Medium;True;False
7.6;0.29;0.49;2.7;0.092;25.0;60.0;0.9596912356349496;3.31;0.61;0.6778523489932885;6;Medium;True;False
8.7;0.7;0.24;2.5;0.226;5.0;15.0;0.9616162005043408;3.32;0.6;0.6040268456375839;6;Medium;True;False
9.8;0.5;0.49;2.6;0.25;5.0;20.0;0.9615199522608713;3.31;0.79;0.7181208053691275;6;Medium;True;False
6.2;0.36;0.24;2.2;0.095;19.0;42.0;0.9572850295482108;3.57;0.57;0.785234899328859;6;Medium;True;False
11.5;0.35;0.49;3.3;0.07;10.0;37.0;0.9627711794259755;3.32;0.91;0.7382550335570469;6;Medium;True;False
10.2;0.24;0.49;2.4;0.075;10.0;28.0;0.9603649733392365;3.14;0.61;0.697986577181208;5;Medium;True;False
10.5;0.59;0.49;2.1;0.07;14.0;47.0;0.9616162005043408;3.3;0.56;0.6442953020134228;4;Low;True;False
10.6;0.34;0.49;3.2;0.078;20.0;78.0;0.9617124487478104;3.19;0.7;0.6711409395973155;6;Medium;True;False
12.3;0.27;0.49;3.1;0.079;28.0;46.0;0.9618086969912799;3.2;0.8;0.6845637583892616;6;Medium;True;False
9.9;0.5;0.24;2.3;0.103;6.0;14.0;0.9603649733392365;3.34;0.52;0.6711409395973155;4;Low;True;False
8.8;0.44;0.49;2.8;0.083;18.0;111.0;0.9607499663131147;3.3;0.6;0.6375838926174496;5;Medium;True;False
8.8;0.47;0.49;2.9;0.085;17.0;110.0;0.9607499663131147;3.29;0.6;0.6577181208053692;5;Medium;True;False
10.6;0.31;0.49;2.2;0.063;18.0;40.0;0.9601724768522975;3.14;0.51;0.6577181208053692;6;Medium;True;False
12.3;0.5;0.49;2.2;0.089;5.0;14.0;0.9626749311825059;3.19;0.44;0.6442953020134228;5;Medium;True;False
11.7;0.49;0.49;2.2;0.083;5.0;15.0;0.9624824346955668;3.19;0.43;0.6174496644295301;5;Medium;True;False
12.0;0.28;0.49;1.9;0.074;10.0;21.0;0.9601724768522975;2.98;0.66;0.6644295302013423;7;High;True;False
11.8;0.33;0.49;3.4;0.093;54.0;80.0;0.9626749311825059;3.3;0.76;0.7181208053691275;7;High;True;False
7.6;0.51;0.24;2.4;0.091;8.0;38.0;0.9605574698261756;3.47;0.66;0.6442953020134228;6;Medium;True;False
11.1;0.31;0.49;2.7;0.094;16.0;47.0;0.961134959286993;3.12;1.02;0.7114093959731543;7;High;True;False
7.3;0.73;0.24;1.9;0.108;18.0;102.0;0.9593062426610715;3.26;0.59;0.6241610738255033;5;Medium;True;False
5.0;0.42;0.24;2.0;0.06;19.0;50.0;0.9544938304875936;3.72;0.74;0.9395973154362416;8;High;True;False
10.2;0.29;0.49;2.6;0.059;5.0;13.0;0.9601724768522975;3.05;0.74;0.7046979865771812;7;High;True;False
9.0;0.45;0.49;2.6;0.084;21.0;75.0;0.9612312075304625;3.35;0.57;0.6510067114093959;5;Medium;True;False
6.6;0.39;0.49;1.7;0.07;23.0;149.0;0.9549750717049413;3.12;0.5;0.7718120805369127;6;Medium;True;False
9.9;0.49;0.58;3.5;0.094;9.0;43.0;0.962867427669445;3.29;0.58;0.6040268456375839;5;Medium;True;False
7.9;0.72;0.17;2.6;0.096;20.0;38.0;0.9603649733392365;3.4;0.53;0.6375838926174496;5;Medium;True;False
8.9;0.595;0.41;7.9;0.086;30.0;109.0;0.9622899382086277;3.27;0.57;0.6241610738255033;5;Medium;True;False
12.4;0.4;0.51;2.0;0.059;6.0;24.0;0.9619049452347495;3.04;0.6;0.6241610738255033;6;Medium;True;False
11.9;0.58;0.58;1.9;0.071;5.0;18.0;0.9605574698261756;3.09;0.63;0.6711409395973155;6;Medium;True;False
8.5;0.585;0.18;2.1;0.078;5.0;30.0;0.9593062426610715;3.2;0.48;0.6577181208053692;6;Medium;True;False
12.7;0.59;0.45;2.3;0.082;11.0;22.0;0.9624824346955668;3.0;0.7;0.6241610738255033;6;Medium;True;False
8.2;0.915;0.27;2.1;0.088;7.0;23.0;0.9588250014437236;3.26;0.47;0.6711409395973155;4;Low;True;False
13.2;0.46;0.52;2.2;0.071;12.0;35.0;0.9630599241563841;3.1;0.56;0.6040268456375839;6;Medium;True;False
7.7;0.835;0.0;2.6;0.081;6.0;14.0;0.9600762286088279;3.3;0.52;0.6241610738255033;5;Medium;True;False
8.3;0.58;0.13;2.9;0.096;14.0;63.0;0.9609424628000538;3.17;0.62;0.610738255033557;6;Medium;True;False
8.3;0.6;0.13;2.6;0.085;6.0;24.0;0.9609424628000538;3.31;0.59;0.6174496644295301;6;Medium;True;False
9.4;0.41;0.48;4.6;0.072;10.0;20.0;0.9598837321218887;3.34;0.79;0.8187919463087248;7;High;True;False
8.8;0.48;0.41;3.3;0.092;26.0;52.0;0.9607499663131147;3.31;0.53;0.7046979865771812;6;Medium;True;False
10.1;0.65;0.37;5.1;0.11;11.0;65.0;0.9649848890257752;3.32;0.64;0.697986577181208;6;Medium;True;False
6.3;0.36;0.19;3.2;0.075;15.0;39.0;0.9582475119829064;3.56;0.52;0.8523489932885905;6;Medium;True;False
8.8;0.24;0.54;2.5;0.083;25.0;57.0;0.9608462145565843;3.39;0.54;0.6174496644295301;5;Medium;True;False
13.2;0.38;0.55;2.7;0.081;5.0;16.0;0.9630599241563841;2.98;0.54;0.6308724832214765;5;Medium;True;False
7.5;0.64;0.0;2.4;0.077;18.0;29.0;0.9591137461741324;3.32;0.6;0.6711409395973155;6;Medium;True;False
8.2;0.39;0.38;1.5;0.058;10.0;29.0;0.9588250014437236;3.26;0.74;0.6577181208053692;5;Medium;True;False
9.2;0.755;0.18;2.2;0.148;10.0;103.0;0.9594987391480105;2.87;1.36;0.6845637583892616;6;Medium;True;False
9.6;0.6;0.5;2.3;0.079;28.0;71.0;0.9621936899651582;3.5;0.57;0.6510067114093959;5;Medium;True;False
11.5;0.31;0.51;2.2;0.079;14.0;28.0;0.9607499663131147;3.03;0.93;0.6577181208053692;6;Medium;True;False
11.4;0.46;0.5;2.7;0.122;4.0;17.0;0.9630599241563841;3.13;0.7;0.6845637583892616;5;Medium;True;False
11.3;0.37;0.41;2.3;0.088;6.0;16.0;0.9613274557739321;3.09;0.8;0.6241610738255033;5;Medium;True;False
8.3;0.54;0.24;3.4;0.076;16.0;112.0;0.9601724768522975;3.27;0.61;0.6308724832214765;5;Medium;True;False
8.2;0.56;0.23;3.4;0.078;14.0;104.0;0.9601724768522975;3.28;0.62;0.6308724832214765;5;Medium;True;False
10.0;0.58;0.22;1.9;0.08;9.0;32.0;0.9599799803653583;3.13;0.55;0.6375838926174496;5;Medium;True;False
7.9;0.51;0.25;2.9;0.077;21.0;45.0;0.9599799803653583;3.49;0.96;0.8120805369127516;6;Medium;True;False
6.8;0.69;0.0;5.6;0.124;21.0;58.0;0.9621936899651582;3.46;0.72;0.6845637583892616;5;Medium;True;False
8.8;0.6;0.29;2.2;0.098;5.0;15.0;0.9613274557739321;3.36;0.49;0.610738255033557;5;Medium;True;False
8.7;0.54;0.26;2.5;0.097;7.0;31.0;0.9601724768522975;3.27;0.6;0.6241610738255033;6;Medium;True;False
7.6;0.685;0.23;2.3;0.111;20.0;84.0;0.9590174979306627;3.21;0.61;0.6241610738255033;5;Medium;True;False
10.4;0.28;0.54;2.7;0.105;5.0;19.0;0.9613274557739321;3.25;0.63;0.6375838926174496;5;Medium;True;False
7.6;0.41;0.14;3.0;0.087;21.0;43.0;0.9590174979306627;3.32;0.57;0.7046979865771812;6;Medium;True;False
10.1;0.935;0.22;3.4;0.105;11.0;86.0;0.9634449171302623;3.43;0.64;0.7583892617449665;4;Low;True;False
7.9;0.35;0.21;1.9;0.073;46.0;102.0;0.9590174979306627;3.27;0.58;0.6375838926174496;5;Medium;True;False
8.7;0.84;0.0;1.4;0.065;24.0;33.0;0.9580550154959672;3.27;0.55;0.6510067114093959;5;Medium;True;False
9.6;0.88;0.28;2.4;0.086;30.0;147.0;0.9604612215827061;3.24;0.53;0.6308724832214765;5;Medium;True;False
9.5;0.885;0.27;2.3;0.084;31.0;145.0;0.9603649733392365;3.24;0.53;0.6308724832214765;5;Medium;True;False
7.7;0.915;0.12;2.2;0.143;7.0;23.0;0.9590174979306627;3.35;0.65;0.6845637583892616;7;High;True;False
8.9;0.29;0.35;1.9;0.067;25.0;57.0;0.9595949873914801;3.18;1.36;0.6912751677852349;6;Medium;True;False
9.9;0.54;0.45;2.3;0.071;16.0;40.0;0.9616162005043408;3.39;0.62;0.6308724832214765;5;Medium;True;False
9.5;0.59;0.44;2.3;0.071;21.0;68.0;0.9617124487478104;3.46;0.63;0.6375838926174496;5;Medium;True;False
7.8;0.64;0.1;6.0;0.115;5.0;11.0;0.9609424628000538;3.37;0.69;0.6778523489932885;7;High;True;False
7.3;0.67;0.05;3.6;0.107;6.0;20.0;0.9597874838784192;3.4;0.63;0.6778523489932885;5;Medium;True;False
8.3;0.845;0.01;2.2;0.07;5.0;14.0;0.9593062426610715;3.32;0.58;0.7382550335570469;4;Low;True;False
8.7;0.48;0.3;2.8;0.066;10.0;28.0;0.9590174979306627;3.33;0.67;0.7516778523489932;7;High;True;False
6.7;0.42;0.27;8.6;0.068;24.0;148.0;0.9574775260351499;3.16;0.57;0.7583892617449665;6;Medium;True;False
10.7;0.43;0.39;2.2;0.106;8.0;32.0;0.961134959286993;2.89;0.5;0.6442953020134228;5;Medium;True;False
9.8;0.88;0.25;2.5;0.104;35.0;155.0;0.9634449171302623;3.41;0.67;0.7516778523489932;5;Medium;True;False
15.9;0.36;0.65;7.5;0.096;22.0;71.0;0.9601724768522975;2.98;0.84;1.0;5;Medium;True;False
9.4;0.33;0.59;2.8;0.079;9.0;30.0;0.9601724768522975;3.12;0.54;0.8053691275167785;6;Medium;True;False
8.6;0.47;0.47;2.4;0.074;7.0;29.0;0.9604612215827061;3.08;0.46;0.6375838926174496;5;Medium;True;False
9.7;0.55;0.17;2.9;0.087;20.0;53.0;0.962867427669445;3.14;0.61;0.6308724832214765;5;Medium;True;False
12.0;0.5;0.59;1.4;0.073;23.0;42.0;0.9605574698261756;2.92;0.68;0.7046979865771812;7;High;True;False
7.2;0.52;0.07;1.4;0.074;5.0;20.0;0.9598837321218887;3.32;0.81;0.6442953020134228;6;Medium;True;False
7.1;0.84;0.02;4.4;0.096;5.0;13.0;0.9595949873914801;3.41;0.57;0.7382550335570469;4;Low;True;False
7.5;0.42;0.31;1.6;0.08;15.0;42.0;0.9603649733392365;3.31;0.64;0.6040268456375839;5;Medium;True;False
7.2;0.57;0.06;1.6;0.076;9.0;27.0;0.9597874838784192;3.36;0.7;0.6442953020134228;6;Medium;True;False
10.1;0.28;0.46;1.8;0.05;5.0;13.0;0.9599799803653583;3.04;0.79;0.6845637583892616;6;Medium;True;False
12.1;0.4;0.52;2.0;0.092;15.0;54.0;0.9624824346955668;3.03;0.66;0.6845637583892616;5;Medium;True;False
9.4;0.59;0.14;2.0;0.084;25.0;48.0;0.9606537180696452;3.14;0.56;0.6510067114093959;5;Medium;True;False
8.3;0.49;0.36;1.8;0.222;6.0;16.0;0.9605574698261756;3.18;0.6;0.6375838926174496;6;Medium;True;False
11.3;0.34;0.45;2.0;0.082;6.0;15.0;0.9613274557739321;2.94;0.66;0.6174496644295301;6;Medium;True;False
10.0;0.73;0.43;2.3;0.059;15.0;31.0;0.9592099944176019;3.15;0.57;0.7382550335570469;5;Medium;True;False
6.9;0.4;0.24;2.5;0.083;30.0;45.0;0.958536256713315;3.26;0.58;0.6711409395973155;5;Medium;True;False
8.2;0.73;0.21;1.7;0.074;5.0;13.0;0.959402490904541;3.2;0.52;0.6375838926174496;5;Medium;True;False
9.8;1.24;0.34;2.0;0.079;32.0;151.0;0.9605574698261756;3.15;0.53;0.6375838926174496;5;Medium;True;False
10.8;0.4;0.41;2.2;0.084;7.0;17.0;0.9609424628000538;3.08;0.67;0.6241610738255033;6;Medium;True;False
9.3;0.41;0.39;2.2;0.064;12.0;31.0;0.9609424628000538;3.26;0.65;0.6845637583892616;5;Medium;True;False
8.6;0.8;0.11;2.3;0.084;12.0;31.0;0.9604612215827061;3.4;0.48;0.6644295302013423;5;Medium;True;False
8.3;0.78;0.1;2.6;0.081;45.0;87.0;0.9608462145565843;3.48;0.53;0.6711409395973155;5;Medium;True;False
10.8;0.26;0.45;3.3;0.06;20.0;49.0;0.9597874838784192;3.13;0.54;0.6442953020134228;5;Medium;True;False
13.3;0.43;0.58;1.9;0.07;15.0;40.0;0.962867427669445;3.06;0.49;0.6040268456375839;5;Medium;True;False
8.0;0.45;0.23;2.2;0.094;16.0;29.0;0.9588250014437236;3.21;0.49;0.6845637583892616;6;Medium;True;False
8.5;0.46;0.31;2.25;0.078;32.0;58.0;0.9605574698261756;3.33;0.54;0.6577181208053692;5;Medium;True;False
8.1;0.78;0.23;2.6;0.059;5.0;15.0;0.9595949873914801;3.37;0.56;0.7583892617449665;5;Medium;True;False
9.8;0.98;0.32;2.3;0.078;35.0;152.0;0.9605574698261756;3.25;0.48;0.6308724832214765;5;Medium;True;False
7.1;0.65;0.18;1.8;0.07;13.0;40.0;0.9595949873914801;3.44;0.6;0.610738255033557;5;Medium;True;False
9.1;0.64;0.23;3.1;0.095;13.0;38.0;0.9622899382086277;3.28;0.59;0.6510067114093959;5;Medium;True;False
7.7;0.66;0.04;1.6;0.039;4.0;9.0;0.9588250014437236;3.4;0.47;0.6308724832214765;5;Medium;True;False
8.1;0.38;0.48;1.8;0.157;5.0;17.0;0.9601724768522975;3.3;1.05;0.6308724832214765;5;Medium;True;False
7.4;1.185;0.0;4.25;0.097;5.0;14.0;0.9592099944176019;3.63;0.54;0.7181208053691275;3;Low;True;False
9.2;0.92;0.24;2.6;0.087;12.0;93.0;0.9622899382086277;3.48;0.54;0.6577181208053692;5;Medium;True;False
8.6;0.49;0.51;2.0;0.422;16.0;62.0;0.9604612215827061;3.03;1.17;0.6040268456375839;5;Medium;True;False
9.0;0.48;0.32;2.8;0.084;21.0;122.0;0.9609424628000538;3.32;0.62;0.6308724832214765;5;Medium;True;False
9.0;0.47;0.31;2.7;0.084;24.0;125.0;0.9609424628000538;3.31;0.61;0.6308724832214765;5;Medium;True;False
5.1;0.47;0.02;1.3;0.034;18.0;44.0;0.9548788234614718;3.9;0.62;0.8590604026845637;6;Medium;True;False
7.0;0.65;0.02;2.1;0.066;8.0;25.0;0.9597874838784192;3.47;0.67;0.6375838926174496;6;Medium;True;False
9.4;0.615;0.28;3.2;0.087;18.0;72.0;0.9625786829390364;3.31;0.53;0.6510067114093959;5;Medium;True;False
11.8;0.38;0.55;2.1;0.071;5.0;19.0;0.961134959286993;3.11;0.62;0.7248322147651007;6;Medium;True;False
10.6;1.02;0.43;2.9;0.076;26.0;88.0;0.9609424628000538;3.08;0.57;0.6778523489932885;6;Medium;True;False
7.0;0.64;0.02;2.1;0.067;9.0;23.0;0.9595949873914801;3.47;0.67;0.6308724832214765;6;Medium;True;False
7.5;0.38;0.48;2.6;0.073;22.0;84.0;0.9597874838784192;3.32;0.7;0.6442953020134228;4;Low;True;False
9.1;0.765;0.04;1.6;0.078;4.0;14.0;0.9605574698261756;3.29;0.54;0.6510067114093959;4;Low;True;False
8.4;1.035;0.15;6.0;0.073;11.0;54.0;0.9615199522608713;3.37;0.49;0.6644295302013423;5;Medium;True;False
7.0;0.78;0.08;2.0;0.093;10.0;19.0;0.9582475119829064;3.4;0.47;0.6711409395973155;5;Medium;True;False
7.4;0.49;0.19;3.0;0.077;16.0;37.0;0.9592099944176019;3.37;0.51;0.7046979865771812;5;Medium;True;False
7.8;0.545;0.12;2.5;0.068;11.0;35.0;0.9586325049567845;3.34;0.61;0.7785234899328859;6;Medium;True;False
9.7;0.31;0.47;1.6;0.062;13.0;33.0;0.9608462145565843;3.27;0.66;0.6711409395973155;6;Medium;True;False
10.6;1.025;0.43;2.8;0.08;21.0;84.0;0.9610387110435235;3.06;0.57;0.6778523489932885;5;Medium;True;False
8.9;0.565;0.34;3.0;0.093;16.0;112.0;0.9622899382086277;3.38;0.61;0.6375838926174496;5;Medium;True;False
8.7;0.69;0.0;3.2;0.084;13.0;33.0;0.9617124487478104;3.36;0.45;0.6308724832214765;5;Medium;True;False
8.0;0.43;0.36;2.3;0.075;10.0;48.0;0.9601724768522975;3.34;0.46;0.6308724832214765;5;Medium;True;False
9.9;0.74;0.28;2.6;0.078;21.0;77.0;0.9605574698261756;3.28;0.51;0.6577181208053692;5;Medium;True;False
7.2;0.49;0.18;2.7;0.069;13.0;34.0;0.9593062426610715;3.29;0.48;0.6174496644295301;6;Medium;True;False
7.6;0.46;0.11;2.6;0.079;12.0;49.0;0.959402490904541;3.21;0.57;0.6711409395973155;5;Medium;True;False
8.4;0.56;0.04;2.0;0.082;10.0;22.0;0.9601724768522975;3.22;0.44;0.6442953020134228;5;Medium;True;False
7.1;0.66;0.0;3.9;0.086;17.0;45.0;0.9601724768522975;3.46;0.54;0.6375838926174496;5;Medium;True;False
8.9;0.48;0.24;2.85;0.094;35.0;106.0;0.9607499663131147;3.1;0.53;0.6174496644295301;5;Medium;True;False
7.6;0.42;0.08;2.7;0.084;15.0;48.0;0.959402490904541;3.21;0.59;0.6711409395973155;5;Medium;True;False
7.1;0.31;0.3;2.2;0.053;36.0;127.0;0.9591137461741324;2.94;1.62;0.6375838926174496;5;Medium;True;False
7.5;1.115;0.1;3.1;0.086;5.0;12.0;0.9584400084698455;3.54;0.6;0.7516778523489932;4;Low;True;False
9.0;0.66;0.17;3.0;0.077;5.0;13.0;0.9601724768522975;3.29;0.55;0.697986577181208;5;Medium;True;False
8.1;0.72;0.09;2.8;0.084;18.0;49.0;0.9619049452347495;3.43;0.72;0.7449664429530201;6;Medium;True;False
6.4;0.57;0.02;1.8;0.067;4.0;11.0;0.9595949873914801;3.46;0.68;0.6375838926174496;5;Medium;True;False
6.4;0.865;0.03;3.2;0.071;27.0;58.0;0.957670022522089;3.61;0.49;0.8523489932885905;6;Medium;True;False
9.5;0.55;0.66;2.3;0.387;12.0;37.0;0.9607499663131147;3.17;0.67;0.6442953020134228;5;Medium;True;False
8.9;0.875;0.13;3.45;0.088;4.0;14.0;0.9619049452347495;3.44;0.52;0.7718120805369127;5;Medium;True;False
7.3;0.835;0.03;2.1;0.092;10.0;19.0;0.9592099944176019;3.39;0.47;0.6442953020134228;5;Medium;True;False
7.0;0.45;0.34;2.7;0.082;16.0;72.0;0.9605574698261756;3.55;0.6;0.6375838926174496;5;Medium;True;False
7.7;0.56;0.2;2.0;0.075;9.0;39.0;0.9612312075304625;3.48;0.62;0.6241610738255033;5;Medium;True;False
7.7;0.965;0.1;2.1;0.112;11.0;22.0;0.9589212496871932;3.26;0.5;0.6375838926174496;5;Medium;True;False
8.2;0.59;0.0;2.5;0.093;19.0;58.0;0.9626749311825059;3.5;0.65;0.6241610738255033;6;Medium;True;False
9.0;0.46;0.23;2.8;0.092;28.0;104.0;0.9608462145565843;3.1;0.56;0.6174496644295301;5;Medium;True;False
9.0;0.69;0.0;2.4;0.088;19.0;38.0;0.9615199522608713;3.35;0.6;0.6241610738255033;5;Medium;True;False
8.3;0.76;0.29;4.2;0.075;12.0;16.0;0.9591137461741324;3.45;0.68;0.7718120805369127;6;Medium;True;False
9.2;0.53;0.24;2.6;0.078;28.0;139.0;0.9604419719340122;3.21;0.57;0.6375838926174496;5;Medium;True;False
6.5;0.615;0.0;1.9;0.065;9.0;18.0;0.9597874838784192;3.46;0.65;0.6174496644295301;5;Medium;True;False
11.6;0.41;0.58;2.8;0.096;25.0;101.0;0.9627134304798938;3.13;0.53;0.6711409395973155;5;Medium;True;False
11.1;0.39;0.54;2.7;0.095;21.0;101.0;0.9625786829390364;3.13;0.51;0.6375838926174496;5;Medium;True;False
7.3;0.51;0.18;2.1;0.07;12.0;28.0;0.9602494754470731;3.52;0.73;0.6375838926174496;6;Medium;True;False
8.2;0.34;0.38;2.5;0.08;12.0;57.0;0.9603649733392365;3.3;0.47;0.6040268456375839;6;Medium;True;False
8.6;0.33;0.4;2.6;0.083;16.0;68.0;0.9603842229879305;3.3;0.48;0.6308724832214765;5;Medium;True;False
7.2;0.5;0.18;2.1;0.071;12.0;31.0;0.9601821016766444;3.52;0.72;0.6442953020134228;6;Medium;True;False
8.3;0.65;0.1;2.9;0.089;17.0;40.0;0.9605863442992165;3.29;0.55;0.6375838926174496;5;Medium;True;False
7.6;0.54;0.13;2.5;0.097;24.0;66.0;0.9604130974609714;3.39;0.61;0.6308724832214765;5;Medium;True;False
7.8;0.48;0.68;1.7;0.415;14.0;32.0;0.959171495120214;3.09;1.06;0.610738255033557;6;Medium;True;False
7.8;0.91;0.07;1.9;0.058;22.0;47.0;0.9579106431307628;3.51;0.43;0.7181208053691275;6;Medium;True;False
6.3;0.98;0.01;2.0;0.057;15.0;33.0;0.9575545246299255;3.6;0.46;0.7516778523489932;6;Medium;True;False
8.1;0.87;0.0;2.2;0.084;10.0;31.0;0.959171495120214;3.25;0.5;0.6577181208053692;5;Medium;True;False
8.8;0.42;0.21;2.5;0.092;33.0;88.0;0.9607788407861556;3.19;0.52;0.6174496644295301;5;Medium;True;False
9.0;0.58;0.25;2.8;0.075;9.0;104.0;0.9603553485148896;3.23;0.57;0.6510067114093959;5;Medium;True;False
9.3;0.655;0.26;2.0;0.096;5.0;35.0;0.9599607307166644;3.25;0.42;0.6442953020134228;5;Medium;True;False
8.8;0.7;0.0;1.7;0.069;8.0;19.0;0.959604612215827;3.31;0.53;0.6711409395973155;6;Medium;True;False
9.1;0.68;0.11;2.8;0.093;11.0;44.0;0.9614044543687077;3.31;0.55;0.6375838926174496;6;Medium;True;False
9.2;0.67;0.1;3.0;0.091;12.0;48.0;0.9614044543687077;3.31;0.54;0.6375838926174496;6;Medium;True;False
8.8;0.59;0.18;2.9;0.089;12.0;74.0;0.9599607307166644;3.14;0.54;0.6308724832214765;5;Medium;True;False
7.5;0.6;0.32;2.7;0.103;13.0;98.0;0.9618856955860556;3.45;0.62;0.6375838926174496;5;Medium;True;False
7.1;0.59;0.02;2.3;0.082;24.0;94.0;0.9600184796627461;3.55;0.53;0.6510067114093959;6;Medium;True;False
7.9;0.72;0.01;1.9;0.076;7.0;32.0;0.9592869930123775;3.39;0.54;0.6442953020134228;5;Medium;True;False
9.4;0.685;0.26;2.4;0.082;23.0;143.0;0.9603649733392365;3.28;0.55;0.6308724832214765;5;Medium;True;False
9.5;0.57;0.27;2.3;0.082;23.0;144.0;0.9603842229879305;3.27;0.55;0.6308724832214765;5;Medium;True;False
7.9;0.4;0.29;1.8;0.157;1.0;44.0;0.9598837321218887;3.3;0.92;0.6375838926174496;6;Medium;True;False
7.9;0.4;0.3;1.8;0.157;2.0;45.0;0.9598548576488479;3.31;0.91;0.6375838926174496;6;Medium;True;False
7.2;1.0;0.0;3.0;0.102;7.0;16.0;0.9584977574159271;3.43;0.46;0.6711409395973155;5;Medium;True;False
6.9;0.765;0.18;2.4;0.243;5.5;48.0;0.958748002848948;3.4;0.6;0.6912751677852349;6;Medium;True;False
6.9;0.635;0.17;2.4;0.241;6.0;18.0;0.9587287532002541;3.4;0.59;0.6912751677852349;6;Medium;True;False
8.3;0.43;0.3;3.4;0.079;7.0;34.0;0.9604419719340122;3.36;0.61;0.7046979865771812;5;Medium;True;False
7.1;0.52;0.03;2.6;0.076;21.0;92.0;0.9600281044870931;3.5;0.6;0.6577181208053692;5;Medium;True;False
7.0;0.57;0.0;2.0;0.19;12.0;45.0;0.9593639916071531;3.31;0.6;0.6308724832214765;6;Medium;True;False
6.5;0.46;0.14;2.4;0.114;9.0;37.0;0.9599029817705826;3.66;0.65;0.6577181208053692;5;Medium;True;False
9.0;0.82;0.05;2.4;0.081;26.0;96.0;0.960692217367033;3.36;0.53;0.6711409395973155;5;Medium;True;False
7.1;0.59;0.01;2.5;0.077;20.0;85.0;0.96003772931144;3.55;0.59;0.6577181208053692;5;Medium;True;False
9.9;0.35;0.41;2.3;0.083;11.0;61.0;0.9607499663131147;3.21;0.5;0.6375838926174496;5;Medium;True;False
10.0;0.56;0.24;2.2;0.079;19.0;58.0;0.9616162005043408;3.18;0.56;0.6778523489932885;6;Medium;True;False
8.6;0.63;0.17;2.9;0.099;21.0;119.0;0.9605574698261756;3.09;0.52;0.6241610738255033;5;Medium;True;False
7.4;0.37;0.43;2.6;0.082;18.0;82.0;0.9596719859862557;3.33;0.68;0.6510067114093959;6;Medium;True;False
8.8;0.64;0.17;2.9;0.084;25.0;130.0;0.9607307166644208;3.23;0.54;0.6442953020134228;5;Medium;True;False
7.1;0.61;0.02;2.5;0.081;17.0;87.0;0.9600281044870931;3.48;0.6;0.6510067114093959;6;Medium;True;False
7.7;0.6;0.0;2.6;0.055;7.0;13.0;0.9590078731063157;3.38;0.56;0.7248322147651007;5;Medium;True;False
10.1;0.27;0.54;2.3;0.065;7.0;26.0;0.9579683920768446;3.17;0.53;0.8389261744966443;6;Medium;True;False
10.8;0.89;0.3;2.6;0.132;7.0;60.0;0.9604227222853182;2.99;1.18;0.6845637583892616;5;Medium;True;False
8.7;0.46;0.31;2.5;0.126;24.0;64.0;0.96003772931144;3.1;0.74;0.6442953020134228;5;Medium;True;False
9.3;0.37;0.44;1.6;0.038;21.0;42.0;0.9579202679551099;3.24;0.81;0.7248322147651007;7;High;True;False
9.4;0.5;0.34;3.6;0.082;5.0;14.0;0.9612312075304625;3.29;0.52;0.7181208053691275;6;Medium;True;False
7.2;0.61;0.08;4.0;0.082;26.0;108.0;0.9590271227550097;3.25;0.51;0.6308724832214765;5;Medium;True;False
8.6;0.55;0.09;3.3;0.068;8.0;17.0;0.9599318562436235;3.23;0.44;0.6711409395973155;5;Medium;True;False
5.1;0.585;0.0;1.7;0.044;14.0;86.0;0.9553985639762074;3.56;0.94;0.8657718120805369;7;High;True;False
7.7;0.56;0.08;2.5;0.114;14.0;46.0;0.9596912356349496;3.24;0.66;0.6442953020134228;6;Medium;True;False
8.4;0.52;0.22;2.7;0.084;4.0;18.0;0.9594217405532349;3.26;0.57;0.6644295302013423;6;Medium;True;False
8.2;0.28;0.4;2.4;0.052;4.0;10.0;0.9562840478161273;3.33;0.7;0.8590604026845637;7;High;True;False
8.4;0.25;0.39;2.0;0.041;4.0;10.0;0.9565727925465359;3.27;0.71;0.8389261744966443;7;High;True;False
7.4;0.53;0.12;1.9;0.165;4.0;12.0;0.959614237040174;3.26;0.86;0.6174496644295301;5;Medium;True;False
7.6;0.48;0.31;2.8;0.07;4.0;15.0;0.9595276136210514;3.22;0.55;0.6912751677852349;6;Medium;True;False
7.3;0.49;0.1;2.6;0.068;4.0;14.0;0.9582667616316002;3.3;0.47;0.7046979865771812;5;Medium;True;False
12.9;0.5;0.55;2.8;0.072;7.0;24.0;0.9625979325877302;3.09;0.68;0.7315436241610739;6;Medium;True;False
10.8;0.45;0.33;2.5;0.099;20.0;38.0;0.9607307166644208;3.24;0.71;0.7248322147651007;5;Medium;True;False
6.9;0.39;0.24;2.1;0.102;4.0;7.0;0.9573042791969046;3.44;0.58;0.7651006711409396;4;Low;True;False
12.6;0.41;0.54;2.8;0.103;19.0;41.0;0.9618953204104025;3.21;0.76;0.7583892617449665;6;Medium;True;False
9.8;0.51;0.19;3.2;0.081;8.0;30.0;0.9609424628000538;3.23;0.58;0.7046979865771812;6;Medium;True;False
10.8;0.29;0.42;1.6;0.084;19.0;27.0;0.9581031396177019;3.28;0.73;0.7986577181208053;6;Medium;True;False
7.1;0.715;0.0;2.35;0.071;21.0;47.0;0.9589404993358871;3.29;0.45;0.6308724832214765;5;Medium;True;False
9.1;0.66;0.15;3.2;0.097;9.0;59.0;0.9622514389112399;3.28;0.54;0.6442953020134228;5;Medium;True;False
7.0;0.685;0.0;1.9;0.099;9.0;22.0;0.9586902539028662;3.34;0.6;0.6510067114093959;5;Medium;True;False
4.9;0.42;0.0;2.1;0.048;16.0;42.0;0.9543398332980423;3.71;0.74;0.9395973154362416;7;High;True;False
6.7;0.54;0.13;2.0;0.076;15.0;36.0;0.9598837321218887;3.61;0.64;0.6577181208053692;5;Medium;True;False
7.1;0.48;0.28;2.8;0.068;6.0;16.0;0.9594217405532349;3.24;0.53;0.6912751677852349;5;Medium;True;False
7.1;0.46;0.14;2.8;0.076;15.0;37.0;0.9588635007411115;3.36;0.49;0.7181208053691275;5;Medium;True;False
7.5;0.27;0.34;2.3;0.05;4.0;8.0;0.9577662707655585;3.4;0.64;0.7382550335570469;7;High;True;False
7.8;0.57;0.09;2.3;0.065;34.0;45.0;0.9568711621012916;3.46;0.74;0.8523489932885905;8;High;True;False
5.9;0.61;0.08;2.1;0.071;16.0;24.0;0.9564765443030664;3.56;0.77;0.7449664429530201;6;Medium;True;False
7.5;0.685;0.07;2.5;0.058;5.0;9.0;0.9589404993358871;3.38;0.55;0.7315436241610739;4;Low;True;False
10.4;0.44;0.42;1.5;0.145;34.0;48.0;0.9608654642052782;3.38;0.86;0.6644295302013423;3;Low;True;False
11.6;0.47;0.44;1.6;0.147;36.0;51.0;0.960903963502666;3.38;0.86;0.6644295302013423;4;Low;True;False
8.8;0.685;0.26;1.6;0.088;16.0;23.0;0.9595372384453984;3.32;0.47;0.6308724832214765;5;Medium;True;False
7.6;0.665;0.1;1.5;0.066;27.0;55.0;0.9591618702958671;3.39;0.51;0.6241610738255033;5;Medium;True;False
6.7;0.28;0.28;2.4;0.012;36.0;100.0;0.9534735991068163;3.26;0.39;0.785234899328859;7;High;True;False
10.1;0.31;0.35;1.6;0.075;9.0;28.0;0.9593254923097654;3.24;0.83;0.7516778523489932;7;High;True;False
6.0;0.5;0.04;2.2;0.092;13.0;26.0;0.9590848717010914;3.46;0.47;0.6711409395973155;5;Medium;True;False
11.1;0.42;0.47;2.65;0.085;9.0;34.0;0.9599414810679705;3.24;0.77;0.8120805369127516;7;High;True;False
6.6;0.66;0.0;3.0;0.115;21.0;31.0;0.9589116248628462;3.45;0.63;0.6912751677852349;5;Medium;True;False
10.6;0.5;0.45;2.6;0.119;34.0;68.0;0.9596719859862557;3.23;0.72;0.7315436241610739;6;Medium;True;False
7.1;0.685;0.35;2.0;0.088;9.0;92.0;0.9589212496871932;3.28;0.62;0.6308724832214765;5;Medium;True;False
9.9;0.25;0.46;1.7;0.062;26.0;42.0;0.958536256713315;3.18;0.83;0.7114093959731543;6;Medium;True;False
6.4;0.64;0.21;1.8;0.081;14.0;31.0;0.9594891143236637;3.59;0.66;0.6577181208053692;5;Medium;True;False
7.4;0.68;0.16;1.8;0.078;12.0;39.0;0.960268725095767;3.5;0.7;0.6644295302013423;6;Medium;True;False
6.4;0.63;0.21;1.6;0.08;12.0;32.0;0.9594891143236637;3.58;0.66;0.6577181208053692;5;Medium;True;False
9.3;0.43;0.44;1.9;0.085;9.0;22.0;0.9596719859862557;3.28;0.55;0.6375838926174496;5;Medium;True;False
8.0;0.42;0.32;2.5;0.08;26.0;122.0;0.9605670946505226;3.22;1.07;0.6510067114093959;5;Medium;True;False
9.3;0.36;0.39;1.5;0.08;41.0;55.0;0.9591329958228262;3.47;0.73;0.7315436241610739;6;Medium;True;False
7.6;0.735;0.02;2.5;0.071;10.0;14.0;0.9580357658472733;3.51;0.71;0.785234899328859;7;High;True;False
8.2;0.26;0.34;2.5;0.073;16.0;47.0;0.9585747560107029;3.4;0.78;0.7583892617449665;7;High;True;False
11.7;0.28;0.47;1.7;0.054;17.0;32.0;0.9594602398506227;3.15;0.67;0.7114093959731543;7;High;True;False
6.8;0.56;0.22;1.8;0.074;15.0;24.0;0.9570732834125778;3.4;0.82;0.7516778523489932;6;Medium;True;False
7.2;0.62;0.06;2.7;0.077;15.0;85.0;0.96003772931144;3.51;0.54;0.6375838926174496;5;Medium;True;False
5.8;1.01;0.66;2.0;0.039;15.0;88.0;0.9562936726404743;3.66;0.6;0.7718120805369127;6;Medium;True;False
7.5;0.42;0.32;2.7;0.067;7.0;25.0;0.9589020000384993;3.24;0.44;0.697986577181208;5;Medium;True;False
7.2;0.62;0.06;2.5;0.078;17.0;84.0;0.96003772931144;3.51;0.53;0.6510067114093959;5;Medium;True;False
7.2;0.635;0.07;2.6;0.077;16.0;86.0;0.960056978960134;3.51;0.54;0.6510067114093959;5;Medium;True;False
6.8;0.49;0.22;2.3;0.071;13.0;24.0;0.9570732834125778;3.41;0.83;0.7583892617449665;6;Medium;True;False
6.9;0.51;0.23;2.0;0.072;13.0;22.0;0.9570732834125778;3.4;0.84;0.7516778523489932;6;Medium;True;False
7.6;0.63;0.03;2.0;0.08;27.0;43.0;0.9584207588211515;3.44;0.64;0.7315436241610739;6;Medium;True;False
7.7;0.715;0.01;2.1;0.064;31.0;43.0;0.9564284201813317;3.41;0.57;0.7919463087248323;6;Medium;True;False
6.9;0.56;0.03;1.5;0.086;36.0;46.0;0.957881768657722;3.53;0.57;0.7114093959731543;5;Medium;True;False
7.3;0.35;0.24;2.0;0.067;28.0;48.0;0.9584015091724576;3.43;0.54;0.6711409395973155;4;Low;True;False
9.1;0.21;0.37;1.6;0.067;6.0;10.0;0.9581705133881306;3.23;0.58;0.7449664429530201;7;High;True;False
10.4;0.38;0.46;2.1;0.104;6.0;10.0;0.9592484937149897;3.12;0.65;0.7919463087248323;7;High;True;False
8.8;0.31;0.4;2.8;0.109;7.0;16.0;0.9587672524976419;3.31;0.79;0.7919463087248323;7;High;True;False
7.1;0.47;0.0;2.2;0.067;7.0;14.0;0.9578336445359872;3.4;0.58;0.7315436241610739;4;Low;True;False
8.8;0.61;0.19;4.0;0.094;30.0;69.0;0.9604323471096653;3.22;0.5;0.6711409395973155;6;Medium;True;False
7.2;0.6;0.04;2.5;0.076;18.0;88.0;0.9600281044870931;3.53;0.55;0.6375838926174496;5;Medium;True;False
9.2;0.56;0.18;1.6;0.078;10.0;21.0;0.9584015091724576;3.15;0.49;0.6644295302013423;5;Medium;True;False
7.6;0.715;0.0;2.1;0.068;30.0;35.0;0.9579876417255385;3.48;0.65;0.7651006711409396;6;Medium;True;False
8.4;0.31;0.29;3.1;0.194;14.0;26.0;0.9580165161985794;3.22;0.78;0.8053691275167785;6;Medium;True;False
8.9;0.75;0.14;2.5;0.086;9.0;30.0;0.9607884656105026;3.34;0.64;0.7046979865771812;5;Medium;True;False
9.0;0.8;0.12;2.4;0.083;8.0;28.0;0.960903963502666;3.33;0.65;0.697986577181208;6;Medium;True;False
10.7;0.52;0.38;2.6;0.066;29.0;56.0;0.9584111339968046;3.15;0.79;0.8120805369127516;7;High;True;False
6.8;0.57;0.0;2.5;0.072;32.0;64.0;0.9575833991029663;3.43;0.56;0.7516778523489932;6;Medium;True;False
10.7;0.9;0.34;6.6;0.112;23.0;99.0;0.9652640089318371;3.22;0.68;0.6241610738255033;5;Medium;True;False
7.2;0.34;0.24;2.0;0.071;30.0;52.0;0.9584015091724576;3.44;0.58;0.6778523489932885;5;Medium;True;False
7.2;0.66;0.03;2.3;0.078;16.0;86.0;0.9600088548383993;3.53;0.57;0.6510067114093959;5;Medium;True;False
10.1;0.45;0.23;1.9;0.082;10.0;18.0;0.9603072243931547;3.22;0.65;0.6241610738255033;6;Medium;True;False
7.2;0.63;0.03;2.2;0.08;17.0;88.0;0.9600281044870931;3.53;0.58;0.6577181208053692;6;Medium;True;False
7.1;0.59;0.01;2.3;0.08;27.0;43.0;0.9581512637394368;3.42;0.58;0.7181208053691275;6;Medium;True;False
8.3;0.31;0.39;2.4;0.078;17.0;43.0;0.9571310323586595;3.31;0.77;0.8389261744966443;7;High;True;False
8.3;1.02;0.02;3.4;0.084;6.0;11.0;0.9614429536660956;3.48;0.49;0.7382550335570469;3;Low;True;False
8.9;0.31;0.36;2.6;0.056;10.0;39.0;0.9582667616316002;3.4;0.69;0.7919463087248323;5;Medium;True;False
7.4;0.635;0.1;2.4;0.08;16.0;33.0;0.9599414810679705;3.58;0.69;0.7248322147651007;7;High;True;False
6.8;0.59;0.06;6.0;0.06;11.0;18.0;0.9588250014437236;3.41;0.59;0.7248322147651007;7;High;True;False
9.2;0.58;0.2;3.0;0.081;15.0;115.0;0.9605574698261756;3.23;0.59;0.6375838926174496;5;Medium;True;False
7.2;0.54;0.27;2.6;0.084;12.0;78.0;0.9590174979306627;3.39;0.71;0.7382550335570469;5;Medium;True;False
6.1;0.56;0.0;2.2;0.079;6.0;9.0;0.9574775260351499;3.59;0.54;0.7718120805369127;6;Medium;True;False
7.4;0.52;0.13;2.4;0.078;34.0;61.0;0.9579395176038038;3.43;0.59;0.7248322147651007;6;Medium;True;False
7.3;0.305;0.39;1.2;0.059;7.0;11.0;0.9560434272074535;3.29;0.52;0.7718120805369127;6;Medium;True;False
9.3;0.38;0.48;3.8;0.132;3.0;11.0;0.9584111339968046;3.23;0.57;0.8859060402684563;6;Medium;True;False
9.1;0.28;0.46;9.0;0.114;3.0;9.0;0.9615295770852181;3.18;0.6;0.7315436241610739;6;Medium;True;False
10.0;0.46;0.44;2.9;0.065;4.0;8.0;0.9593447419584592;3.33;0.62;0.8187919463087248;6;Medium;True;False
9.4;0.395;0.46;4.6;0.094;3.0;10.0;0.9590078731063157;3.27;0.64;0.8187919463087248;7;High;True;False
8.6;0.315;0.4;2.2;0.079;3.0;6.0;0.9577855204142525;3.27;0.67;0.7986577181208053;6;Medium;True;False
5.3;0.715;0.19;1.5;0.161;7.0;62.0;0.9566594159656586;3.62;0.61;0.7382550335570469;5;Medium;True;False
6.8;0.41;0.31;8.8;0.084;26.0;45.0;0.9607884656105026;3.38;0.64;0.6778523489932885;6;Medium;True;False
8.4;0.36;0.32;2.2;0.081;32.0;79.0;0.9590174979306627;3.3;0.72;0.7382550335570469;6;Medium;True;False
8.4;0.62;0.12;1.8;0.072;38.0;46.0;0.9577085218194769;3.38;0.89;0.7919463087248323;6;Medium;True;False
9.6;0.41;0.37;2.3;0.091;10.0;23.0;0.9604227222853182;3.24;0.56;0.7046979865771812;5;Medium;True;False
8.6;0.47;0.27;2.3;0.055;14.0;28.0;0.9578240197116403;3.18;0.8;0.7516778523489932;5;Medium;True;False
8.6;0.22;0.36;1.9;0.064;53.0;77.0;0.9586710042541724;3.47;0.87;0.7382550335570469;7;High;True;False
9.4;0.24;0.33;2.3;0.061;52.0;73.0;0.9604227222853182;3.47;0.9;0.6845637583892616;6;Medium;True;False
8.4;0.67;0.19;2.2;0.093;11.0;75.0;0.9599414810679705;3.2;0.59;0.6174496644295301;4;Low;True;False
8.7;0.33;0.38;3.3;0.063;10.0;19.0;0.9573620281429864;3.3;0.73;0.8053691275167785;7;High;True;False
6.6;0.61;0.01;1.9;0.08;8.0;25.0;0.96003772931144;3.69;0.73;0.7046979865771812;5;Medium;True;False
7.4;0.61;0.01;2.0;0.074;13.0;38.0;0.960056978960134;3.48;0.65;0.6577181208053692;5;Medium;True;False
7.6;0.4;0.29;1.9;0.078;29.0;66.0;0.9596912356349496;3.45;0.59;0.6375838926174496;6;Medium;True;False
8.8;0.3;0.38;2.3;0.06;19.0;72.0;0.9580838899690081;3.39;0.72;0.7919463087248323;6;Medium;True;False
12.0;0.63;0.5;1.4;0.071;6.0;26.0;0.960470846407053;3.07;0.6;0.697986577181208;4;Low;True;False
7.2;0.38;0.38;2.8;0.068;23.0;42.0;0.9562840478161273;3.34;0.72;0.8657718120805369;7;High;True;False
6.2;0.46;0.17;1.6;0.073;7.0;11.0;0.9569481606960673;3.61;0.54;0.7651006711409396;5;Medium;True;False
9.6;0.33;0.52;2.2;0.074;13.0;25.0;0.9577566459412116;3.36;0.76;0.8322147651006712;7;High;True;False
9.9;0.27;0.49;5.0;0.082;9.0;17.0;0.9575160253325377;3.19;0.52;0.8389261744966443;7;High;True;False
10.1;0.43;0.4;2.6;0.092;13.0;52.0;0.9608847138539721;3.22;0.64;0.6711409395973155;7;High;True;False
9.8;0.5;0.34;2.3;0.094;10.0;45.0;0.9611734585843807;3.24;0.6;0.6510067114093959;7;High;True;False
8.3;0.3;0.49;3.8;0.09;11.0;24.0;0.9576507728733951;3.27;0.64;0.8120805369127516;7;High;True;False
10.2;0.44;0.42;2.0;0.071;7.0;20.0;0.958305260928988;3.14;0.79;0.7449664429530201;7;High;True;False
10.2;0.44;0.58;4.1;0.092;11.0;24.0;0.9600281044870931;3.29;0.99;0.8053691275167785;7;High;True;False
8.3;0.28;0.48;2.1;0.093;6.0;12.0;0.956784538682169;3.26;0.62;0.8322147651006712;7;High;True;False
8.9;0.12;0.45;1.8;0.075;10.0;21.0;0.9581705133881306;3.41;0.76;0.7986577181208053;7;High;True;False
8.2;0.31;0.4;2.2;0.058;6.0;10.0;0.9580165161985794;3.31;0.68;0.7516778523489932;7;High;True;False
10.2;0.34;0.48;2.1;0.052;5.0;9.0;0.9572657798995169;3.2;0.69;0.8120805369127516;7;High;True;False
7.6;0.43;0.4;2.7;0.082;6.0;11.0;0.9580357658472733;3.44;0.54;0.8187919463087248;6;Medium;True;False
8.5;0.21;0.52;1.9;0.09;9.0;23.0;0.9590944965254384;3.36;0.67;0.697986577181208;5;Medium;True;False
9.0;0.36;0.52;2.1;0.111;5.0;10.0;0.958324510577682;3.31;0.62;0.7583892617449665;6;Medium;True;False
9.5;0.37;0.52;2.0;0.088;12.0;51.0;0.9587576276732949;3.29;0.58;0.7449664429530201;6;Medium;True;False
6.4;0.57;0.12;2.3;0.12;25.0;36.0;0.9578528941846811;3.47;0.71;0.7583892617449665;7;High;True;False
8.0;0.59;0.05;2.0;0.089;12.0;32.0;0.9599318562436235;3.36;0.61;0.6711409395973155;5;Medium;True;False
8.5;0.47;0.27;1.9;0.058;18.0;38.0;0.9578432693603341;3.16;0.85;0.7449664429530201;6;Medium;True;False
7.1;0.56;0.14;1.6;0.078;7.0;18.0;0.9585555063620089;3.27;0.62;0.6241610738255033;5;Medium;True;False
6.6;0.57;0.02;2.1;0.115;6.0;16.0;0.9591522454715201;3.38;0.69;0.6375838926174496;5;Medium;True;False
8.8;0.27;0.39;2.0;0.1;20.0;27.0;0.958112764442049;3.15;0.69;0.7516778523489932;6;Medium;True;False
8.3;0.34;0.4;2.4;0.065;24.0;48.0;0.9581897630368246;3.34;0.86;0.7382550335570469;6;Medium;True;False
9.0;0.38;0.41;2.4;0.103;6.0;10.0;0.9586710042541724;3.13;0.58;0.7986577181208053;7;High;True;False
8.5;0.66;0.2;2.1;0.097;23.0;113.0;0.9599126065949297;3.13;0.48;0.6174496644295301;5;Medium;True;False
9.0;0.4;0.43;2.4;0.068;29.0;46.0;0.9569962848178021;3.2;0.6;0.8187919463087248;6;Medium;True;False
6.7;0.56;0.09;2.9;0.079;7.0;22.0;0.9592966178367245;3.46;0.61;0.6845637583892616;5;Medium;True;False
10.4;0.26;0.48;1.9;0.066;6.0;10.0;0.959825983175807;3.33;0.87;0.7315436241610739;6;Medium;True;False
10.1;0.38;0.5;2.4;0.104;6.0;13.0;0.9590463724037036;3.22;0.65;0.7785234899328859;7;High;True;False
8.5;0.34;0.44;1.7;0.079;6.0;12.0;0.9586806290785193;3.52;0.63;0.7181208053691275;5;Medium;True;False
8.8;0.33;0.41;5.9;0.073;7.0;13.0;0.959190744768908;3.3;0.62;0.8120805369127516;7;High;True;False
7.2;0.41;0.3;2.1;0.083;35.0;72.0;0.9595949873914801;3.44;0.52;0.6308724832214765;5;Medium;True;False
8.4;0.59;0.29;2.6;0.109;31.0;119.0;0.9605670946505226;3.15;0.5;0.610738255033557;5;Medium;True;False
7.0;0.4;0.32;3.6;0.061;9.0;29.0;0.9568615372769447;3.28;0.49;0.7583892617449665;7;High;True;False
12.2;0.45;0.49;1.4;0.075;3.0;6.0;0.9594987391480105;3.13;0.63;0.697986577181208;5;Medium;True;False
9.1;0.5;0.3;1.9;0.065;8.0;17.0;0.9603072243931547;3.32;0.71;0.7046979865771812;6;Medium;True;False
9.5;0.86;0.26;1.9;0.079;13.0;28.0;0.9597104852836436;3.25;0.62;0.6711409395973155;5;Medium;True;False
7.3;0.52;0.32;2.1;0.07;51.0;70.0;0.9568807869256385;3.34;0.82;0.8657718120805369;6;Medium;True;False
7.4;0.58;0.0;2.0;0.064;7.0;11.0;0.9582667616316002;3.45;0.58;0.7583892617449665;6;Medium;True;False
9.8;0.34;0.39;1.4;0.066;3.0;7.0;0.9573812777916804;3.19;0.55;0.7651006711409396;7;High;True;False
7.1;0.36;0.3;1.6;0.08;35.0;70.0;0.9595276136210514;3.44;0.5;0.6308724832214765;5;Medium;True;False
7.7;0.39;0.12;1.7;0.097;19.0;27.0;0.9585940056593967;3.16;0.49;0.6308724832214765;5;Medium;True;False
9.7;0.295;0.4;1.5;0.073;14.0;21.0;0.9582090126855185;3.14;0.51;0.7315436241610739;6;Medium;True;False
7.1;0.34;0.28;2.0;0.082;31.0;68.0;0.9595372384453984;3.45;0.48;0.6308724832214765;5;Medium;True;False
6.5;0.4;0.1;2.0;0.076;30.0;47.0;0.9581897630368246;3.36;0.48;0.6308724832214765;6;Medium;True;False
10.0;0.35;0.45;2.5;0.092;20.0;88.0;0.9616931990991164;3.15;0.43;0.6308724832214765;5;Medium;True;False
7.7;0.6;0.06;2.0;0.079;19.0;41.0;0.9595661129184393;3.39;0.62;0.6778523489932885;6;Medium;True;False
5.6;0.66;0.0;2.2;0.087;3.0;11.0;0.9564957939517603;3.71;0.63;0.8590604026845637;7;High;True;False
8.9;0.84;0.34;1.4;0.05;4.0;10.0;0.9581897630368246;3.12;0.48;0.610738255033557;6;Medium;True;False
6.4;0.69;0.0;1.65;0.055;7.0;12.0;0.9544168318928179;3.47;0.53;0.8657718120805369;6;Medium;True;False
7.5;0.43;0.3;2.2;0.062;6.0;12.0;0.9576218984003542;3.44;0.72;0.7718120805369127;7;High;True;False
9.9;0.35;0.38;1.5;0.058;31.0;47.0;0.9593639916071531;3.26;0.82;0.7114093959731543;7;High;True;False
9.1;0.29;0.33;2.05;0.063;13.0;27.0;0.9578240197116403;3.26;0.84;0.785234899328859;7;High;True;False
6.8;0.36;0.32;1.8;0.067;4.0;8.0;0.9555525611657587;3.36;0.55;0.8590604026845637;7;High;True;False
8.2;0.43;0.29;1.6;0.081;27.0;45.0;0.9586613794298253;3.25;0.54;0.6912751677852349;5;Medium;True;False
9.1;0.3;0.34;2.0;0.064;12.0;25.0;0.9578240197116403;3.26;0.84;0.785234899328859;7;High;True;False
8.9;0.35;0.4;3.6;0.11;12.0;24.0;0.9581416389150897;3.23;0.7;0.8053691275167785;7;High;True;False
9.6;0.5;0.36;2.8;0.116;26.0;55.0;0.9598067335271131;3.18;0.68;0.7315436241610739;5;Medium;True;False
8.9;0.28;0.45;1.7;0.067;7.0;12.0;0.9562647981674334;3.25;0.55;0.825503355704698;7;High;True;False
8.9;0.32;0.31;2.0;0.088;12.0;19.0;0.9583437602263759;3.17;0.55;0.697986577181208;6;Medium;True;False
7.7;1.005;0.15;2.1;0.102;11.0;32.0;0.9586710042541724;3.23;0.48;0.6711409395973155;5;Medium;True;False
7.5;0.71;0.0;1.6;0.092;22.0;31.0;0.9589693738089279;3.38;0.58;0.6711409395973155;6;Medium;True;False
8.0;0.58;0.16;2.0;0.12;3.0;7.0;0.957227280602129;3.22;0.58;0.7516778523489932;6;Medium;True;False
10.5;0.39;0.46;2.2;0.075;14.0;27.0;0.9586132553080906;3.06;0.84;0.7651006711409396;6;Medium;True;False
8.9;0.38;0.4;2.2;0.068;12.0;28.0;0.9575352749812316;3.27;0.75;0.8456375838926175;7;High;True;False
8.0;0.18;0.37;0.9;0.049;36.0;109.0;0.9529249841190398;2.89;0.44;0.8523489932885905;6;Medium;True;False
7.0;0.5;0.14;1.8;0.078;10.0;23.0;0.958978998633275;3.53;0.61;0.697986577181208;5;Medium;True;False
11.3;0.36;0.66;2.4;0.123;3.0;8.0;0.9590367475793566;3.2;0.53;0.7986577181208053;6;Medium;True;False
7.0;0.51;0.09;2.1;0.062;4.0;9.0;0.9584785077672332;3.35;0.54;0.7046979865771812;5;Medium;True;False
8.2;0.32;0.42;2.3;0.098;3.0;9.0;0.9577277714681707;3.27;0.55;0.825503355704698;6;Medium;True;False
7.7;0.58;0.01;1.8;0.088;12.0;18.0;0.958324510577682;3.32;0.56;0.7046979865771812;7;High;True;False
8.6;0.83;0.0;2.8;0.095;17.0;43.0;0.9607692159618086;3.33;0.6;0.697986577181208;6;Medium;True;False
7.9;0.31;0.32;1.9;0.066;14.0;36.0;0.9563610464109029;3.41;0.56;0.8456375838926175;6;Medium;True;False
6.4;0.795;0.0;2.2;0.065;28.0;52.0;0.9564957939517603;3.49;0.52;0.7785234899328859;5;Medium;True;False
7.2;0.34;0.21;2.5;0.075;41.0;68.0;0.9584977574159271;3.37;0.54;0.6778523489932885;6;Medium;True;False
7.1;0.59;0.0;2.1;0.091;9.0;14.0;0.9575545246299255;3.42;0.55;0.7718120805369127;7;High;True;False
7.3;0.55;0.01;1.8;0.093;9.0;15.0;0.9578047700629464;3.35;0.58;0.7382550335570469;7;High;True;False
8.1;0.82;0.0;4.1;0.095;5.0;14.0;0.9610772103409112;3.36;0.53;0.6442953020134228;5;Medium;True;False
7.5;0.57;0.08;2.6;0.089;14.0;27.0;0.9585555063620089;3.3;0.59;0.697986577181208;6;Medium;True;False
8.9;0.745;0.18;2.5;0.077;15.0;48.0;0.9599703555410114;3.2;0.47;0.6510067114093959;6;Medium;True;False
10.1;0.37;0.34;2.4;0.085;5.0;17.0;0.9594313653775819;3.17;0.65;0.7114093959731543;7;High;True;False
7.6;0.31;0.34;2.5;0.082;26.0;35.0;0.9562840478161273;3.22;0.59;0.8389261744966443;7;High;True;False
7.3;0.91;0.1;1.8;0.074;20.0;56.0;0.9593254923097654;3.35;0.56;0.6174496644295301;5;Medium;True;False
8.7;0.41;0.41;6.2;0.078;25.0;42.0;0.9579587672524976;3.24;0.77;0.8456375838926175;7;High;True;False
8.9;0.5;0.21;2.2;0.088;21.0;39.0;0.9595179887967045;3.33;0.83;0.7449664429530201;6;Medium;True;False
7.4;0.965;0.0;2.2;0.088;16.0;32.0;0.9601339775549096;3.58;0.67;0.6845637583892616;5;Medium;True;False
6.9;0.49;0.19;1.7;0.079;13.0;26.0;0.9581223892663958;3.38;0.64;0.6577181208053692;6;Medium;True;False
9.5;0.39;0.41;8.9;0.069;18.0;39.0;0.961125334462646;3.29;0.81;0.7315436241610739;7;High;True;False
6.4;0.39;0.33;3.3;0.046;12.0;53.0;0.9556873087066161;3.36;0.62;0.8187919463087248;6;Medium;True;False
6.9;0.44;0.0;1.4;0.07;32.0;38.0;0.9570732834125778;3.32;0.58;0.7651006711409396;6;Medium;True;False
7.6;0.78;0.0;1.7;0.076;33.0;45.0;0.958748002848948;3.31;0.62;0.7181208053691275;6;Medium;True;False
7.1;0.43;0.17;1.8;0.082;27.0;51.0;0.958959748984581;3.49;0.64;0.697986577181208;5;Medium;True;False
9.3;0.49;0.36;1.7;0.081;3.0;14.0;0.959614237040174;3.27;0.78;0.7315436241610739;6;Medium;True;False
9.3;0.5;0.36;1.8;0.084;6.0;17.0;0.9596334866888679;3.27;0.77;0.7248322147651007;6;Medium;True;False
8.5;0.46;0.59;1.4;0.414;16.0;45.0;0.959614237040174;3.03;1.34;0.6174496644295301;5;Medium;True;False
5.6;0.605;0.05;2.4;0.073;19.0;25.0;0.9553408150301257;3.56;0.55;0.8657718120805369;5;Medium;True;False
8.3;0.33;0.42;2.3;0.07;9.0;20.0;0.9569577855204142;3.38;0.77;0.8523489932885905;7;High;True;False
8.2;0.64;0.27;2.0;0.095;5.0;77.0;0.960047354135787;3.13;0.62;0.610738255033557;6;Medium;True;False
8.9;0.48;0.53;4.0;0.101;3.0;10.0;0.9584977574159271;3.21;0.59;0.8120805369127516;7;High;True;False
7.6;0.42;0.25;3.9;0.104;28.0;90.0;0.9604034726366243;3.15;0.57;0.610738255033557;5;Medium;True;False
9.9;0.53;0.57;2.4;0.093;30.0;52.0;0.9596912356349496;3.19;0.76;0.7785234899328859;7;High;True;False
11.6;0.23;0.57;1.8;0.074;3.0;8.0;0.9606537180696452;3.14;0.7;0.6644295302013423;6;Medium;True;False
9.1;0.4;0.5;1.8;0.071;7.0;16.0;0.9573042791969046;3.21;0.69;0.8389261744966443;8;High;True;False
8.0;0.38;0.44;1.9;0.098;6.0;15.0;0.9582475119829064;3.3;0.64;0.7651006711409396;6;Medium;True;False
10.2;0.29;0.65;2.4;0.075;6.0;17.0;0.9582956361046411;3.22;0.63;0.7919463087248323;6;Medium;True;False
8.2;0.74;0.09;2.0;0.067;5.0;10.0;0.9568807869256385;3.28;0.57;0.7919463087248323;6;Medium;True;False
7.7;0.61;0.18;2.4;0.083;6.0;20.0;0.9589212496871932;3.29;0.6;0.6845637583892616;6;Medium;True;False
6.6;0.52;0.08;2.4;0.07;13.0;26.0;0.9563032974648212;3.4;0.72;0.8389261744966443;7;High;True;False
11.1;0.31;0.53;2.2;0.06;3.0;10.0;0.9583630098750698;3.02;0.83;0.7315436241610739;7;High;True;False
8.0;0.62;0.35;2.8;0.086;28.0;52.0;0.9595949873914801;3.31;0.62;0.7248322147651007;5;Medium;True;False
9.3;0.33;0.45;1.5;0.057;19.0;37.0;0.9576507728733951;3.18;0.89;0.7449664429530201;7;High;True;False
7.5;0.77;0.2;8.1;0.098;30.0;92.0;0.9614429536660956;3.2;0.58;0.6174496644295301;5;Medium;True;False
7.2;0.35;0.26;1.8;0.083;33.0;75.0;0.959402490904541;3.4;0.58;0.6375838926174496;6;Medium;True;False
8.0;0.62;0.33;2.7;0.088;16.0;37.0;0.9597874838784192;3.31;0.58;0.7181208053691275;6;Medium;True;False
9.1;0.25;0.34;2.0;0.071;45.0;67.0;0.96025910027142;3.44;0.86;0.6845637583892616;7;High;True;False
9.9;0.32;0.56;2.0;0.073;3.0;8.0;0.9579972665498855;3.15;0.73;0.7651006711409396;6;Medium;True;False
8.6;0.37;0.65;6.4;0.08;3.0;8.0;0.9607210918400739;3.27;0.58;0.7382550335570469;5;Medium;True;False
7.9;0.3;0.68;8.3;0.05;37.5;278.0;0.9558990548422491;3.01;0.51;0.825503355704698;7;High;True;False
10.3;0.27;0.56;1.4;0.047;3.0;8.0;0.9573909026160272;3.16;0.51;0.7919463087248323;6;Medium;True;False
7.9;0.3;0.68;8.3;0.05;37.5;289.0;0.9558990548422491;3.01;0.51;0.825503355704698;7;High;True;False
7.2;0.38;0.3;1.8;0.073;31.0;70.0;0.9594506150262758;3.42;0.59;0.6375838926174496;6;Medium;True;False
8.7;0.42;0.45;2.4;0.072;32.0;59.0;0.9587961269706827;3.33;0.77;0.8053691275167785;6;Medium;True;False
6.8;0.48;0.08;1.8;0.074;40.0;64.0;0.9579491424281507;3.12;0.49;0.6442953020134228;5;Medium;True;False
8.5;0.34;0.4;4.7;0.055;3.0;9.0;0.9599607307166644;3.38;0.66;0.7785234899328859;7;High;True;False
7.9;0.19;0.42;1.6;0.057;18.0;30.0;0.9567075400873933;3.29;0.69;0.7516778523489932;6;Medium;True;False
11.6;0.41;0.54;1.5;0.095;22.0;41.0;0.9599318562436235;3.02;0.76;0.6644295302013423;7;High;True;False
10.0;0.26;0.54;1.9;0.083;42.0;74.0;0.9571984061290881;2.98;0.63;0.7919463087248323;8;High;True;False
7.9;0.34;0.42;2.0;0.086;8.0;19.0;0.958112764442049;3.35;0.6;0.7651006711409396;6;Medium;True;False
7.0;0.54;0.09;2.0;0.081;10.0;16.0;0.9574679012108028;3.43;0.59;0.7718120805369127;6;Medium;True;False
9.2;0.31;0.36;2.2;0.079;11.0;31.0;0.9587768773219888;3.33;0.86;0.8053691275167785;7;High;True;False
6.6;0.725;0.09;5.5;0.117;9.0;17.0;0.9591618702958671;3.35;0.49;0.7248322147651007;6;Medium;True;False
9.4;0.4;0.47;2.5;0.087;6.0;20.0;0.9602879747444609;3.15;0.5;0.7046979865771812;5;Medium;True;False
8.6;0.52;0.38;1.5;0.096;5.0;18.0;0.9592677433636836;3.2;0.52;0.6308724832214765;5;Medium;True;False
8.0;0.31;0.45;2.1;0.216;5.0;16.0;0.9563032974648212;3.15;0.81;0.8389261744966443;7;High;True;False
8.4;0.34;0.42;2.1;0.072;23.0;36.0;0.9566305414926177;3.11;0.78;0.8322147651006712;6;Medium;True;False
7.4;0.49;0.27;2.1;0.071;14.0;25.0;0.9565920421952299;3.35;0.63;0.8053691275167785;6;Medium;True;False
6.1;0.48;0.09;1.7;0.078;18.0;30.0;0.9567267897360873;3.45;0.54;0.7516778523489932;6;Medium;True;False
8.0;0.48;0.34;2.2;0.073;16.0;25.0;0.9563225471135152;3.28;0.66;0.8322147651006712;6;Medium;True;False
6.3;0.57;0.28;2.1;0.048;13.0;49.0;0.9564572946543725;3.41;0.6;0.8590604026845637;5;Medium;True;False
8.2;0.23;0.42;1.9;0.069;9.0;17.0;0.9564765443030664;3.21;0.54;0.825503355704698;6;Medium;True;False
9.1;0.3;0.41;2.0;0.068;10.0;24.0;0.9578913934820689;3.27;0.85;0.785234899328859;7;High;True;False
8.1;0.78;0.1;3.3;0.09;4.0;13.0;0.9610868351652583;3.36;0.49;0.6375838926174496;5;Medium;True;False
10.8;0.47;0.43;2.1;0.171;27.0;66.0;0.9607499663131147;3.17;0.76;0.7248322147651007;6;Medium;True;False
8.3;0.53;0.0;1.4;0.07;6.0;14.0;0.9585651311863558;3.25;0.64;0.6711409395973155;6;Medium;True;False
5.4;0.42;0.27;2.0;0.092;23.0;55.0;0.9573909026160272;3.78;0.64;0.825503355704698;7;High;True;False
7.9;0.33;0.41;1.5;0.056;6.0;35.0;0.9566690407900055;3.29;0.71;0.7382550335570469;6;Medium;True;False
8.9;0.24;0.39;1.6;0.074;3.0;10.0;0.9595757377427862;3.12;0.59;0.6375838926174496;6;Medium;True;False
5.0;0.4;0.5;4.3;0.046;29.0;80.0;0.9530501068355502;3.49;0.66;0.9127516778523489;6;Medium;True;False
7.0;0.69;0.07;2.5;0.091;15.0;21.0;0.9583630098750698;3.38;0.6;0.7583892617449665;6;Medium;True;False
7.1;0.39;0.12;2.1;0.065;14.0;24.0;0.9552830660840439;3.3;0.53;0.8926174496644296;6;Medium;True;False
5.6;0.66;0.0;2.5;0.066;7.0;15.0;0.9553215653814318;3.52;0.58;0.8657718120805369;5;Medium;True;False
7.9;0.54;0.34;2.5;0.076;8.0;17.0;0.9551194440701457;3.2;0.72;0.8791946308724832;8;High;True;False
6.6;0.5;0.0;1.8;0.062;21.0;28.0;0.9562455485187394;3.44;0.55;0.825503355704698;6;Medium;True;False
6.3;0.47;0.0;1.4;0.055;27.0;33.0;0.9549750717049413;3.45;0.48;0.825503355704698;6;Medium;True;False
10.7;0.4;0.37;1.9;0.081;17.0;29.0;0.9593447419584592;3.12;0.65;0.7516778523489932;6;Medium;True;False
6.5;0.58;0.0;2.2;0.096;3.0;13.0;0.9582186375098654;3.62;0.62;0.7718120805369127;4;Low;True;False
8.8;0.24;0.35;1.7;0.055;13.0;27.0;0.9566497911413117;3.14;0.59;0.7583892617449665;7;High;True;False
5.8;0.29;0.26;1.7;0.063;3.0;11.0;0.9543013340006545;3.39;0.54;0.9060402684563759;6;Medium;True;False
6.3;0.76;0.0;2.9;0.072;26.0;52.0;0.9565054187761073;3.51;0.6;0.7718120805369127;6;Medium;True;False
10.0;0.43;0.33;2.7;0.095;28.0;89.0;0.9609424628000538;3.22;0.68;0.6711409395973155;5;Medium;True;False
10.5;0.43;0.35;3.3;0.092;24.0;70.0;0.9605382201774817;3.21;0.69;0.7046979865771812;6;Medium;True;False
9.1;0.6;0.0;1.9;0.058;5.0;10.0;0.960268725095767;3.18;0.63;0.697986577181208;6;Medium;True;False
5.9;0.19;0.21;1.7;0.045;57.0;135.0;0.956139675450923;3.32;0.44;0.6375838926174496;5;Medium;True;False
7.4;0.36;0.34;1.8;0.075;18.0;38.0;0.9560338023831064;3.38;0.88;0.9127516778523489;7;High;True;False
7.2;0.48;0.07;5.5;0.089;10.0;18.0;0.9594409902019287;3.37;0.68;0.7516778523489932;7;High;True;False
8.5;0.28;0.35;1.7;0.061;6.0;15.0;0.9579010183064159;3.3;0.74;0.7919463087248323;7;High;True;False
8.0;0.25;0.43;1.7;0.067;22.0;50.0;0.9572850295482108;3.38;0.6;0.7986577181208053;6;Medium;True;False
10.4;0.52;0.45;2.0;0.08;6.0;13.0;0.9603072243931547;3.22;0.76;0.7651006711409396;6;Medium;True;False
7.5;0.41;0.15;3.7;0.104;29.0;94.0;0.9604227222853182;3.14;0.58;0.610738255033557;5;Medium;True;False
8.2;0.51;0.24;2.0;0.079;16.0;86.0;0.9602109761496852;3.34;0.64;0.6375838926174496;6;Medium;True;False
7.3;0.4;0.3;1.7;0.08;33.0;79.0;0.9594987391480105;3.41;0.65;0.6375838926174496;6;Medium;True;False
8.2;0.38;0.32;2.5;0.08;24.0;71.0;0.9588635007411115;3.27;0.85;0.7382550335570469;6;Medium;True;False
6.9;0.45;0.11;2.4;0.043;6.0;12.0;0.9562647981674334;3.3;0.65;0.7651006711409396;6;Medium;True;False
7.0;0.22;0.3;1.8;0.065;16.0;20.0;0.9593254923097654;3.61;0.82;0.6711409395973155;6;Medium;True;False
7.3;0.32;0.23;2.3;0.066;35.0;70.0;0.9585170070646211;3.43;0.62;0.6778523489932885;5;Medium;True;False
8.2;0.2;0.43;2.5;0.076;31.0;51.0;0.9593254923097654;3.53;0.81;0.697986577181208;6;Medium;True;False
7.8;0.5;0.12;1.8;0.178;6.0;21.0;0.9586325049567845;3.28;0.87;0.6577181208053692;6;Medium;True;False
10.0;0.41;0.45;6.2;0.071;6.0;14.0;0.959614237040174;3.21;0.49;0.7919463087248323;7;High;True;False
7.8;0.39;0.42;2.0;0.086;9.0;21.0;0.9579202679551099;3.39;0.66;0.7785234899328859;6;Medium;True;False
10.0;0.35;0.47;2.0;0.061;6.0;11.0;0.9584881325915802;3.23;0.52;0.8053691275167785;6;Medium;True;False
8.2;0.33;0.32;2.8;0.067;4.0;12.0;0.9574101522647211;3.3;0.76;0.8590604026845637;7;High;True;False
6.1;0.58;0.23;2.5;0.044;16.0;70.0;0.9562455485187394;3.46;0.65;0.8389261744966443;6;Medium;True;False
8.3;0.6;0.25;2.2;0.118;9.0;38.0;0.9587865021463359;3.15;0.53;0.6577181208053692;5;Medium;True;False
9.6;0.42;0.35;2.1;0.083;17.0;38.0;0.9588442510924176;3.23;0.66;0.7449664429530201;6;Medium;True;False
6.6;0.58;0.0;2.2;0.1;50.0;63.0;0.958093514793355;3.59;0.68;0.7651006711409396;6;Medium;True;False
8.5;0.18;0.51;1.75;0.071;45.0;88.0;0.9579010183064159;3.33;0.76;0.7919463087248323;7;High;True;False
5.1;0.51;0.18;2.1;0.042;16.0;101.0;0.9551675681918804;3.46;0.87;0.8657718120805369;7;High;True;False
6.7;0.41;0.43;2.8;0.076;22.0;54.0;0.9583630098750698;3.42;1.16;0.7114093959731543;6;Medium;True;False
10.2;0.41;0.43;2.2;0.11;11.0;37.0;0.9598644824731949;3.16;0.67;0.7248322147651007;5;Medium;True;False
10.6;0.36;0.57;2.3;0.087;6.0;20.0;0.9593639916071531;3.14;0.72;0.7449664429530201;7;High;True;False
8.8;0.45;0.43;1.4;0.076;12.0;21.0;0.9581608885637837;3.21;0.75;0.6845637583892616;6;Medium;True;False
8.5;0.32;0.42;2.3;0.075;12.0;19.0;0.9570347841151899;3.14;0.71;0.7919463087248323;7;High;True;False
9.0;0.785;0.24;1.7;0.078;10.0;21.0;0.9595179887967045;3.29;0.67;0.6711409395973155;5;Medium;True;False
8.5;0.44;0.5;1.9;0.369;15.0;38.0;0.958959748984581;3.01;1.1;0.6308724832214765;5;Medium;True;False
9.9;0.54;0.26;2.0;0.111;7.0;60.0;0.9596816108106028;2.94;0.98;0.6845637583892616;5;Medium;True;False
8.2;0.33;0.39;2.5;0.074;29.0;48.0;0.9579395176038038;3.32;0.88;0.8322147651006712;7;High;True;False
6.5;0.34;0.27;2.8;0.067;8.0;44.0;0.956553542897842;3.21;0.56;0.8053691275167785;6;Medium;True;False
7.6;0.5;0.29;2.3;0.086;5.0;14.0;0.9576892721707829;3.32;0.62;0.7718120805369127;6;Medium;True;False
9.2;0.36;0.34;1.6;0.062;5.0;12.0;0.9592773681880306;3.2;0.67;0.7046979865771812;6;Medium;True;False
7.1;0.59;0.0;2.2;0.078;26.0;44.0;0.957881768657722;3.42;0.68;0.7248322147651007;6;Medium;True;False
9.7;0.42;0.46;2.1;0.074;5.0;16.0;0.9591041213497853;3.27;0.74;0.825503355704698;6;Medium;True;False
7.6;0.36;0.31;1.7;0.079;26.0;65.0;0.9597489845810314;3.46;0.62;0.6375838926174496;6;Medium;True;False
6.5;0.61;0.0;2.2;0.095;48.0;59.0;0.9580646403203141;3.61;0.7;0.7718120805369127;6;Medium;True;False
6.5;0.88;0.03;5.6;0.079;23.0;47.0;0.9583630098750698;3.58;0.5;0.7516778523489932;4;Low;True;False
7.1;0.66;0.0;2.4;0.052;6.0;11.0;0.955918304490943;3.35;0.66;0.8523489932885905;7;High;True;False
5.6;0.915;0.0;2.1;0.041;17.0;78.0;0.9561877995726578;3.68;0.73;0.7651006711409396;5;Medium;True;False
8.2;0.35;0.33;2.4;0.076;11.0;47.0;0.9586228801324376;3.27;0.81;0.7382550335570469;6;Medium;True;False
9.8;0.39;0.43;1.65;0.068;5.0;11.0;0.957458276386456;3.19;0.46;0.7651006711409396;5;Medium;True;False
10.2;0.4;0.4;2.5;0.068;41.0;54.0;0.9601147279062157;3.38;0.86;0.7046979865771812;6;Medium;True;False
6.8;0.66;0.07;1.6;0.07;16.0;61.0;0.9583630098750698;3.29;0.6;0.6241610738255033;5;Medium;True;False
6.7;0.64;0.23;2.1;0.08;11.0;119.0;0.9580357658472733;3.36;0.7;0.7315436241610739;5;Medium;True;False
7.0;0.43;0.3;2.0;0.085;6.0;39.0;0.9561877995726578;3.33;0.46;0.7986577181208053;6;Medium;True;False
6.6;0.8;0.03;7.8;0.079;6.0;12.0;0.9589212496871932;3.52;0.5;0.8187919463087248;5;Medium;True;False
8.8;0.955;0.05;1.8;0.075;5.0;19.0;0.9587865021463359;3.3;0.44;0.6442953020134228;4;Low;True;False
9.1;0.4;0.57;4.6;0.08;6.0;20.0;0.9591329958228262;3.28;0.57;0.8389261744966443;6;Medium;True;False
6.5;0.885;0.0;2.3;0.166;6.0;12.0;0.9581608885637837;3.56;0.51;0.7248322147651007;5;Medium;True;False
7.2;0.25;0.37;2.5;0.063;11.0;41.0;0.9570829082369247;3.52;0.8;0.8322147651006712;7;High;True;False
6.4;0.885;0.0;2.3;0.166;6.0;12.0;0.9581608885637837;3.56;0.51;0.7248322147651007;5;Medium;True;False
7.0;0.745;0.12;1.8;0.114;15.0;64.0;0.9585170070646211;3.22;0.59;0.6375838926174496;6;Medium;True;False
6.2;0.43;0.22;1.8;0.078;21.0;56.0;0.9589501241602341;3.52;0.6;0.6375838926174496;6;Medium;True;False
7.9;0.58;0.23;2.3;0.076;23.0;94.0;0.9594602398506227;3.21;0.58;0.6375838926174496;6;Medium;True;False
7.7;0.57;0.21;1.5;0.069;4.0;9.0;0.9572657798995169;3.16;0.54;0.6577181208053692;6;Medium;True;False
7.7;0.26;0.26;2.0;0.052;19.0;77.0;0.9577662707655585;3.15;0.79;0.7315436241610739;6;Medium;True;False
7.9;0.34;0.36;1.9;0.065;5.0;10.0;0.9568904117499856;3.27;0.54;0.7516778523489932;7;High;True;False
8.6;0.42;0.39;1.8;0.068;6.0;12.0;0.9578240197116403;3.35;0.69;0.785234899328859;8;High;True;False
9.9;0.74;0.19;5.8;0.111;33.0;76.0;0.9613082061252382;3.14;0.55;0.6308724832214765;5;Medium;True;False
7.2;0.36;0.46;2.1;0.074;24.0;44.0;0.9579972665498855;3.4;0.85;0.7382550335570469;7;High;True;False
9.9;0.72;0.55;1.7;0.136;24.0;52.0;0.9600954782575217;3.35;0.94;0.6711409395973155;5;Medium;True;False
6.2;0.39;0.43;2.0;0.071;14.0;24.0;0.9569770351691081;3.45;0.87;0.7516778523489932;7;High;True;False
6.8;0.65;0.02;2.1;0.078;8.0;15.0;0.9576507728733951;3.35;0.62;0.697986577181208;6;Medium;True;False
6.6;0.44;0.15;2.1;0.076;22.0;53.0;0.9583437602263759;3.32;0.62;0.6241610738255033;5;Medium;True;False
9.6;0.38;0.42;1.9;0.071;5.0;13.0;0.9592003695932548;3.15;0.75;0.7046979865771812;6;Medium;True;False
10.2;0.33;0.46;1.9;0.081;6.0;9.0;0.9589020000384993;3.1;0.48;0.697986577181208;6;Medium;True;False
8.8;0.27;0.46;2.1;0.095;20.0;29.0;0.9575545246299255;3.26;0.56;0.7583892617449665;6;Medium;True;False
7.9;0.57;0.31;2.0;0.079;10.0;79.0;0.9593736164315002;3.29;0.69;0.6375838926174496;6;Medium;True;False
8.2;0.34;0.37;1.9;0.057;43.0;74.0;0.956784538682169;3.23;0.81;0.8053691275167785;6;Medium;True;False
8.2;0.4;0.31;1.9;0.082;8.0;24.0;0.9586325049567845;3.24;0.69;0.7114093959731543;6;Medium;True;False
9.0;0.39;0.4;1.3;0.044;25.0;50.0;0.957458276386456;3.2;0.83;0.7315436241610739;6;Medium;True;False
10.9;0.32;0.52;1.8;0.132;17.0;44.0;0.9599222314192766;3.28;0.77;0.7718120805369127;6;Medium;True;False
8.1;0.53;0.22;2.2;0.078;33.0;89.0;0.9593832412558471;3.26;0.46;0.6442953020134228;6;Medium;True;False
10.5;0.36;0.47;2.2;0.074;9.0;23.0;0.9589982482819689;3.23;0.76;0.8053691275167785;6;Medium;True;False
12.6;0.39;0.49;2.5;0.08;8.0;20.0;0.9617124487478104;3.07;0.82;0.6912751677852349;6;Medium;True;False
9.2;0.46;0.23;2.6;0.091;18.0;77.0;0.9617316983965043;3.15;0.51;0.6308724832214765;5;Medium;True;False
7.5;0.58;0.03;4.1;0.08;27.0;46.0;0.9585555063620089;3.02;0.47;0.6174496644295301;5;Medium;True;False
9.0;0.58;0.25;2.0;0.104;8.0;21.0;0.96025910027142;3.27;0.72;0.6442953020134228;5;Medium;True;False
5.1;0.42;0.0;1.8;0.044;18.0;88.0;0.9543687077710831;3.68;0.73;0.9127516778523489;7;High;True;False
7.6;0.43;0.29;2.1;0.075;19.0;66.0;0.9597682342297252;3.4;0.64;0.6375838926174496;5;Medium;True;False
7.7;0.18;0.34;2.7;0.066;15.0;58.0;0.9573812777916804;3.37;0.78;0.7919463087248323;6;Medium;True;False
7.8;0.815;0.01;2.6;0.074;48.0;90.0;0.9588346262680706;3.38;0.62;0.7248322147651007;5;Medium;True;False
10.2;0.23;0.37;2.2;0.057;14.0;36.0;0.9587672524976419;3.23;0.49;0.6241610738255033;4;Low;True;False
7.1;0.75;0.01;2.2;0.059;11.0;18.0;0.9551868178405744;3.39;0.4;0.8590604026845637;6;Medium;True;False
6.0;0.33;0.32;12.9;0.054;6.0;113.0;0.9583630098750698;3.3;0.56;0.7718120805369127;4;Low;True;False
7.8;0.55;0.0;1.7;0.07;7.0;17.0;0.9592003695932548;3.26;0.64;0.6308724832214765;6;Medium;True;False
8.1;0.73;0.0;2.5;0.081;12.0;24.0;0.9605382201774817;3.38;0.46;0.6442953020134228;4;Low;True;False
6.5;0.67;0.0;4.3;0.057;11.0;20.0;0.9575545246299255;3.45;0.56;0.7919463087248323;4;Low;True;False
7.5;0.61;0.2;1.7;0.076;36.0;60.0;0.9576122735760073;3.1;0.4;0.6241610738255033;5;Medium;True;False
9.8;0.37;0.39;2.5;0.079;28.0;65.0;0.9598741072975419;3.16;0.59;0.6577181208053692;5;Medium;True;False
9.0;0.4;0.41;2.0;0.058;15.0;40.0;0.9568422876282507;3.22;0.6;0.8187919463087248;6;Medium;True;False
8.3;0.56;0.22;2.4;0.082;10.0;86.0;0.9608462145565843;3.37;0.62;0.6375838926174496;5;Medium;True;False
5.9;0.29;0.25;13.4;0.067;72.0;160.0;0.9597971087027662;3.33;0.54;0.6912751677852349;6;Medium;True;False
7.4;0.55;0.19;1.8;0.082;15.0;34.0;0.9591618702958671;3.49;0.68;0.7046979865771812;5;Medium;True;False
7.4;0.74;0.07;1.7;0.086;15.0;48.0;0.9576892721707829;3.12;0.48;0.6711409395973155;5;Medium;True;False
6.9;0.41;0.33;2.2;0.081;22.0;36.0;0.9575737742786194;3.41;0.75;0.7449664429530201;6;Medium;True;False
7.1;0.6;0.01;2.3;0.079;24.0;37.0;0.9578047700629464;3.4;0.61;0.7315436241610739;6;Medium;True;False
7.5;0.58;0.14;2.2;0.077;27.0;60.0;0.9589212496871932;3.28;0.59;0.6577181208053692;5;Medium;True;False
7.1;0.72;0.0;1.8;0.123;6.0;14.0;0.9588923752141523;3.45;0.58;0.6577181208053692;5;Medium;True;False
7.9;0.66;0.0;1.4;0.096;6.0;13.0;0.9583341354020288;3.43;0.58;0.6375838926174496;5;Medium;True;False
7.8;0.7;0.06;1.9;0.079;20.0;35.0;0.9589020000384993;3.4;0.69;0.7315436241610739;5;Medium;True;False
6.1;0.64;0.02;2.4;0.069;26.0;46.0;0.9563032974648212;3.47;0.45;0.7382550335570469;5;Medium;True;False
7.5;0.59;0.22;1.8;0.082;43.0;60.0;0.957660397697742;3.1;0.42;0.6174496644295301;5;Medium;True;False
7.0;0.58;0.28;4.8;0.085;12.0;69.0;0.9589501241602341;3.32;0.7;0.7382550335570469;6;Medium;True;False
6.8;0.64;0.0;2.7;0.123;15.0;33.0;0.9580357658472733;3.44;0.63;0.7583892617449665;6;Medium;True;False
8.6;0.635;0.68;1.8;0.403;19.0;56.0;0.9589404993358871;3.02;1.15;0.6241610738255033;5;Medium;True;False
6.3;1.02;0.0;2.0;0.083;17.0;24.0;0.9570636585882307;3.59;0.55;0.7516778523489932;4;Low;True;False
9.8;0.45;0.38;2.5;0.081;34.0;66.0;0.959845232824501;3.15;0.58;0.6577181208053692;5;Medium;True;False
8.2;0.78;0.0;2.2;0.089;13.0;26.0;0.9603649733392365;3.37;0.46;0.6442953020134228;4;Low;True;False
8.5;0.37;0.32;1.8;0.066;26.0;51.0;0.957246530250823;3.38;0.72;0.7919463087248323;6;Medium;True;False
7.2;0.57;0.05;2.3;0.081;16.0;36.0;0.9582860112802941;3.38;0.6;0.6912751677852349;6;Medium;True;False
10.4;0.43;0.5;2.3;0.068;13.0;19.0;0.9586325049567845;3.1;0.87;0.7651006711409396;6;Medium;True;False
6.9;0.41;0.31;2.0;0.079;21.0;51.0;0.9592869930123775;3.47;0.55;0.6375838926174496;6;Medium;True;False
5.5;0.49;0.03;1.8;0.044;28.0;87.0;0.9536275962963676;3.5;0.82;0.9395973154362416;8;High;True;False
5.0;0.38;0.01;1.6;0.048;26.0;60.0;0.9536660955937555;3.7;0.75;0.9395973154362416;6;Medium;True;False
7.3;0.44;0.2;1.6;0.049;24.0;64.0;0.9562262988700456;3.38;0.57;0.785234899328859;6;Medium;True;False
5.9;0.46;0.0;1.9;0.077;25.0;44.0;0.9565631677221891;3.5;0.53;0.7516778523489932;5;Medium;True;False
7.5;0.58;0.2;2.0;0.073;34.0;44.0;0.9576122735760073;3.1;0.43;0.6241610738255033;5;Medium;True;False
7.8;0.58;0.13;2.1;0.102;17.0;36.0;0.9570925330612716;3.24;0.53;0.7516778523489932;6;Medium;True;False
8.0;0.715;0.22;2.3;0.075;13.0;81.0;0.9594794894993166;3.24;0.54;0.6375838926174496;6;Medium;True;False
8.5;0.4;0.4;6.3;0.05;3.0;10.0;0.958305260928988;3.28;0.56;0.8053691275167785;4;Low;True;False
7.0;0.69;0.0;1.9;0.114;3.0;10.0;0.958978998633275;3.35;0.6;0.6510067114093959;6;Medium;True;False
9.8;0.3;0.39;1.7;0.062;3.0;9.0;0.9574775260351499;3.14;0.57;0.7718120805369127;7;High;True;False
7.1;0.46;0.2;1.9;0.077;28.0;54.0;0.9582475119829064;3.37;0.64;0.697986577181208;6;Medium;True;False
7.9;0.765;0.0;2.0;0.084;9.0;22.0;0.9588153766193767;3.33;0.68;0.7315436241610739;6;Medium;True;False
8.7;0.63;0.28;2.7;0.096;17.0;69.0;0.9599222314192766;3.26;0.63;0.6845637583892616;6;Medium;True;False
7.0;0.42;0.19;2.3;0.071;18.0;36.0;0.957439026737762;3.39;0.56;0.7315436241610739;5;Medium;True;False
11.3;0.37;0.5;1.8;0.09;20.0;47.0;0.9599222314192766;3.15;0.57;0.7046979865771812;5;Medium;True;False
7.1;0.16;0.44;2.5;0.068;17.0;31.0;0.9560145527344126;3.35;0.54;0.8322147651006712;6;Medium;True;False
8.0;0.6;0.08;2.6;0.056;3.0;7.0;0.9556103101118404;3.22;0.37;0.87248322147651;5;Medium;True;False
7.0;0.6;0.3;4.5;0.068;20.0;110.0;0.9616546998017287;3.3;1.17;0.6845637583892616;5;Medium;True;False
7.6;0.74;0.0;1.9;0.1;6.0;12.0;0.957872143833375;3.36;0.59;0.7382550335570469;5;Medium;True;False
8.2;0.635;0.1;2.1;0.073;25.0;60.0;0.9589982482819689;3.29;0.75;0.7315436241610739;6;Medium;True;False
5.9;0.395;0.13;2.4;0.056;14.0;28.0;0.956341796762209;3.62;0.67;0.8322147651006712;6;Medium;True;False
7.5;0.755;0.0;1.9;0.084;6.0;12.0;0.9593254923097654;3.34;0.49;0.6510067114093959;4;Low;True;False
6.6;0.63;0.0;4.3;0.093;51.0;77.5;0.9582282623342124;3.2;0.45;0.6375838926174496;5;Medium;True;False
7.2;0.53;0.14;2.1;0.064;15.0;29.0;0.9559664286126778;3.35;0.61;0.8120805369127516;6;Medium;True;False
5.7;0.6;0.0;1.4;0.063;11.0;18.0;0.9546959517988797;3.45;0.56;0.8187919463087248;6;Medium;True;False
7.6;1.58;0.0;2.1;0.137;5.0;9.0;0.957439026737762;3.5;0.4;0.7315436241610739;3;Low;True;False
5.2;0.645;0.0;2.15;0.08;15.0;28.0;0.9571310323586595;3.78;0.61;0.8389261744966443;6;Medium;True;False
6.7;0.86;0.07;2.0;0.1;20.0;57.0;0.9586132553080906;3.6;0.74;0.785234899328859;6;Medium;True;False
9.1;0.37;0.32;2.1;0.064;4.0;15.0;0.9584015091724576;3.3;0.8;0.7516778523489932;6;Medium;True;False
8.0;0.28;0.44;1.8;0.081;28.0;68.0;0.9576796473464358;3.36;0.66;0.7516778523489932;5;Medium;True;False
7.6;0.79;0.21;2.3;0.087;21.0;68.0;0.9581512637394368;3.12;0.44;0.6174496644295301;5;Medium;True;False
7.5;0.61;0.26;1.9;0.073;24.0;88.0;0.958748002848948;3.3;0.53;0.6577181208053692;5;Medium;True;False
9.7;0.69;0.32;2.5;0.088;22.0;91.0;0.9604612215827061;3.29;0.62;0.6778523489932885;5;Medium;True;False
6.8;0.68;0.09;3.9;0.068;15.0;29.0;0.9579010183064159;3.41;0.52;0.7449664429530201;4;Low;True;False
7.0;0.62;0.1;1.4;0.071;27.0;63.0;0.9586325049567845;3.28;0.61;0.6174496644295301;5;Medium;True;False
6.5;0.51;0.15;3.0;0.064;12.0;27.0;0.9556488094092283;3.33;0.59;0.8590604026845637;6;Medium;True;False
8.0;1.18;0.21;1.9;0.083;14.0;41.0;0.9579780169011916;3.34;0.47;0.7046979865771812;5;Medium;True;False
7.0;0.36;0.21;2.3;0.086;20.0;65.0;0.9582282623342124;3.4;0.54;0.6778523489932885;6;Medium;True;False
7.0;0.36;0.21;2.4;0.086;24.0;69.0;0.9582090126855185;3.4;0.53;0.6778523489932885;6;Medium;True;False
7.5;0.63;0.27;2.0;0.083;17.0;91.0;0.9587865021463359;3.26;0.58;0.6577181208053692;6;Medium;True;False
5.4;0.74;0.0;1.2;0.041;16.0;46.0;0.9553408150301257;4.01;0.59;0.8389261744966443;6;Medium;True;False
9.9;0.44;0.46;2.2;0.091;10.0;41.0;0.9589982482819689;3.18;0.69;0.7986577181208053;6;Medium;True;False
9.1;0.76;0.68;1.7;0.414;18.0;64.0;0.9591329958228262;2.9;1.33;0.610738255033557;6;Medium;True;False
9.7;0.66;0.34;2.6;0.094;12.0;88.0;0.9605189705287878;3.26;0.66;0.6778523489932885;5;Medium;True;False
5.0;0.74;0.0;1.2;0.041;16.0;46.0;0.9553408150301257;4.01;0.59;0.8389261744966443;6;Medium;True;False
9.1;0.34;0.42;1.8;0.058;9.0;18.0;0.9566305414926177;3.18;0.55;0.7651006711409396;5;Medium;True;False
9.1;0.36;0.39;1.8;0.06;21.0;55.0;0.9576218984003542;3.18;0.82;0.7382550335570469;7;High;True;False
6.7;0.46;0.24;1.7;0.077;18.0;34.0;0.9574775260351499;3.39;0.6;0.7114093959731543;6;Medium;True;False
6.5;0.52;0.11;1.8;0.073;13.0;38.0;0.9581512637394368;3.34;0.52;0.6241610738255033;5;Medium;True;False
7.4;0.6;0.26;2.1;0.083;17.0;91.0;0.9587865021463359;3.29;0.56;0.6577181208053692;6;Medium;True;False
7.8;0.87;0.26;3.8;0.107;31.0;67.0;0.9592869930123775;3.26;0.46;0.6174496644295301;5;Medium;True;False
8.4;0.39;0.1;1.7;0.075;6.0;25.0;0.9584496332941923;3.09;0.43;0.6510067114093959;6;Medium;True;False
9.1;0.775;0.22;2.2;0.079;12.0;48.0;0.9601724768522975;3.18;0.51;0.6442953020134228;5;Medium;True;False
7.2;0.835;0.0;2.0;0.166;4.0;11.0;0.9587095035515601;3.39;0.52;0.6711409395973155;5;Medium;True;False
6.6;0.58;0.02;2.4;0.069;19.0;40.0;0.956582417370883;3.38;0.66;0.8456375838926175;6;Medium;True;False
6.0;0.5;0.0;1.4;0.057;15.0;26.0;0.9571695316560473;3.36;0.45;0.6375838926174496;5;Medium;True;False
7.5;0.51;0.02;1.7;0.084;13.0;31.0;0.9580357658472733;3.36;0.54;0.7046979865771812;6;Medium;True;False
7.6;0.54;0.02;1.7;0.085;17.0;31.0;0.958526631888968;3.37;0.51;0.697986577181208;6;Medium;True;False
11.5;0.42;0.48;2.6;0.077;8.0;20.0;0.9610579606922173;3.09;0.53;0.7382550335570469;5;Medium;True;False
8.2;0.44;0.24;2.3;0.063;10.0;28.0;0.9587576276732949;3.25;0.53;0.6845637583892616;6;Medium;True;False
6.1;0.59;0.01;2.1;0.056;5.0;13.0;0.9574005274403743;3.52;0.56;0.7651006711409396;5;Medium;True;False
7.2;0.655;0.03;1.8;0.078;7.0;12.0;0.9585073822402741;3.34;0.39;0.6375838926174496;5;Medium;True;False
6.9;0.57;0.0;2.8;0.081;21.0;41.0;0.9578432693603341;3.41;0.52;0.7248322147651007;5;Medium;True;False
9.0;0.6;0.29;2.0;0.069;32.0;73.0;0.9591522454715201;3.34;0.57;0.6711409395973155;5;Medium;True;False
7.2;0.62;0.01;2.3;0.065;8.0;46.0;0.9560530520318004;3.32;0.51;0.7919463087248323;6;Medium;True;False
7.6;0.645;0.03;1.9;0.086;14.0;57.0;0.9594987391480105;3.37;0.46;0.6912751677852349;5;Medium;True;False
7.2;0.58;0.03;2.3;0.077;7.0;28.0;0.958324510577682;3.35;0.52;0.6711409395973155;5;Medium;True;False
6.1;0.32;0.25;1.8;0.086;5.0;32.0;0.9573235288455986;3.36;0.44;0.6778523489932885;5;Medium;True;False
6.1;0.34;0.25;1.8;0.084;4.0;28.0;0.9573235288455986;3.36;0.44;0.6778523489932885;5;Medium;True;False
7.3;0.43;0.24;2.5;0.078;27.0;67.0;0.9590944965254384;3.6;0.59;0.7449664429530201;6;Medium;True;False
7.4;0.64;0.17;5.4;0.168;52.0;98.0;0.9599414810679705;3.28;0.5;0.6375838926174496;5;Medium;True;False
11.6;0.475;0.4;1.4;0.091;6.0;28.0;0.9596334866888679;3.07;0.65;0.6733780760626376;6;Medium;True;False
9.2;0.54;0.31;2.3;0.112;11.0;38.0;0.9595853625671332;3.24;0.56;0.7315436241610739;5;Medium;True;False
8.3;0.85;0.14;2.5;0.093;13.0;54.0;0.959825983175807;3.36;0.54;0.6778523489932885;5;Medium;True;False
8.0;0.83;0.27;2.0;0.08;11.0;63.0;0.9591329958228262;3.29;0.48;0.6577181208053692;4;Low;True;False
7.2;0.605;0.02;1.9;0.096;10.0;31.0;0.957670022522089;3.46;0.53;0.7919463087248323;6;Medium;True;False
7.8;0.5;0.09;2.2;0.115;10.0;42.0;0.9596912356349496;3.18;0.62;0.6375838926174496;5;Medium;True;False
7.3;0.74;0.08;1.7;0.094;10.0;45.0;0.9584015091724576;3.24;0.5;0.6577181208053692;5;Medium;True;False
6.9;0.54;0.3;2.2;0.088;9.0;105.0;0.959835608000154;3.25;1.18;0.7046979865771812;6;Medium;True;False
8.0;0.77;0.32;2.1;0.079;16.0;74.0;0.959171495120214;3.27;0.5;0.6577181208053692;6;Medium;True;False
6.6;0.61;0.0;1.6;0.069;4.0;8.0;0.9566690407900055;3.33;0.37;0.697986577181208;4;Low;True;False
8.7;0.78;0.51;1.7;0.415;12.0;66.0;0.9588538759167644;3.0;1.17;0.6174496644295301;5;Medium;True;False
7.5;0.58;0.56;3.1;0.153;5.0;14.0;0.957439026737762;3.21;1.03;0.7785234899328859;6;Medium;True;False
7.7;0.75;0.27;3.8;0.11;34.0;89.0;0.9592484937149897;3.24;0.45;0.6241610738255033;5;Medium;True;False
6.8;0.815;0.0;1.2;0.267;16.0;29.0;0.9573909026160272;3.32;0.51;0.6577181208053692;3;Low;True;False
7.2;0.56;0.26;2.0;0.083;13.0;100.0;0.9584977574159271;3.26;0.52;0.6644295302013423;5;Medium;True;False
8.2;0.885;0.2;1.4;0.086;7.0;31.0;0.9572850295482108;3.11;0.46;0.6711409395973155;5;Medium;True;False
5.2;0.49;0.26;2.3;0.09;23.0;74.0;0.9579587672524976;3.71;0.62;0.8187919463087248;6;Medium;True;False
7.2;0.45;0.15;2.0;0.078;10.0;28.0;0.9587191283759071;3.29;0.51;0.6644295302013423;6;Medium;True;False
7.5;0.57;0.02;2.6;0.077;11.0;35.0;0.9582186375098654;3.36;0.62;0.7248322147651007;6;Medium;True;False
6.8;0.83;0.09;1.8;0.074;4.0;25.0;0.9579972665498855;3.38;0.45;0.6442953020134228;5;Medium;True;False
8.0;0.6;0.22;2.1;0.08;25.0;105.0;0.9587576276732949;3.3;0.49;0.6644295302013423;5;Medium;True;False
7.1;0.755;0.15;1.8;0.107;20.0;84.0;0.9585651311863558;3.19;0.5;0.6375838926174496;5;Medium;True;False
8.0;0.81;0.25;3.4;0.076;34.0;85.0;0.9592869930123775;3.19;0.42;0.6174496644295301;5;Medium;True;False
7.4;0.64;0.07;1.8;0.1;8.0;23.0;0.9587287532002541;3.3;0.58;0.6442953020134228;5;Medium;True;False
6.6;0.64;0.31;6.1;0.083;7.0;49.0;0.9597682342297252;3.35;0.68;0.6912751677852349;5;Medium;True;False
6.7;0.48;0.02;2.2;0.08;36.0;111.0;0.9579010183064159;3.1;0.53;0.6510067114093959;5;Medium;True;False
6.0;0.49;0.0;2.3;0.068;15.0;33.0;0.9556680590579222;3.58;0.59;0.8389261744966443;6;Medium;True;False
8.0;0.64;0.22;2.4;0.094;5.0;33.0;0.958748002848948;3.37;0.58;0.7382550335570469;5;Medium;True;False
7.1;0.62;0.06;1.3;0.07;5.0;12.0;0.9569000365743324;3.17;0.48;0.6577181208053692;5;Medium;True;False
8.0;0.52;0.25;2.0;0.078;19.0;59.0;0.958748002848948;3.3;0.48;0.6845637583892616;5;Medium;True;False
6.4;0.57;0.14;3.9;0.07;27.0;73.0;0.9592966178367245;3.32;0.48;0.6174496644295301;5;Medium;True;False
8.6;0.685;0.1;1.6;0.092;3.0;12.0;0.9600281044870931;3.31;0.65;0.6409395973154363;6;Medium;True;False
8.7;0.675;0.1;1.6;0.09;4.0;11.0;0.9600281044870931;3.31;0.65;0.6409395973154363;5;Medium;True;False
7.3;0.59;0.26;2.0;0.08;17.0;104.0;0.9584785077672332;3.28;0.52;0.6644295302013423;5;Medium;True;False
7.0;0.6;0.12;2.2;0.083;13.0;28.0;0.9592099944176019;3.52;0.62;0.6845637583892616;7;High;True;False
7.2;0.67;0.0;2.2;0.068;10.0;24.0;0.9582475119829064;3.42;0.72;0.7449664429530201;6;Medium;True;False
7.9;0.69;0.21;2.1;0.08;33.0;141.0;0.9588250014437236;3.25;0.51;0.6644295302013423;5;Medium;True;False
7.6;0.3;0.42;2.0;0.052;6.0;24.0;0.9589212496871932;3.44;0.82;0.7986577181208053;6;Medium;True;False
7.2;0.33;0.33;1.7;0.061;3.0;13.0;0.9586325049567845;3.23;1.1;0.6711409395973155;8;High;True;False
8.0;0.5;0.39;2.6;0.082;12.0;46.0;0.9610387110435235;3.43;0.62;0.7181208053691275;6;Medium;True;False
7.7;0.28;0.3;2.0;0.062;18.0;34.0;0.9578625190090281;3.28;0.9;0.7583892617449665;7;High;True;False
8.2;0.24;0.34;5.1;0.062;8.0;22.0;0.9599799803653583;3.22;0.94;0.7315436241610739;6;Medium;True;False
6.0;0.51;0.0;2.1;0.064;40.0;54.0;0.957670022522089;3.54;0.93;0.7181208053691275;6;Medium;True;False
8.1;0.29;0.36;2.2;0.048;35.0;53.0;0.957670022522089;3.27;1.01;0.8322147651006712;7;High;True;False
6.6;0.96;0.0;1.8;0.082;5.0;16.0;0.9563225471135152;3.5;0.44;0.7986577181208053;6;Medium;True;False
6.4;0.47;0.4;2.4;0.071;8.0;19.0;0.9589212496871932;3.56;0.73;0.7114093959731543;6;Medium;True;False
9.9;0.57;0.25;2.0;0.104;12.0;89.0;0.9589212496871932;3.04;0.9;0.6778523489932885;5;Medium;True;False
10.0;0.32;0.59;2.2;0.077;3.0;15.0;0.9619049452347495;3.2;0.78;0.6442953020134228;5;Medium;True;False
6.2;0.58;0.0;1.6;0.065;8.0;18.0;0.9592099944176019;3.56;0.84;0.6308724832214765;5;Medium;True;False
7.3;0.34;0.33;2.5;0.064;21.0;37.0;0.9578625190090281;3.35;0.77;0.8120805369127516;7;High;True;False
7.8;0.53;0.01;1.6;0.077;3.0;19.0;0.957670022522089;3.16;0.46;0.6577181208053692;5;Medium;True;False
7.7;0.64;0.21;2.2;0.077;32.0;133.0;0.9582475119829064;3.27;0.45;0.6644295302013423;5;Medium;True;False
7.5;0.4;0.18;1.6;0.079;24.0;58.0;0.9591137461741324;3.34;0.58;0.6308724832214765;5;Medium;True;False
7.0;0.54;0.0;2.1;0.079;39.0;55.0;0.9582475119829064;3.39;0.84;0.7651006711409396;6;Medium;True;False
6.4;0.53;0.09;3.9;0.123;14.0;31.0;0.959402490904541;3.5;0.67;0.7382550335570469;4;Low;True;False
8.3;0.26;0.37;1.4;0.076;8.0;23.0;0.9599799803653583;3.26;0.7;0.6442953020134228;6;Medium;True;False
7.7;0.23;0.37;1.8;0.046;23.0;60.0;0.9596912356349496;3.41;0.71;0.8120805369127516;6;Medium;True;False
7.6;0.41;0.33;2.5;0.078;6.0;23.0;0.9583437602263759;3.3;0.58;0.7516778523489932;5;Medium;True;False
7.8;0.64;0.0;1.9;0.072;27.0;55.0;0.9588250014437236;3.31;0.63;0.7382550335570469;5;Medium;True;False
7.9;0.18;0.4;2.2;0.049;38.0;67.0;0.9586325049567845;3.33;0.93;0.7583892617449665;5;Medium;True;False
7.4;0.41;0.24;1.8;0.066;18.0;47.0;0.9582475119829064;3.37;0.62;0.697986577181208;5;Medium;True;False
7.6;0.43;0.31;2.1;0.069;13.0;74.0;0.9584400084698455;3.26;0.54;0.6644295302013423;6;Medium;True;False
5.9;0.44;0.0;1.6;0.042;3.0;11.0;0.9570925330612716;3.48;0.85;0.785234899328859;6;Medium;True;False
6.1;0.4;0.16;1.8;0.069;11.0;25.0;0.9581512637394368;3.42;0.74;0.6778523489932885;7;High;True;False
10.2;0.54;0.37;15.4;0.214;55.0;95.0;0.9660339948795934;3.18;0.77;0.6040268456375839;6;Medium;True;False
10.0;0.38;0.38;1.6;0.169;27.0;90.0;0.9616546998017287;3.15;0.65;0.5704697986577181;5;Medium;True;False
6.8;0.915;0.29;4.8;0.07;15.0;39.0;0.9584111339968046;3.53;0.54;0.7449664429530201;5;Medium;True;False
7.0;0.59;0.0;1.7;0.052;3.0;8.0;0.9586325049567845;3.41;0.47;0.6912751677852349;5;Medium;True;False
7.3;0.67;0.02;2.2;0.072;31.0;92.0;0.958305260928988;3.32;0.68;0.742729306487698;6;Medium;True;False
7.2;0.37;0.32;2.0;0.062;15.0;28.0;0.9573812777916804;3.23;0.73;0.7583892617449665;7;High;True;False
7.4;0.785;0.19;5.2;0.094;19.0;98.0;0.9597201101079905;3.16;0.52;0.6420581655480987;6;Medium;True;False
6.9;0.63;0.02;1.9;0.078;18.0;30.0;0.9597104852836436;3.4;0.75;0.6577181208053692;5;Medium;True;False
6.9;0.58;0.2;1.75;0.058;8.0;22.0;0.9559568037883308;3.38;0.49;0.785234899328859;5;Medium;True;False
7.3;0.67;0.02;2.2;0.072;31.0;92.0;0.958305260928988;3.32;0.68;0.7449664429530201;6;Medium;True;False
7.4;0.785;0.19;5.2;0.094;19.0;98.0;0.9597201101079905;3.16;0.52;0.6442953020134228;6;Medium;True;False
6.8;0.67;0.0;1.9;0.08;22.0;39.0;0.959604612215827;3.4;0.74;0.6510067114093959;5;Medium;True;False
6.9;0.58;0.01;1.9;0.08;40.0;54.0;0.9594313653775819;3.4;0.73;0.6510067114093959;5;Medium;True;False
7.2;0.38;0.31;2.0;0.056;15.0;29.0;0.9574005274403743;3.23;0.76;0.7583892617449665;8;High;True;False
7.8;0.32;0.44;2.7;0.104;8.0;17.0;0.9599029817705826;3.33;0.78;0.7382550335570469;7;High;True;False
6.6;0.58;0.02;2.0;0.062;37.0;53.0;0.9564572946543725;3.35;0.76;0.7785234899328859;7;High;True;False
7.6;0.49;0.33;1.9;0.074;27.0;85.0;0.9596527363375618;3.41;0.58;0.6040268456375839;5;Medium;True;False
11.7;0.45;0.63;2.2;0.073;7.0;23.0;0.962232189262546;3.21;0.69;0.7315436241610739;6;Medium;True;False
6.5;0.9;0.0;1.6;0.052;9.0;17.0;0.9573524033186395;3.5;0.63;0.7315436241610739;6;Medium;True;False
6.0;0.54;0.06;1.8;0.05;38.0;89.0;0.9551290688944927;3.3;0.5;0.7080536912751678;6;Medium;True;False
8.4;0.29;0.4;1.7;0.067;8.0;20.0;0.9586613794298253;3.39;0.6;0.7046979865771812;5;Medium;True;False
7.9;0.2;0.35;1.7;0.054;7.0;15.0;0.9572657798995169;3.32;0.8;0.7986577181208053;7;High;True;False
6.4;0.42;0.09;2.3;0.054;34.0;64.0;0.959825983175807;3.41;0.68;0.697986577181208;6;Medium;True;False
6.2;0.785;0.0;2.1;0.06;6.0;13.0;0.9592484937149897;3.59;0.61;0.6711409395973155;4;Low;True;False
6.8;0.64;0.03;2.3;0.075;14.0;31.0;0.9581031396177019;3.36;0.58;0.697986577181208;6;Medium;True;False
6.9;0.63;0.01;2.4;0.076;14.0;39.0;0.957881768657722;3.34;0.53;0.7248322147651007;6;Medium;True;False
6.8;0.59;0.1;1.7;0.063;34.0;53.0;0.9584400084698455;3.41;0.67;0.6510067114093959;5;Medium;True;False
7.3;0.48;0.32;2.1;0.062;31.0;54.0;0.9598644824731949;3.3;0.65;0.6711409395973155;7;High;True;False
6.7;1.04;0.08;2.3;0.067;19.0;32.0;0.9590944965254384;3.52;0.57;0.7382550335570469;4;Low;True;False
7.3;0.98;0.05;2.1;0.061;20.0;49.0;0.9596431115132149;3.31;0.55;0.6510067114093959;3;Low;True;False
10.0;0.69;0.11;1.4;0.084;8.0;24.0;0.9584207588211515;2.88;0.47;0.6510067114093959;5;Medium;True;False
6.7;0.7;0.08;3.75;0.067;8.0;16.0;0.9560723016804943;3.43;0.52;0.8456375838926175;5;Medium;True;False
7.6;0.35;0.6;2.6;0.073;23.0;44.0;0.959171495120214;3.38;0.79;0.7449664429530201;6;Medium;True;False
6.1;0.6;0.08;1.8;0.071;14.0;45.0;0.9560915513291882;3.38;0.54;0.7382550335570469;5;Medium;True;False
9.9;0.5;0.5;13.8;0.205;48.0;82.0;0.9648116421875301;3.16;0.75;0.5906040268456376;5;Medium;True;False
5.3;0.47;0.11;2.2;0.048;16.0;89.0;0.9546093283797571;3.54;0.88;0.9105145413870268;7;High;True;False
5.3;0.47;0.11;2.2;0.048;16.0;89.0;0.9546093283797571;3.54;0.88;0.9127516778523489;7;High;True;False
7.1;0.875;0.05;5.7;0.082;3.0;14.0;0.9606344684209512;3.4;0.52;0.6845637583892616;3;Low;True;False
8.2;0.28;0.6;3.0;0.104;10.0;22.0;0.9608269649078903;3.39;0.68;0.7114093959731543;5;Medium;True;False
5.6;0.62;0.03;1.5;0.08;6.0;13.0;0.9576507728733951;3.66;0.62;0.6778523489932885;4;Low;True;False
7.2;0.58;0.54;2.1;0.114;3.0;9.0;0.9597778590540723;3.33;0.57;0.6912751677852349;4;Low;True;False
8.1;0.33;0.44;1.5;0.042;6.0;12.0;0.9580742651446611;3.35;0.61;0.7181208053691275;5;Medium;True;False
6.8;0.91;0.06;2.0;0.06;4.0;11.0;0.9585555063620089;3.53;0.64;0.7315436241610739;4;Low;True;False
7.0;0.655;0.16;2.1;0.074;8.0;25.0;0.9586902539028662;3.37;0.55;0.6510067114093959;5;Medium;True;False
6.8;0.68;0.21;2.1;0.07;9.0;23.0;0.958112764442049;3.38;0.6;0.6912751677852349;5;Medium;True;False
6.0;0.64;0.05;1.9;0.066;9.0;17.0;0.9576315232247011;3.52;0.78;0.7114093959731543;5;Medium;True;False
5.6;0.54;0.04;1.7;0.049;5.0;13.0;0.9569000365743324;3.72;0.58;0.7651006711409396;5;Medium;True;False
6.2;0.57;0.1;2.1;0.048;4.0;11.0;0.9571695316560473;3.44;0.76;0.7248322147651007;6;Medium;True;False
7.1;0.22;0.49;1.8;0.039;8.0;18.0;0.9561685499239638;3.39;0.56;0.8322147651006712;6;Medium;True;False
6.2;0.65;0.06;1.6;0.05;6.0;18.0;0.9562070492213517;3.57;0.54;0.8020134228187918;5;Medium;True;False
7.7;0.54;0.26;1.9;0.089;23.0;147.0;0.958978998633275;3.26;0.59;0.6510067114093959;5;Medium;True;False
6.4;0.31;0.09;1.4;0.066;15.0;28.0;0.9572754047238637;3.42;0.7;0.6711409395973155;7;High;True;False
7.0;0.43;0.02;1.9;0.08;15.0;28.0;0.9575930239273134;3.35;0.81;0.7114093959731543;6;Medium;True;False
6.9;0.74;0.03;2.3;0.054;7.0;16.0;0.9577470211168646;3.45;0.63;0.7718120805369127;6;Medium;True;False
6.6;0.895;0.04;2.3;0.068;7.0;13.0;0.9584592581185394;3.53;0.58;0.7248322147651007;6;Medium;True;False
7.5;0.725;0.04;1.5;0.076;8.0;15.0;0.9577470211168646;3.26;0.53;0.6442953020134228;5;Medium;True;False
7.8;0.82;0.29;4.3;0.083;21.0;64.0;0.9590367475793566;3.16;0.53;0.6308724832214765;5;Medium;True;False
7.3;0.585;0.18;2.4;0.078;15.0;60.0;0.9589982482819689;3.31;0.54;0.6577181208053692;5;Medium;True;False
6.2;0.44;0.39;2.5;0.077;6.0;14.0;0.9581993878611715;3.51;0.69;0.7382550335570469;6;Medium;True;False
7.5;0.38;0.57;2.3;0.106;5.0;12.0;0.9586806290785193;3.36;0.55;0.7651006711409396;6;Medium;True;False
6.7;0.76;0.02;1.8;0.078;6.0;12.0;0.9586325049567845;3.55;0.63;0.6677852348993288;3;Low;True;False
6.8;0.81;0.05;2.0;0.07;6.0;14.0;0.9582667616316002;3.51;0.66;0.7248322147651007;6;Medium;True;False
7.1;0.27;0.6;2.1;0.074;17.0;25.0;0.960692217367033;3.38;0.72;0.7114093959731543;6;Medium;True;False
7.9;0.18;0.4;1.8;0.062;7.0;20.0;0.9568037883308629;3.28;0.7;0.7449664429530201;5;Medium;True;False
6.4;0.36;0.21;2.2;0.047;26.0;48.0;0.9592196192419488;3.47;0.77;0.6510067114093959;6;Medium;True;False
7.1;0.69;0.04;2.1;0.068;19.0;27.0;0.9597104852836436;3.44;0.67;0.6577181208053692;5;Medium;True;False
6.4;0.79;0.04;2.2;0.061;11.0;17.0;0.9585170070646211;3.53;0.65;0.697986577181208;6;Medium;True;False
6.4;0.56;0.15;1.8;0.078;17.0;65.0;0.9556873087066161;3.33;0.6;0.7046979865771812;6;Medium;True;False
6.9;0.84;0.21;4.1;0.074;16.0;65.0;0.9609617124487477;3.53;0.72;0.6196868008948544;6;Medium;True;False
6.9;0.84;0.21;4.1;0.074;16.0;65.0;0.9609617124487477;3.53;0.72;0.6208053691275167;6;Medium;True;False
6.1;0.32;0.25;2.3;0.071;23.0;58.0;0.9589501241602341;3.42;0.97;0.7114093959731543;5;Medium;True;False
6.5;0.53;0.06;2.0;0.063;29.0;44.0;0.9575641494542725;3.38;0.83;0.6912751677852349;6;Medium;True;False
7.4;0.47;0.46;2.2;0.114;7.0;20.0;0.9590848717010914;3.32;0.63;0.7046979865771812;5;Medium;True;False
6.6;0.7;0.08;2.6;0.106;14.0;27.0;0.9592581185393366;3.44;0.58;0.6845637583892616;5;Medium;True;False
6.9;0.48;0.2;1.9;0.082;9.0;23.0;0.9584881325915802;3.39;0.43;0.6073825503355705;4;Low;True;False
6.8;0.48;0.25;2.0;0.076;29.0;61.0;0.9579587672524976;3.34;0.6;0.697986577181208;5;Medium;True;False
6.0;0.42;0.19;2.0;0.075;22.0;47.0;0.957881768657722;3.39;0.78;0.6711409395973155;6;Medium;True;False
6.7;0.48;0.08;2.1;0.064;18.0;34.0;0.9581705133881306;3.33;0.64;0.6510067114093959;5;Medium;True;False
6.8;0.47;0.08;2.2;0.064;18.0;38.0;0.9581801382124776;3.3;0.65;0.6442953020134228;6;Medium;True;False
7.1;0.53;0.07;1.7;0.071;15.0;24.0;0.9577662707655585;3.29;0.66;0.7248322147651007;6;Medium;True;False
7.9;0.29;0.49;2.2;0.096;21.0;59.0;0.9597297349323375;3.31;0.67;0.6778523489932885;6;Medium;True;False
7.1;0.69;0.08;2.1;0.063;42.0;52.0;0.9587095035515601;3.42;0.6;0.6845637583892616;6;Medium;True;False
6.6;0.44;0.09;2.2;0.063;9.0;18.0;0.9571310323586595;3.42;0.69;0.7583892617449665;6;Medium;True;False
6.1;0.705;0.1;2.8;0.081;13.0;28.0;0.9589308745115401;3.6;0.66;0.6845637583892616;5;Medium;True;False
7.2;0.53;0.13;2.0;0.058;18.0;22.0;0.9583726346994167;3.21;0.68;0.6644295302013423;6;Medium;True;False
8.0;0.39;0.3;1.9;0.074;32.0;84.0;0.9597586094053784;3.39;0.61;0.6040268456375839;5;Medium;True;False
6.6;0.56;0.14;2.4;0.064;13.0;29.0;0.9566786656143526;3.42;0.62;0.785234899328859;7;High;True;False
7.0;0.55;0.13;2.2;0.075;15.0;35.0;0.958536256713315;3.36;0.59;0.6510067114093959;6;Medium;True;False
6.1;0.53;0.08;1.9;0.077;24.0;45.0;0.9579395176038038;3.6;0.68;0.6912751677852349;6;Medium;True;False
5.4;0.58;0.08;1.9;0.059;20.0;31.0;0.9575160253325377;3.5;0.64;0.6845637583892616;6;Medium;True;False
6.2;0.64;0.09;2.5;0.081;15.0;26.0;0.9580357658472733;3.57;0.63;0.8053691275167785;5;Medium;True;False
7.2;0.39;0.32;1.8;0.065;34.0;60.0;0.9597297349323375;3.46;0.78;0.6644295302013423;5;Medium;True;False
6.2;0.52;0.08;4.4;0.071;11.0;32.0;0.9590752468767445;3.56;0.63;0.7785234899328859;6;Medium;True;False
7.4;0.25;0.29;2.2;0.054;19.0;49.0;0.9592677433636836;3.4;0.76;0.7315436241610739;7;High;True;False
6.7;0.855;0.02;1.9;0.064;29.0;38.0;0.9574005274403743;3.3;0.56;0.7214765100671141;6;Medium;True;False
11.1;0.44;0.42;2.2;0.064;14.0;19.0;0.9601532272036035;3.25;0.57;0.697986577181208;6;Medium;True;False
8.4;0.37;0.43;2.3;0.063;12.0;19.0;0.9581512637394368;3.17;0.81;0.7516778523489932;7;High;True;False
6.5;0.63;0.33;1.8;0.059;16.0;28.0;0.9579683920768446;3.36;0.64;0.6778523489932885;6;Medium;True;False
7.0;0.57;0.02;2.0;0.072;17.0;26.0;0.9583918843481106;3.36;0.61;0.6845637583892616;5;Medium;True;False
6.3;0.6;0.1;1.6;0.048;12.0;26.0;0.9558028065987796;3.55;0.51;0.8120805369127516;5;Medium;True;False
11.2;0.4;0.5;2.0;0.099;19.0;50.0;0.9603938478122774;3.1;0.58;0.697986577181208;5;Medium;True;False
7.4;0.36;0.3;1.8;0.074;17.0;24.0;0.9568904117499856;3.24;0.7;0.7651006711409396;8;High;True;False
7.1;0.68;0.0;2.3;0.087;17.0;26.0;0.9603938478122774;3.45;0.53;0.6375838926174496;5;Medium;True;False
7.1;0.67;0.0;2.3;0.083;18.0;27.0;0.9602494754470731;3.44;0.54;0.6308724832214765;5;Medium;True;False
6.3;0.68;0.01;3.7;0.103;32.0;54.0;0.9584977574159271;3.51;0.66;0.7583892617449665;6;Medium;True;False
7.3;0.735;0.0;2.2;0.08;18.0;28.0;0.9602206009740323;3.41;0.6;0.6308724832214765;5;Medium;True;False
6.6;0.855;0.02;2.4;0.062;15.0;23.0;0.9588923752141523;3.54;0.6;0.7382550335570469;6;Medium;True;False
7.0;0.56;0.17;1.7;0.065;15.0;24.0;0.9578047700629464;3.44;0.68;0.7080536912751678;7;High;True;False
6.6;0.88;0.04;2.2;0.066;12.0;20.0;0.958978998633275;3.53;0.56;0.6644295302013423;5;Medium;True;False
6.9;0.63;0.33;6.7;0.235;66.0;115.0;0.9604323471096653;3.22;0.56;0.6375838926174496;5;Medium;True;False
7.8;0.6;0.26;2.0;0.08;31.0;131.0;0.9588442510924176;3.21;0.52;0.6644295302013423;5;Medium;True;False
7.2;0.695;0.13;2.0;0.076;12.0;20.0;0.958112764442049;3.29;0.54;0.6778523489932885;5;Medium;True;False
6.7;0.67;0.02;1.9;0.061;26.0;42.0;0.9575641494542725;3.39;0.82;0.7315436241610739;6;Medium;True;False
6.7;0.16;0.64;2.1;0.059;24.0;52.0;0.9576122735760073;3.34;0.71;0.7516778523489932;6;Medium;True;False
7.0;0.56;0.13;1.6;0.077;25.0;42.0;0.9589116248628462;3.34;0.59;0.6174496644295301;5;Medium;True;False
6.2;0.51;0.14;1.9;0.056;15.0;34.0;0.9566690407900055;3.48;0.57;0.7718120805369127;6;Medium;True;False
6.4;0.36;0.53;2.2;0.23;19.0;35.0;0.956130050626576;3.37;0.93;0.8322147651006712;6;Medium;True;False
6.4;0.38;0.14;2.2;0.038;15.0;25.0;0.9578047700629464;3.44;0.65;0.7449664429530201;6;Medium;True;False
7.3;0.69;0.32;2.2;0.069;35.0;104.0;0.9589404993358871;3.33;0.51;0.6375838926174496;5;Medium;True;False
6.0;0.58;0.2;2.4;0.075;15.0;50.0;0.9573524033186395;3.58;0.67;0.8389261744966443;6;Medium;True;False
5.6;0.31;0.78;13.9;0.074;23.0;92.0;0.9593736164315002;3.39;0.48;0.7046979865771812;6;Medium;True;False
7.5;0.52;0.4;2.2;0.06;12.0;20.0;0.9574197770890681;3.26;0.64;0.7919463087248323;6;Medium;True;False
8.0;0.3;0.63;1.6;0.081;16.0;29.0;0.9585170070646211;3.3;0.78;0.7248322147651007;6;Medium;True;False
6.2;0.7;0.15;5.1;0.076;13.0;27.0;0.9588442510924176;3.54;0.6;0.7986577181208053;6;Medium;True;False
6.8;0.67;0.15;1.8;0.118;13.0;20.0;0.9580550154959672;3.42;0.67;0.7583892617449665;6;Medium;True;False
6.2;0.56;0.09;1.7;0.053;24.0;32.0;0.9567267897360873;3.54;0.6;0.7583892617449665;5;Medium;True;False
7.4;0.35;0.33;2.4;0.068;9.0;26.0;0.9573812777916804;3.36;0.6;0.7986577181208053;6;Medium;True;False
6.1;0.715;0.1;2.6;0.053;13.0;27.0;0.956341796762209;3.57;0.5;0.7986577181208053;5;Medium;True;False
6.2;0.46;0.29;2.1;0.074;32.0;98.0;0.9584207588211515;3.33;0.62;0.6577181208053692;5;Medium;True;False
6.7;0.32;0.44;2.4;0.061;24.0;34.0;0.9575160253325377;3.29;0.8;0.7785234899328859;7;High;True;False
7.2;0.39;0.44;2.6;0.066;22.0;48.0;0.9576122735760073;3.3;0.84;0.7718120805369127;6;Medium;True;False
7.5;0.31;0.41;2.4;0.065;34.0;60.0;0.9575930239273134;3.34;0.85;0.7651006711409396;6;Medium;True;False
5.8;0.61;0.11;1.8;0.066;18.0;28.0;0.9575064005081907;3.55;0.66;0.7315436241610739;6;Medium;True;False
7.2;0.66;0.33;2.5;0.068;34.0;102.0;0.9568422876282507;3.27;0.78;0.8590604026845637;6;Medium;True;False
6.6;0.725;0.2;7.8;0.073;29.0;79.0;0.960268725095767;3.29;0.54;0.6174496644295301;5;Medium;True;False
6.3;0.55;0.15;1.8;0.077;26.0;35.0;0.9558798051935552;3.32;0.82;0.7785234899328859;6;Medium;True;False
5.4;0.74;0.09;1.7;0.089;16.0;26.0;0.9567267897360873;3.67;0.56;0.7785234899328859;6;Medium;True;False
6.3;0.51;0.13;2.3;0.076;29.0;40.0;0.9583822595237637;3.42;0.75;0.7382550335570469;6;Medium;True;False
6.8;0.62;0.08;1.9;0.068;28.0;38.0;0.9591233709984792;3.42;0.82;0.6375838926174496;6;Medium;True;False
6.2;0.6;0.08;2.0;0.09;32.0;44.0;0.9575737742786194;3.45;0.58;0.7046979865771812;5;Medium;True;False
5.9;0.55;0.1;2.2;0.062;39.0;51.0;0.9577855204142525;3.52;0.76;0.7516778523489932;6;Medium;True;False
5.9;0.645;0.12;2.0;0.075;32.0;44.0;0.9581223892663958;3.57;0.71;0.6845637583892616;5;Medium;True;False
6.0;0.31;0.47;3.6;0.067;18.0;42.0;0.9581416389150897;3.39;0.66;0.7382550335570469;6;Medium;True;False
7.0;0.27;0.36;20.7;0.045;45.0;170.0;0.9634449171302623;3.0;0.45;0.5906040268456376;6;Medium;False;True
6.3;0.3;0.34;1.6;0.049;14.0;132.0;0.9567075400873933;3.3;0.49;0.6375838926174496;6;Medium;False;True
8.1;0.28;0.4;6.9;0.05;30.0;97.0;0.9577662707655585;3.26;0.44;0.6778523489932885;6;Medium;False;True
7.2;0.23;0.32;8.5;0.058;47.0;186.0;0.9582475119829064;3.19;0.4;0.6644295302013423;6;Medium;False;True
6.2;0.32;0.16;7.0;0.045;30.0;136.0;0.9575737742786194;3.18;0.47;0.6442953020134228;6;Medium;False;True
8.1;0.22;0.43;1.5;0.044;28.0;129.0;0.9565150436004543;3.22;0.45;0.7382550335570469;6;Medium;False;True
8.1;0.27;0.41;1.45;0.033;11.0;63.0;0.9536275962963676;2.99;0.56;0.8053691275167785;5;Medium;False;True
8.6;0.23;0.4;4.2;0.035;17.0;109.0;0.9573812777916804;3.14;0.53;0.6510067114093959;5;Medium;False;True
7.9;0.18;0.37;1.2;0.04;16.0;75.0;0.9547825752180022;3.18;0.63;0.7248322147651007;5;Medium;False;True
6.6;0.16;0.4;1.5;0.044;48.0;143.0;0.9540125892702458;3.54;0.52;0.8322147651006712;7;High;False;True
8.3;0.42;0.62;19.25;0.04;41.0;172.0;0.9626749311825059;2.98;0.67;0.6510067114093959;5;Medium;False;True
6.6;0.17;0.38;1.5;0.032;28.0;112.0;0.9542050857571849;3.25;0.55;0.7651006711409396;7;High;False;True
6.3;0.48;0.04;1.1;0.046;30.0;99.0;0.9555525611657587;3.24;0.36;0.6442953020134228;6;Medium;False;True
6.2;0.66;0.48;1.2;0.029;29.0;75.0;0.9520876244008546;3.33;0.39;0.8590604026845637;8;High;False;True
7.4;0.34;0.42;1.1;0.033;17.0;171.0;0.9544938304875936;3.12;0.53;0.7583892617449665;6;Medium;False;True
6.5;0.31;0.14;7.5;0.044;34.0;133.0;0.9581512637394368;3.22;0.5;0.6375838926174496;5;Medium;False;True
6.4;0.31;0.38;2.9;0.038;19.0;102.0;0.9540125892702458;3.17;0.35;0.7382550335570469;7;High;False;True
6.8;0.26;0.42;1.7;0.049;41.0;122.0;0.9557450576526978;3.47;0.48;0.7046979865771812;8;High;False;True
7.6;0.67;0.14;1.5;0.074;25.0;168.0;0.9564187953569847;3.05;0.51;0.6241610738255033;5;Medium;False;True
6.6;0.27;0.41;1.3;0.052;16.0;142.0;0.9577662707655585;3.42;0.47;0.6711409395973155;6;Medium;False;True
7.0;0.25;0.32;9.0;0.046;56.0;245.0;0.9581512637394368;3.25;0.5;0.697986577181208;6;Medium;False;True
6.9;0.24;0.35;1.0;0.052;35.0;146.0;0.9557450576526978;3.45;0.44;0.6711409395973155;6;Medium;False;True
7.0;0.28;0.39;8.7;0.051;32.0;141.0;0.9587287532002541;3.38;0.53;0.7046979865771812;6;Medium;False;True
7.4;0.27;0.48;1.1;0.047;17.0;132.0;0.9542050857571849;3.19;0.49;0.7785234899328859;6;Medium;False;True
7.2;0.32;0.36;2.0;0.033;37.0;114.0;0.9534350998094285;3.1;0.71;0.825503355704698;7;High;False;True
8.5;0.24;0.39;10.4;0.044;20.0;142.0;0.9599799803653583;3.2;0.53;0.6711409395973155;6;Medium;False;True
8.3;0.14;0.34;1.1;0.042;7.0;47.0;0.956130050626576;3.47;0.4;0.6845637583892616;6;Medium;False;True
7.4;0.25;0.36;2.05;0.05;31.0;100.0;0.9547825752180022;3.19;0.44;0.7248322147651007;6;Medium;False;True
6.2;0.12;0.34;1.5;0.045;43.0;117.0;0.9566112918439238;3.42;0.51;0.6040268456375839;6;Medium;False;True
5.8;0.27;0.2;14.95;0.044;22.0;179.0;0.9588250014437236;3.37;0.37;0.6845637583892616;5;Medium;False;True
7.3;0.28;0.43;1.7;0.08;21.0;123.0;0.953338851565959;3.19;0.42;0.8590604026845637;5;Medium;False;True
6.5;0.39;0.23;5.4;0.051;25.0;149.0;0.956130050626576;3.24;0.35;0.6711409395973155;5;Medium;False;True
7.0;0.33;0.32;1.2;0.053;38.0;138.0;0.9534350998094285;3.13;0.28;0.7516778523489932;6;Medium;False;True
7.3;0.24;0.39;17.95;0.057;45.0;149.0;0.9623861864520973;3.21;0.36;0.5771812080536912;5;Medium;False;True
6.7;0.23;0.39;2.5;0.172;63.0;158.0;0.9564187953569847;3.11;0.36;0.6308724832214765;6;Medium;False;True
6.7;0.24;0.39;2.9;0.173;63.0;157.0;0.9564187953569847;3.1;0.34;0.6308724832214765;6;Medium;False;True
7.0;0.31;0.26;7.4;0.069;28.0;160.0;0.9580550154959672;3.13;0.46;0.6577181208053692;6;Medium;False;True
6.6;0.24;0.27;1.4;0.057;33.0;152.0;0.956130050626576;3.22;0.56;0.6375838926174496;6;Medium;False;True
6.7;0.23;0.26;1.4;0.06;33.0;154.0;0.956130050626576;3.24;0.56;0.6375838926174496;6;Medium;False;True
7.4;0.18;0.31;1.4;0.058;38.0;167.0;0.9558413058961673;3.16;0.53;0.6711409395973155;7;High;False;True
6.2;0.45;0.26;4.4;0.063;63.0;206.0;0.9567075400873933;3.27;0.52;0.6577181208053692;4;Low;False;True
6.2;0.46;0.25;4.4;0.066;62.0;207.0;0.9566112918439238;3.25;0.52;0.6577181208053692;5;Medium;False;True
6.9;0.19;0.35;5.0;0.067;32.0;150.0;0.957670022522089;3.36;0.48;0.6577181208053692;5;Medium;False;True
7.2;0.19;0.31;1.6;0.062;31.0;173.0;0.9544938304875936;3.35;0.44;0.785234899328859;6;Medium;False;True
6.6;0.25;0.29;1.1;0.068;39.0;124.0;0.9542050857571849;3.34;0.58;0.7382550335570469;7;High;False;True
6.2;0.16;0.33;1.1;0.057;21.0;82.0;0.9538200927833067;3.32;0.46;0.7315436241610739;7;High;False;True
6.4;0.18;0.35;1.0;0.045;39.0;108.0;0.9539163410267762;3.31;0.35;0.7315436241610739;6;Medium;False;True
6.8;0.2;0.59;0.9;0.147;38.0;132.0;0.9557450576526978;3.05;0.38;0.610738255033557;6;Medium;False;True
6.9;0.25;0.35;1.3;0.039;29.0;191.0;0.9536275962963676;3.13;0.52;0.7382550335570469;6;Medium;False;True
7.2;0.21;0.34;11.9;0.043;37.0;213.0;0.9588250014437236;3.09;0.5;0.6442953020134228;6;Medium;False;True
6.0;0.19;0.26;12.4;0.048;50.0;147.0;0.9597874838784192;3.3;0.36;0.5973154362416108;6;Medium;False;True
6.6;0.38;0.15;4.6;0.044;25.0;78.0;0.9558413058961673;3.11;0.38;0.6845637583892616;6;Medium;False;True
7.4;0.2;0.36;1.2;0.038;44.0;111.0;0.9553600646788196;3.36;0.34;0.6644295302013423;6;Medium;False;True
6.8;0.22;0.24;4.9;0.092;30.0;123.0;0.9577662707655585;3.03;0.46;0.5771812080536912;6;Medium;False;True
7.0;0.47;0.07;1.1;0.035;17.0;151.0;0.9538200927833067;3.02;0.34;0.7046979865771812;5;Medium;False;True
7.2;0.24;0.27;1.4;0.038;31.0;122.0;0.9554563129222892;3.15;0.46;0.6912751677852349;6;Medium;False;True
6.2;0.35;0.03;1.2;0.064;29.0;120.0;0.956130050626576;3.22;0.54;0.610738255033557;5;Medium;False;True
6.4;0.26;0.24;6.4;0.04;27.0;124.0;0.9531463550790198;3.22;0.49;0.8456375838926175;7;High;False;True
6.7;0.25;0.13;1.2;0.041;81.0;174.0;0.9547825752180022;3.14;0.42;0.6577181208053692;5;Medium;False;True
6.7;0.23;0.31;2.1;0.046;30.0;96.0;0.9553600646788196;3.33;0.64;0.7181208053691275;8;High;False;True
7.4;0.24;0.29;10.1;0.05;21.0;105.0;0.9588250014437236;3.13;0.35;0.6375838926174496;5;Medium;False;True
6.2;0.27;0.43;7.8;0.056;48.0;244.0;0.9582475119829064;3.1;0.51;0.6040268456375839;6;Medium;False;True
6.8;0.3;0.23;4.6;0.061;50.5;238.5;0.9584400084698455;3.32;0.6;0.6375838926174496;5;Medium;False;True
6.0;0.27;0.28;4.8;0.063;31.0;201.0;0.9590174979306627;3.69;0.71;0.6711409395973155;5;Medium;False;True
8.6;0.23;0.46;1.0;0.054;9.0;72.0;0.9568037883308629;2.95;0.49;0.610738255033557;6;Medium;False;True
7.1;0.18;0.36;1.4;0.043;31.0;87.0;0.9526651138616721;3.26;0.37;0.8523489932885905;7;High;False;True
7.0;0.32;0.34;1.3;0.042;20.0;69.0;0.9540125892702458;3.31;0.65;0.8053691275167785;7;High;False;True
7.4;0.18;0.3;8.8;0.064;26.0;103.0;0.9587287532002541;2.94;0.56;0.6241610738255033;5;Medium;False;True
6.7;0.54;0.28;5.4;0.06;21.0;105.0;0.9575737742786194;3.27;0.37;0.6040268456375839;5;Medium;False;True
6.8;0.22;0.31;1.4;0.053;34.0;114.0;0.9556488094092283;3.39;0.77;0.7114093959731543;6;Medium;False;True
7.1;0.2;0.34;16.0;0.05;51.0;166.0;0.9610387110435235;3.21;0.6;0.6174496644295301;6;Medium;False;True
7.1;0.34;0.2;6.1;0.063;47.0;164.0;0.9572850295482108;3.17;0.42;0.6711409395973155;5;Medium;False;True
7.3;0.22;0.3;8.2;0.047;42.0;207.0;0.9592099944176019;3.33;0.46;0.6375838926174496;6;Medium;False;True
7.1;0.43;0.61;11.8;0.045;54.0;155.0;0.9599799803653583;3.11;0.45;0.5838926174496644;5;Medium;False;True
7.1;0.44;0.62;11.8;0.044;52.0;152.0;0.9600762286088279;3.12;0.46;0.5838926174496644;6;Medium;False;True
7.2;0.39;0.63;11.0;0.044;55.0;156.0;0.9599799803653583;3.09;0.44;0.5838926174496644;6;Medium;False;True
6.8;0.25;0.31;13.3;0.05;69.0;202.0;0.9597874838784192;3.22;0.48;0.6510067114093959;6;Medium;False;True
6.1;0.27;0.43;7.5;0.049;65.0;243.0;0.9583437602263759;3.12;0.47;0.6040268456375839;5;Medium;False;True
6.9;0.24;0.33;1.7;0.035;47.0;136.0;0.9528576103486112;3.26;0.4;0.8456375838926175;7;High;False;True
6.9;0.21;0.33;1.8;0.034;48.0;136.0;0.9527613621051416;3.25;0.41;0.8456375838926175;7;High;False;True
7.5;0.17;0.32;1.7;0.04;51.0;148.0;0.9543975822441241;3.21;0.44;0.7718120805369127;7;High;False;True
7.1;0.26;0.29;12.4;0.044;62.0;240.0;0.9594987391480105;3.04;0.42;0.6174496644295301;6;Medium;False;True
6.0;0.34;0.66;15.9;0.046;26.0;164.0;0.9604612215827061;3.14;0.5;0.5906040268456376;6;Medium;False;True
8.6;0.265;0.36;1.2;0.034;15.0;80.0;0.9541088375137153;2.95;0.36;0.7651006711409396;7;High;False;True
9.8;0.36;0.46;10.5;0.038;4.0;83.0;0.9582475119829064;2.89;0.3;0.6778523489932885;4;Low;False;True
7.4;0.25;0.37;13.5;0.06;52.0;192.0;0.9600762286088279;3.0;0.44;0.610738255033557;5;Medium;False;True
7.1;0.12;0.32;9.6;0.054;64.0;162.0;0.9588250014437236;3.4;0.41;0.6308724832214765;5;Medium;False;True
6.0;0.21;0.24;12.1;0.05;55.0;164.0;0.9595949873914801;3.34;0.39;0.6308724832214765;5;Medium;False;True
7.5;0.305;0.4;18.9;0.059;44.0;170.0;0.9624824346955668;2.99;0.46;0.6040268456375839;5;Medium;False;True
7.3;0.13;0.32;14.4;0.051;34.0;109.0;0.9599799803653583;3.2;0.35;0.6174496644295301;6;Medium;False;True
7.1;0.23;0.35;16.5;0.04;60.0;171.0;0.9615199522608713;3.16;0.59;0.610738255033557;6;Medium;False;True
6.9;0.33;0.28;1.3;0.051;37.0;187.0;0.9554563129222892;3.27;0.6;0.6912751677852349;5;Medium;False;True
6.5;0.17;0.54;8.5;0.082;64.0;163.0;0.958536256713315;2.89;0.39;0.5906040268456376;6;Medium;False;True
7.2;0.27;0.46;18.75;0.052;45.0;255.0;0.9624824346955668;3.04;0.52;0.5973154362416108;5;Medium;False;True
7.2;0.31;0.5;13.3;0.056;68.0;195.0;0.9607499663131147;3.01;0.47;0.6174496644295301;5;Medium;False;True
6.7;0.41;0.34;9.2;0.049;29.0;150.0;0.959402490904541;3.22;0.51;0.610738255033557;5;Medium;False;True
5.5;0.485;0.0;1.5;0.065;8.0;103.0;0.9567075400873933;3.63;0.4;0.6510067114093959;4;Low;False;True
6.0;0.31;0.24;3.3;0.041;25.0;143.0;0.9542050857571849;3.31;0.44;0.7583892617449665;6;Medium;False;True
7.0;0.14;0.4;1.7;0.035;16.0;85.0;0.9539163410267762;3.19;0.42;0.7919463087248323;6;Medium;False;True
7.3;0.32;0.48;13.3;0.06;57.0;196.0;0.9607499663131147;3.04;0.5;0.6174496644295301;5;Medium;False;True
5.9;0.36;0.04;5.7;0.046;21.0;87.0;0.956130050626576;3.22;0.51;0.6845637583892616;5;Medium;False;True
7.8;0.24;0.32;12.2;0.054;42.0;138.0;0.9609424628000538;3.01;0.54;0.5906040268456376;5;Medium;False;True
7.4;0.16;0.31;6.85;0.059;31.0;131.0;0.9578625190090281;3.29;0.34;0.6510067114093959;5;Medium;False;True
6.9;0.19;0.28;5.0;0.058;14.0;146.0;0.9578625190090281;3.29;0.36;0.610738255033557;6;Medium;False;True
6.4;0.13;0.47;1.6;0.092;40.0;158.0;0.9555525611657587;3.21;0.36;0.6577181208053692;6;Medium;False;True
6.7;0.19;0.36;1.1;0.026;63.0;143.0;0.9540125892702458;3.27;0.48;0.7382550335570469;6;Medium;False;True
7.4;0.39;0.23;7.0;0.033;29.0;126.0;0.9567075400873933;3.14;0.42;0.7046979865771812;5;Medium;False;True
6.5;0.24;0.32;7.6;0.038;48.0;203.0;0.9584400084698455;3.45;0.54;0.6510067114093959;7;High;False;True
6.1;0.3;0.56;2.8;0.044;47.0;179.0;0.9551675681918804;3.3;0.57;0.7315436241610739;7;High;False;True
6.1;0.3;0.56;2.7;0.046;46.0;184.0;0.9551675681918804;3.31;0.57;0.7315436241610739;6;Medium;False;True
5.7;0.26;0.25;10.4;0.02;7.0;57.0;0.9567075400873933;3.39;0.37;0.7114093959731543;5;Medium;False;True
6.5;0.425;0.4;13.1;0.038;59.0;241.0;0.9604612215827061;3.23;0.57;0.6040268456375839;5;Medium;False;True
6.6;0.24;0.27;15.8;0.035;46.0;188.0;0.9607499663131147;3.24;0.51;0.6174496644295301;5;Medium;False;True
6.8;0.27;0.22;8.1;0.034;55.0;203.0;0.9587287532002541;3.19;0.52;0.5973154362416108;5;Medium;False;True
6.7;0.27;0.31;15.7;0.036;44.0;179.0;0.9604612215827061;3.26;0.56;0.6442953020134228;5;Medium;False;True
8.2;0.23;0.4;1.2;0.027;36.0;121.0;0.9547825752180022;3.12;0.38;0.7181208053691275;6;Medium;False;True
7.1;0.37;0.67;10.5;0.045;49.0;155.0;0.9600762286088279;3.16;0.44;0.5838926174496644;5;Medium;False;True
6.8;0.19;0.36;1.9;0.035;30.0;96.0;0.9544938304875936;3.15;0.54;0.7248322147651007;7;High;False;True
8.1;0.28;0.39;1.9;0.029;18.0;79.0;0.9550713199484109;3.23;0.52;0.7919463087248323;6;Medium;False;True
6.3;0.31;0.34;2.2;0.045;20.0;77.0;0.9554563129222892;3.3;0.43;0.6845637583892616;5;Medium;False;True
7.9;0.21;0.4;1.2;0.039;38.0;107.0;0.9547825752180022;3.21;0.54;0.7248322147651007;6;Medium;False;True
8.5;0.21;0.41;4.3;0.036;24.0;99.0;0.9573812777916804;3.18;0.53;0.6510067114093959;6;Medium;False;True
8.1;0.2;0.4;2.0;0.037;19.0;87.0;0.9548788234614718;3.12;0.54;0.7516778523489932;6;Medium;False;True
6.3;0.255;0.37;1.1;0.04;37.0;114.0;0.953338851565959;3.0;0.39;0.7315436241610739;6;Medium;False;True
5.6;0.16;0.27;1.4;0.044;53.0;168.0;0.9545900787310632;3.28;0.37;0.6778523489932885;6;Medium;False;True
6.4;0.595;0.14;5.2;0.058;15.0;97.0;0.9577662707655585;3.38;0.36;0.6040268456375839;4;Low;False;True
6.3;0.34;0.33;4.6;0.034;19.0;80.0;0.9544938304875936;3.38;0.58;0.8053691275167785;7;High;False;True
6.9;0.25;0.3;4.1;0.054;23.0;116.0;0.9567075400873933;2.99;0.38;0.6308724832214765;6;Medium;False;True
7.9;0.22;0.38;8.0;0.043;46.0;152.0;0.956130050626576;3.12;0.32;0.7718120805369127;7;High;False;True
7.6;0.18;0.46;10.2;0.055;58.0;135.0;0.959402490904541;3.14;0.43;0.6644295302013423;6;Medium;False;True
7.2;0.18;0.41;1.2;0.048;41.0;97.0;0.9546863269745327;3.14;0.45;0.697986577181208;5;Medium;False;True
8.2;0.23;0.4;7.5;0.049;12.0;76.0;0.9592099944176019;3.06;0.84;0.6510067114093959;6;Medium;False;True
7.4;0.24;0.42;14.0;0.066;48.0;198.0;0.9604612215827061;2.89;0.42;0.5973154362416108;6;Medium;False;True
6.1;0.32;0.24;1.5;0.036;38.0;124.0;0.9526651138616721;3.29;0.42;0.8322147651006712;7;High;False;True
5.2;0.44;0.04;1.4;0.036;43.0;119.0;0.9522801208877937;3.36;0.33;0.8120805369127516;8;High;False;True
6.4;0.22;0.56;14.5;0.055;27.0;159.0;0.9605574698261756;2.98;0.4;0.610738255033557;5;Medium;False;True
6.3;0.36;0.3;4.8;0.049;14.0;85.0;0.9559375541396369;3.28;0.39;0.7114093959731543;5;Medium;False;True
6.7;0.24;0.35;13.1;0.05;64.0;205.0;0.9595949873914801;3.15;0.5;0.6375838926174496;5;Medium;False;True
7.0;0.23;0.36;13.0;0.051;72.0;177.0;0.9597874838784192;3.16;0.49;0.6577181208053692;5;Medium;False;True
8.4;0.27;0.46;8.7;0.048;39.0;197.0;0.9599799803653583;3.14;0.59;0.6442953020134228;6;Medium;False;True
6.7;0.46;0.18;2.4;0.034;25.0;98.0;0.9524726173747329;3.08;0.44;0.8456375838926175;7;High;False;True
7.5;0.29;0.31;8.95;0.055;20.0;151.0;0.959402490904541;3.08;0.54;0.6241610738255033;5;Medium;False;True
9.8;0.42;0.48;9.85;0.034;5.0;110.0;0.9584400084698455;2.87;0.29;0.6711409395973155;5;Medium;False;True
7.1;0.3;0.46;1.5;0.066;29.0;133.0;0.9534350998094285;3.12;0.54;0.8523489932885905;6;Medium;False;True
7.9;0.19;0.45;1.5;0.045;17.0;96.0;0.9544938304875936;3.13;0.39;0.7382550335570469;6;Medium;False;True
7.6;0.48;0.37;0.8;0.037;4.0;100.0;0.9530501068355502;3.03;0.39;0.7651006711409396;4;Low;False;True
6.3;0.22;0.43;4.55;0.038;31.0;130.0;0.9545900787310632;3.35;0.33;0.7718120805369127;7;High;False;True
7.5;0.27;0.31;17.7;0.051;33.0;173.0;0.9615199522608713;3.09;0.64;0.6845637583892616;5;Medium;False;True
6.9;0.23;0.4;7.5;0.04;50.0;151.0;0.9554563129222892;3.11;0.27;0.7651006711409396;6;Medium;False;True
7.2;0.32;0.47;5.1;0.044;19.0;65.0;0.9538200927833067;3.03;0.41;0.8456375838926175;4;Low;False;True
5.9;0.23;0.3;12.9;0.054;57.0;170.0;0.9597874838784192;3.28;0.39;0.6308724832214765;5;Medium;False;True
6.0;0.67;0.07;1.2;0.06;9.0;108.0;0.9558413058961673;3.11;0.35;0.5838926174496644;4;Low;False;True
6.4;0.25;0.32;5.5;0.049;41.0;176.0;0.957670022522089;3.19;0.68;0.6174496644295301;6;Medium;False;True
6.4;0.33;0.31;5.5;0.048;42.0;173.0;0.9577662707655585;3.19;0.66;0.6241610738255033;6;Medium;False;True
7.1;0.34;0.15;1.2;0.053;61.0;183.0;0.9563225471135152;3.09;0.43;0.6174496644295301;5;Medium;False;True
6.8;0.28;0.4;22.0;0.048;48.0;167.0;0.9634449171302623;2.93;0.5;0.5838926174496644;5;Medium;False;True
6.9;0.27;0.4;14.0;0.05;64.0;227.0;0.9604612215827061;3.18;0.58;0.6442953020134228;6;Medium;False;True
6.8;0.26;0.56;11.9;0.043;64.0;226.0;0.9595949873914801;3.02;0.63;0.6241610738255033;5;Medium;False;True
6.8;0.29;0.56;11.9;0.043;66.0;230.0;0.9597874838784192;3.02;0.63;0.6241610738255033;5;Medium;False;True
6.7;0.24;0.41;9.4;0.04;49.0;166.0;0.9580550154959672;3.12;0.61;0.6644295302013423;6;Medium;False;True
5.9;0.3;0.23;4.2;0.038;42.0;119.0;0.9551675681918804;3.15;0.5;0.7382550335570469;5;Medium;False;True
6.8;0.53;0.35;3.8;0.034;26.0;109.0;0.9534350998094285;3.26;0.57;0.8523489932885905;8;High;False;True
6.5;0.28;0.28;8.5;0.047;54.0;210.0;0.9588250014437236;3.09;0.54;0.5973154362416108;4;Low;False;True
6.6;0.28;0.28;8.5;0.052;55.0;211.0;0.9588250014437236;3.09;0.55;0.5973154362416108;6;Medium;False;True
6.8;0.28;0.36;8.0;0.045;28.0;123.0;0.9555525611657587;3.02;0.37;0.7651006711409396;6;Medium;False;True
6.6;0.15;0.34;5.1;0.055;34.0;125.0;0.9569000365743324;3.36;0.42;0.6442953020134228;5;Medium;False;True
6.4;0.29;0.44;3.6;0.2;75.0;181.0;0.9569000365743324;3.02;0.41;0.610738255033557;5;Medium;False;True
6.4;0.3;0.45;3.5;0.197;76.0;180.0;0.9569000365743324;3.02;0.39;0.610738255033557;6;Medium;False;True
6.4;0.29;0.44;3.6;0.197;75.0;183.0;0.9569000365743324;3.01;0.38;0.610738255033557;5;Medium;False;True
6.8;0.26;0.24;7.8;0.052;54.0;214.0;0.9587287532002541;3.13;0.47;0.5973154362416108;5;Medium;False;True
7.1;0.32;0.24;13.1;0.05;52.0;204.0;0.9605574698261756;3.1;0.49;0.5906040268456376;5;Medium;False;True
6.8;0.27;0.26;16.1;0.049;55.0;196.0;0.9609424628000538;3.15;0.5;0.6241610738255033;5;Medium;False;True
6.9;0.54;0.32;13.2;0.05;53.0;236.0;0.9598837321218887;3.2;0.5;0.6442953020134228;5;Medium;False;True
6.8;0.26;0.34;13.9;0.034;39.0;134.0;0.9575737742786194;3.33;0.53;0.8053691275167785;6;Medium;False;True
5.8;0.28;0.35;2.3;0.053;36.0;114.0;0.9551675681918804;3.28;0.5;0.6845637583892616;4;Low;False;True
6.4;0.21;0.5;11.6;0.042;45.0;153.0;0.9597874838784192;3.15;0.43;0.5906040268456376;5;Medium;False;True
7.0;0.16;0.32;8.3;0.045;38.0;126.0;0.9584400084698455;3.21;0.34;0.6174496644295301;5;Medium;False;True
10.2;0.44;0.88;6.2;0.049;20.0;124.0;0.959402490904541;2.99;0.51;0.6644295302013423;4;Low;False;True
6.8;0.57;0.29;2.2;0.04;15.0;77.0;0.9565150436004543;3.32;0.74;0.6845637583892616;5;Medium;False;True
6.1;0.4;0.31;0.9;0.048;23.0;170.0;0.9557450576526978;3.22;0.77;0.6375838926174496;6;Medium;False;True
5.6;0.245;0.25;9.7;0.032;12.0;68.0;0.9567075400873933;3.31;0.34;0.7046979865771812;5;Medium;False;True
6.8;0.18;0.38;1.4;0.038;35.0;111.0;0.9545900787310632;3.32;0.59;0.7516778523489932;7;High;False;True
6.7;0.13;0.29;5.3;0.051;31.0;122.0;0.9570925330612716;3.44;0.37;0.6510067114093959;6;Medium;False;True
6.2;0.25;0.25;1.4;0.03;35.0;105.0;0.9540125892702458;3.3;0.44;0.7449664429530201;7;High;False;True
5.8;0.26;0.24;9.2;0.044;55.0;152.0;0.9587287532002541;3.31;0.38;0.6308724832214765;5;Medium;False;True
7.5;0.27;0.36;7.0;0.036;45.0;164.0;0.9566112918439238;3.03;0.33;0.7382550335570469;5;Medium;False;True
5.7;0.28;0.24;17.5;0.044;60.0;167.0;0.9614237040174016;3.31;0.44;0.6308724832214765;5;Medium;False;True
7.5;0.23;0.36;7.0;0.036;43.0;161.0;0.9565150436004543;3.04;0.32;0.7382550335570469;5;Medium;False;True
7.2;0.685;0.21;9.5;0.07;33.0;172.0;0.9596912356349496;3.0;0.55;0.610738255033557;6;Medium;False;True
6.5;0.19;0.3;0.8;0.043;33.0;144.0;0.9563225471135152;3.42;0.39;0.610738255033557;6;Medium;False;True
6.3;0.495;0.22;1.8;0.046;31.0;140.0;0.9556488094092283;3.39;0.54;0.697986577181208;6;Medium;False;True
7.1;0.24;0.41;17.8;0.046;39.0;145.0;0.9622899382086277;3.32;0.39;0.5838926174496644;5;Medium;False;True
6.4;0.17;0.32;2.4;0.048;41.0;200.0;0.9565150436004543;3.5;0.5;0.6510067114093959;6;Medium;False;True
7.1;0.25;0.32;10.3;0.041;66.0;272.0;0.9594987391480105;3.17;0.52;0.610738255033557;6;Medium;False;True
6.8;0.64;0.08;9.7;0.062;26.0;142.0;0.9597874838784192;3.37;0.46;0.5973154362416108;4;Low;False;True
8.3;0.28;0.4;7.8;0.041;38.0;194.0;0.9601724768522975;3.34;0.51;0.6442953020134228;6;Medium;False;True
8.2;0.27;0.39;7.8;0.039;49.0;208.0;0.9601724768522975;3.31;0.51;0.6375838926174496;6;Medium;False;True
7.2;0.23;0.38;14.3;0.058;55.0;194.0;0.9604612215827061;3.09;0.44;0.6040268456375839;6;Medium;False;True
6.8;0.52;0.32;13.2;0.044;54.0;221.0;0.9597874838784192;3.27;0.5;0.6442953020134228;6;Medium;False;True
7.0;0.26;0.59;1.4;0.037;40.0;120.0;0.9545900787310632;3.34;0.41;0.7449664429530201;7;High;False;True
6.2;0.25;0.21;15.55;0.039;28.0;159.0;0.9607499663131147;3.48;0.64;0.6442953020134228;6;Medium;False;True
7.3;0.32;0.23;13.7;0.05;49.0;197.0;0.9610387110435235;3.2;0.46;0.5838926174496644;5;Medium;False;True
7.7;0.31;0.26;7.8;0.031;23.0;90.0;0.9570925330612716;3.13;0.5;0.697986577181208;5;Medium;False;True
7.1;0.21;0.37;2.4;0.026;23.0;100.0;0.9531463550790198;3.15;0.38;0.7651006711409396;7;High;False;True
6.8;0.24;0.34;2.7;0.047;64.5;218.5;0.956130050626576;3.3;0.58;0.6510067114093959;6;Medium;False;True
6.9;0.4;0.56;11.2;0.043;40.0;142.0;0.9600762286088279;3.14;0.46;0.5838926174496644;5;Medium;False;True
6.1;0.18;0.36;2.0;0.038;20.0;249.5;0.9550713199484109;3.37;0.79;0.7583892617449665;6;Medium;False;True
6.8;0.21;0.27;2.1;0.03;26.0;139.0;0.9528576103486112;3.16;0.61;0.8456375838926175;7;High;False;True
5.8;0.2;0.27;1.4;0.031;12.0;77.0;0.953338851565959;3.25;0.36;0.7315436241610739;7;High;False;True
5.6;0.19;0.26;1.4;0.03;12.0;76.0;0.953338851565959;3.25;0.37;0.7315436241610739;7;High;False;True
6.1;0.41;0.14;10.4;0.037;18.0;119.0;0.9586325049567845;3.38;0.45;0.6711409395973155;5;Medium;False;True
5.9;0.21;0.28;4.6;0.053;40.0;199.0;0.9590174979306627;3.72;0.7;0.6711409395973155;4;Low;False;True
8.5;0.26;0.21;16.2;0.074;41.0;197.0;0.9605574698261756;3.02;0.5;0.6577181208053692;3;Low;False;True
5.8;0.24;0.44;3.5;0.029;5.0;109.0;0.9541088375137153;3.53;0.43;0.785234899328859;3;Low;False;True
5.8;0.24;0.39;1.5;0.054;37.0;158.0;0.9559375541396369;3.21;0.52;0.6241610738255033;6;Medium;False;True
6.7;0.26;0.39;1.1;0.04;45.0;147.0;0.9562262988700456;3.32;0.58;0.6442953020134228;8;High;False;True
6.3;0.35;0.3;5.7;0.035;8.0;97.0;0.9554563129222892;3.27;0.41;0.7382550335570469;7;High;False;True
6.4;0.23;0.39;1.8;0.032;23.0;118.0;0.9540125892702458;3.32;0.5;0.7919463087248323;6;Medium;False;True
5.8;0.36;0.38;0.9;0.037;3.0;75.0;0.9532426033224893;3.28;0.34;0.7651006711409396;4;Low;False;True
6.9;0.115;0.35;5.4;0.048;36.0;108.0;0.9566112918439238;3.32;0.42;0.6845637583892616;6;Medium;False;True
6.9;0.29;0.4;19.45;0.043;36.0;156.0;0.9620974417216887;2.93;0.47;0.5973154362416108;5;Medium;False;True
6.9;0.28;0.4;8.2;0.036;15.0;95.0;0.9570925330612716;3.17;0.33;0.6845637583892616;5;Medium;False;True
7.2;0.29;0.4;13.6;0.045;66.0;231.0;0.960268725095767;3.08;0.59;0.6442953020134228;6;Medium;False;True
6.2;0.24;0.35;1.2;0.038;22.0;167.0;0.9540125892702458;3.1;0.48;0.7114093959731543;6;Medium;False;True
6.9;0.32;0.26;8.3;0.053;32.0;180.0;0.9591137461741324;3.25;0.51;0.6174496644295301;6;Medium;False;True
5.3;0.58;0.07;6.9;0.043;34.0;149.0;0.9570925330612716;3.34;0.57;0.6510067114093959;5;Medium;False;True
5.3;0.585;0.07;7.1;0.044;34.0;145.0;0.9571887813047413;3.34;0.57;0.6510067114093959;6;Medium;False;True
5.4;0.59;0.07;7.0;0.045;36.0;147.0;0.9570925330612716;3.34;0.57;0.6510067114093959;6;Medium;False;True
5.2;0.6;0.07;7.0;0.044;33.0;147.0;0.9570925330612716;3.33;0.58;0.6510067114093959;5;Medium;False;True
5.8;0.25;0.26;13.1;0.051;44.0;148.0;0.9597874838784192;3.29;0.38;0.6241610738255033;5;Medium;False;True
6.6;0.58;0.3;5.1;0.057;30.0;123.0;0.9575737742786194;3.24;0.38;0.6040268456375839;5;Medium;False;True
7.0;0.29;0.54;10.7;0.046;59.0;234.0;0.9592099944176019;3.05;0.61;0.6375838926174496;5;Medium;False;True
6.6;0.19;0.41;8.9;0.046;51.0;169.0;0.9580550154959672;3.14;0.57;0.6577181208053692;6;Medium;False;True
6.7;0.2;0.41;9.1;0.044;50.0;166.0;0.9580550154959672;3.14;0.58;0.6577181208053692;6;Medium;False;True
7.7;0.26;0.4;1.1;0.042;9.0;60.0;0.9543013340006545;2.89;0.5;0.7114093959731543;5;Medium;False;True
6.8;0.32;0.34;1.2;0.044;14.0;67.0;0.9546863269745327;3.05;0.47;0.7114093959731543;4;Low;False;True
7.0;0.3;0.49;4.7;0.036;17.0;105.0;0.9543975822441241;3.26;0.68;0.8322147651006712;7;High;False;True
7.0;0.24;0.36;2.8;0.034;22.0;112.0;0.9528576103486112;3.19;0.38;0.8456375838926175;8;High;False;True
6.1;0.31;0.58;5.0;0.039;36.0;114.0;0.9537238445398372;3.3;0.6;0.825503355704698;8;High;False;True
6.8;0.44;0.37;5.1;0.047;46.0;201.0;0.9565150436004543;3.08;0.65;0.7046979865771812;4;Low;False;True
6.7;0.34;0.3;15.6;0.054;51.0;196.0;0.9607499663131147;3.19;0.49;0.6241610738255033;5;Medium;False;True
7.1;0.35;0.24;15.4;0.055;46.0;198.0;0.9613274557739321;3.12;0.49;0.5906040268456376;5;Medium;False;True
7.3;0.32;0.25;7.2;0.056;47.0;180.0;0.9587287532002541;3.08;0.47;0.5906040268456376;5;Medium;False;True
6.5;0.28;0.33;15.7;0.053;51.0;190.0;0.9603649733392365;3.22;0.51;0.6510067114093959;6;Medium;False;True
7.2;0.23;0.39;14.2;0.058;49.0;192.0;0.9604612215827061;2.98;0.48;0.6040268456375839;7;High;False;True
5.9;0.15;0.31;5.8;0.041;53.0;155.0;0.9571887813047413;3.52;0.46;0.7046979865771812;6;Medium;False;True
7.4;0.28;0.42;19.8;0.066;53.0;195.0;0.9624824346955668;2.96;0.44;0.610738255033557;5;Medium;False;True
6.2;0.28;0.22;7.3;0.041;26.0;157.0;0.9583437602263759;3.44;0.64;0.6577181208053692;7;High;False;True
9.1;0.59;0.38;1.6;0.066;34.0;182.0;0.959402490904541;3.23;0.38;0.5704697986577181;3;Low;False;True
6.3;0.33;0.27;1.2;0.046;34.0;175.0;0.956130050626576;3.37;0.54;0.6308724832214765;6;Medium;False;True
8.3;0.39;0.7;10.6;0.045;33.0;169.0;0.9601724768522975;3.09;0.57;0.6308724832214765;5;Medium;False;True
7.2;0.19;0.46;3.8;0.041;82.0;187.0;0.9559375541396369;3.19;0.6;0.7516778523489932;7;High;False;True
7.5;0.17;0.44;11.3;0.046;65.0;146.0;0.9595949873914801;3.17;0.45;0.6711409395973155;6;Medium;False;True
6.7;0.17;0.5;2.1;0.043;27.0;122.0;0.9550713199484109;3.15;0.45;0.6912751677852349;6;Medium;False;True
6.1;0.41;0.0;1.6;0.063;36.0;87.0;0.9542050857571849;3.27;0.67;0.7248322147651007;6;Medium;False;True
8.3;0.2;0.35;0.9;0.05;12.0;74.0;0.9547825752180022;3.13;0.38;0.7046979865771812;6;Medium;False;True
6.0;0.29;0.21;1.3;0.055;42.0;168.0;0.9542050857571849;3.32;0.43;0.7449664429530201;6;Medium;False;True
7.3;0.41;0.24;6.8;0.057;41.0;163.0;0.9575737742786194;3.2;0.41;0.6644295302013423;6;Medium;False;True
7.2;0.43;0.24;6.7;0.058;40.0;163.0;0.957670022522089;3.2;0.41;0.6644295302013423;5;Medium;False;True
7.3;0.4;0.24;6.7;0.058;41.0;166.0;0.957670022522089;3.2;0.41;0.6644295302013423;6;Medium;False;True
6.2;0.33;0.27;4.9;0.036;30.0;134.0;0.9554563129222892;3.2;0.42;0.697986577181208;7;High;False;True
6.2;0.31;0.26;4.8;0.037;36.0;148.0;0.9555525611657587;3.21;0.41;0.697986577181208;6;Medium;False;True
6.1;0.36;0.27;2.1;0.035;16.0;100.0;0.9544938304875936;3.4;0.71;0.7718120805369127;7;High;False;True
5.0;0.55;0.14;8.3;0.032;35.0;164.0;0.9545900787310632;3.53;0.51;0.8389261744966443;8;High;False;True
7.8;0.25;0.41;3.7;0.042;37.0;149.0;0.9580550154959672;3.36;0.45;0.6711409395973155;6;Medium;False;True
5.7;0.36;0.21;6.7;0.038;51.0;166.0;0.9568037883308629;3.29;0.63;0.6711409395973155;6;Medium;False;True
5.8;0.34;0.21;6.6;0.04;50.0;167.0;0.9568037883308629;3.29;0.62;0.6711409395973155;5;Medium;False;True
6.8;0.28;0.6;1.1;0.132;42.0;127.0;0.956130050626576;3.09;0.44;0.610738255033557;6;Medium;False;True
6.8;0.25;0.34;4.7;0.031;34.0;134.0;0.9554563129222892;3.21;0.38;0.7114093959731543;6;Medium;False;True
6.6;0.24;0.35;7.7;0.031;36.0;135.0;0.9565150436004543;3.19;0.37;0.7046979865771812;5;Medium;False;True
5.9;0.3;0.47;7.85;0.03;19.0;133.0;0.9560338023831064;3.52;0.43;0.7718120805369127;7;High;False;True
6.1;0.125;0.25;3.3;0.04;10.0;69.0;0.956130050626576;3.54;0.59;0.6778523489932885;6;Medium;False;True
6.0;0.1;0.24;1.1;0.041;15.0;65.0;0.9554563129222892;3.61;0.61;0.6912751677852349;7;High;False;True
6.8;0.28;0.44;9.3;0.031;35.0;137.0;0.9572850295482108;3.16;0.36;0.697986577181208;6;Medium;False;True
8.3;0.41;0.51;2.0;0.046;11.0;207.0;0.9557450576526978;3.02;0.55;0.7651006711409396;5;Medium;False;True
7.5;0.27;0.31;5.8;0.057;131.0;313.0;0.9572850295482108;3.18;0.59;0.7046979865771812;5;Medium;False;True
7.9;0.26;0.41;15.15;0.04;38.0;216.0;0.9601724768522975;2.96;0.6;0.6711409395973155;6;Medium;False;True
6.4;0.34;0.23;6.3;0.039;37.0;143.0;0.9570925330612716;3.19;0.65;0.6711409395973155;6;Medium;False;True
6.5;0.28;0.35;15.4;0.042;55.0;195.0;0.9603649733392365;3.23;0.5;0.6442953020134228;6;Medium;False;True
7.2;0.21;0.41;1.3;0.036;33.0;85.0;0.9547825752180022;3.17;0.51;0.697986577181208;5;Medium;False;True
6.4;0.32;0.35;4.8;0.03;34.0;101.0;0.9540125892702458;3.36;0.6;0.8389261744966443;8;High;False;True
6.8;0.24;0.34;4.6;0.032;37.0;135.0;0.9554563129222892;3.2;0.39;0.7114093959731543;5;Medium;False;True
6.3;0.23;0.3;1.8;0.033;16.0;91.0;0.9534350998094285;3.28;0.4;0.7919463087248323;6;Medium;False;True
6.5;0.28;0.34;9.9;0.038;30.0;133.0;0.9580550154959672;3.11;0.44;0.6577181208053692;5;Medium;False;True
5.6;0.26;0.26;5.7;0.031;12.0;80.0;0.9550713199484109;3.25;0.38;0.7248322147651007;5;Medium;False;True
6.3;0.23;0.33;1.5;0.036;15.0;105.0;0.9538200927833067;3.32;0.42;0.7516778523489932;6;Medium;False;True
5.8;0.27;0.27;12.3;0.045;55.0;170.0;0.9597874838784192;3.28;0.42;0.6241610738255033;6;Medium;False;True
5.9;0.26;0.4;1.3;0.047;12.0;139.0;0.9571887813047413;3.45;0.53;0.697986577181208;5;Medium;False;True
6.6;0.18;0.35;1.5;0.049;49.0;141.0;0.956130050626576;3.43;0.85;0.6845637583892616;7;High;False;True
7.4;0.2;0.43;7.8;0.045;27.0;153.0;0.9590174979306627;3.19;0.55;0.6040268456375839;7;High;False;True
8.0;0.24;0.36;1.5;0.047;17.0;129.0;0.9574775260351499;3.2;0.54;0.6711409395973155;6;Medium;False;True
6.4;0.26;0.42;9.7;0.044;30.0;140.0;0.9588250014437236;3.18;0.47;0.610738255033557;6;Medium;False;True
5.4;0.31;0.47;3.0;0.053;46.0;144.0;0.9558413058961673;3.29;0.76;0.6711409395973155;5;Medium;False;True
5.4;0.29;0.47;3.0;0.052;47.0;145.0;0.9557450576526978;3.29;0.75;0.6711409395973155;6;Medium;False;True
7.1;0.145;0.33;4.6;0.05;33.0;131.0;0.9569000365743324;3.28;0.4;0.6442953020134228;6;Medium;False;True
5.6;0.34;0.1;1.3;0.031;20.0;68.0;0.9534350998094285;3.36;0.51;0.7516778523489932;7;High;False;True
6.7;0.19;0.41;15.6;0.056;75.0;155.0;0.9620011934782191;3.2;0.44;0.5906040268456376;6;Medium;False;True
7.8;0.18;0.46;13.6;0.052;38.0;118.0;0.9605574698261756;3.15;0.5;0.6711409395973155;6;Medium;False;True
7.6;0.17;0.45;11.2;0.054;56.0;137.0;0.9595949873914801;3.15;0.47;0.6711409395973155;5;Medium;False;True
6.3;0.12;0.36;2.1;0.044;47.0;146.0;0.9542050857571849;3.27;0.74;0.7651006711409396;7;High;False;True
7.3;0.33;0.4;6.85;0.038;32.0;138.0;0.9547825752180022;3.03;0.3;0.7986577181208053;7;High;False;True
5.5;0.335;0.3;2.5;0.071;27.0;128.0;0.9551675681918804;3.14;0.51;0.6442953020134228;6;Medium;False;True
5.8;0.4;0.42;4.4;0.047;38.5;245.0;0.9564187953569847;3.25;0.57;0.6442953020134228;6;Medium;False;True
7.3;0.22;0.37;14.3;0.063;48.0;191.0;0.9603649733392365;2.89;0.38;0.6040268456375839;6;Medium;False;True
6.1;0.36;0.33;1.1;0.05;24.0;169.0;0.9554563129222892;3.15;0.78;0.6375838926174496;6;Medium;False;True
10.0;0.2;0.39;1.4;0.05;19.0;152.0;0.9567075400873933;3.0;0.42;0.697986577181208;6;Medium;False;True
6.9;0.24;0.34;4.7;0.04;43.0;161.0;0.9562262988700456;3.2;0.59;0.7114093959731543;6;Medium;False;True
6.4;0.24;0.32;14.9;0.047;54.0;162.0;0.959402490904541;3.28;0.5;0.6845637583892616;6;Medium;False;True
7.1;0.365;0.14;1.2;0.055;24.0;84.0;0.9568037883308629;3.15;0.43;0.5973154362416108;5;Medium;False;True
6.8;0.15;0.3;5.3;0.05;40.0;127.0;0.9569000365743324;3.4;0.39;0.6510067114093959;6;Medium;False;True
6.8;0.16;0.4;2.3;0.037;18.0;102.0;0.9550713199484109;3.49;0.42;0.7651006711409396;7;High;False;True
6.0;0.26;0.32;3.5;0.028;29.0;113.0;0.9540125892702458;3.4;0.71;0.825503355704698;7;High;False;True
6.0;0.18;0.27;1.5;0.089;40.0;143.0;0.9550713199484109;3.49;0.62;0.7248322147651007;6;Medium;False;True
6.9;0.33;0.21;1.0;0.053;39.0;148.0;0.9554563129222892;3.12;0.45;0.6308724832214765;6;Medium;False;True
7.7;0.29;0.48;2.3;0.049;36.0;178.0;0.9558413058961673;3.17;0.64;0.7114093959731543;6;Medium;False;True
7.1;0.39;0.35;12.5;0.044;26.0;72.0;0.9568037883308629;3.17;0.29;0.7785234899328859;5;Medium;False;True
6.6;0.905;0.19;0.8;0.048;17.0;204.0;0.956130050626576;3.34;0.56;0.6711409395973155;5;Medium;False;True
7.2;0.27;0.27;2.4;0.048;30.0;149.0;0.9563225471135152;3.1;0.51;0.6174496644295301;6;Medium;False;True
5.1;0.33;0.22;1.6;0.027;18.0;89.0;0.9521838726443241;3.51;0.38;0.8389261744966443;7;High;False;True
6.4;0.31;0.28;1.5;0.037;12.0;119.0;0.9546863269745327;3.32;0.51;0.697986577181208;7;High;False;True
7.3;0.2;0.44;1.4;0.045;21.0;98.0;0.9551675681918804;3.15;0.46;0.6711409395973155;7;High;False;True
5.7;0.32;0.5;2.6;0.049;17.0;155.0;0.9554563129222892;3.22;0.64;0.6711409395973155;6;Medium;False;True
7.2;0.28;0.26;12.5;0.046;48.0;179.0;0.9600762286088279;3.1;0.52;0.6040268456375839;6;Medium;False;True
7.5;0.35;0.28;9.6;0.051;26.0;157.0;0.9594987391480105;3.12;0.53;0.6174496644295301;6;Medium;False;True
6.0;0.36;0.39;3.2;0.027;20.0;125.0;0.9538200927833067;3.38;0.39;0.7583892617449665;7;High;False;True
5.0;0.17;0.56;1.5;0.026;24.0;115.0;0.9534350998094285;3.48;0.39;0.7248322147651007;7;High;False;True
6.3;0.39;0.35;5.9;0.04;82.5;260.0;0.9568037883308629;3.12;0.66;0.6778523489932885;5;Medium;False;True
6.7;0.21;0.32;5.4;0.047;29.0;140.0;0.957670022522089;3.39;0.46;0.6510067114093959;6;Medium;False;True
7.0;0.3;0.38;14.9;0.032;60.0;181.0;0.9608462145565843;3.18;0.61;0.6241610738255033;7;High;False;True
6.5;0.36;0.32;1.1;0.031;13.0;66.0;0.9543975822441241;3.1;0.46;0.7114093959731543;5;Medium;False;True
6.1;0.55;0.15;9.8;0.031;19.0;125.0;0.9583437602263759;3.36;0.47;0.6845637583892616;6;Medium;False;True
7.3;0.24;0.43;2.0;0.021;20.0;69.0;0.9528576103486112;3.08;0.56;0.8187919463087248;6;Medium;False;True
6.8;0.37;0.51;11.8;0.044;62.0;163.0;0.9601724768522975;3.19;0.44;0.5906040268456376;5;Medium;False;True
6.8;0.27;0.12;1.3;0.04;87.0;168.0;0.9547825752180022;3.18;0.41;0.6711409395973155;5;Medium;False;True
8.2;0.28;0.42;1.8;0.031;30.0;93.0;0.9544938304875936;3.09;0.39;0.7651006711409396;5;Medium;False;True
6.3;0.2;0.4;1.5;0.037;35.0;107.0;0.9544938304875936;3.46;0.5;0.7651006711409396;6;Medium;False;True
5.9;0.26;0.27;18.2;0.048;52.0;168.0;0.9618086969912799;3.35;0.44;0.6308724832214765;5;Medium;False;True
6.4;0.19;0.42;2.9;0.032;32.0;83.0;0.9536275962963676;3.3;0.41;0.785234899328859;6;Medium;False;True
6.1;0.35;0.07;1.4;0.069;22.0;108.0;0.956130050626576;3.23;0.52;0.6174496644295301;5;Medium;False;True
7.1;0.27;0.31;18.2;0.046;55.0;252.0;0.9624824346955668;3.07;0.56;0.5838926174496644;5;Medium;False;True
6.8;0.22;0.31;6.3;0.035;33.0;170.0;0.9545900787310632;3.24;0.66;0.8456375838926175;6;Medium;False;True
5.8;0.28;0.34;4.0;0.031;40.0;99.0;0.9524726173747329;3.39;0.39;0.8590604026845637;7;High;False;True
6.9;0.49;0.24;1.2;0.049;13.0;125.0;0.9559375541396369;3.17;0.51;0.6308724832214765;5;Medium;False;True
6.3;0.14;0.39;1.2;0.044;26.0;116.0;0.9547825752180022;3.26;0.53;0.6912751677852349;6;Medium;False;True
7.2;0.25;0.39;18.95;0.038;42.0;155.0;0.9623861864520973;2.97;0.47;0.6040268456375839;6;Medium;False;True
7.3;0.28;0.36;12.7;0.04;38.0;140.0;0.9605574698261756;3.3;0.79;0.6442953020134228;6;Medium;False;True
7.2;0.19;0.39;1.2;0.036;32.0;85.0;0.9545900787310632;3.16;0.5;0.7046979865771812;5;Medium;False;True
7.4;0.21;0.27;1.2;0.041;27.0;99.0;0.9554563129222892;3.19;0.33;0.6577181208053692;6;Medium;False;True
6.8;0.26;0.22;7.7;0.047;57.0;210.0;0.958536256713315;3.1;0.47;0.6040268456375839;5;Medium;False;True
7.4;0.31;0.28;1.6;0.05;33.0;137.0;0.9556488094092283;3.31;0.56;0.7046979865771812;6;Medium;False;True
7.0;0.22;0.31;2.7;0.03;41.0;136.0;0.9526651138616721;3.16;0.37;0.8523489932885905;7;High;False;True
7.0;0.21;0.28;8.7;0.045;37.0;222.0;0.9580550154959672;3.25;0.54;0.697986577181208;6;Medium;False;True
7.0;0.21;0.28;8.6;0.045;37.0;221.0;0.9580550154959672;3.25;0.54;0.697986577181208;6;Medium;False;True
6.9;0.23;0.38;8.3;0.047;47.0;162.0;0.9580550154959672;3.34;0.52;0.7046979865771812;7;High;False;True
6.8;0.29;0.5;13.3;0.053;48.0;194.0;0.9599799803653583;3.09;0.45;0.6308724832214765;5;Medium;False;True
7.8;0.21;0.27;1.2;0.051;20.0;89.0;0.9563225471135152;3.06;0.46;0.610738255033557;5;Medium;False;True
7.1;0.31;0.47;13.6;0.056;54.0;197.0;0.9603649733392365;3.1;0.49;0.6241610738255033;5;Medium;False;True
6.4;0.34;0.1;1.1;0.048;19.0;84.0;0.9554563129222892;3.21;0.38;0.6577181208053692;5;Medium;False;True
7.4;0.155;0.34;2.3;0.045;73.5;214.0;0.956130050626576;3.18;0.61;0.6644295302013423;7;High;False;True
7.2;0.55;0.09;1.5;0.108;16.0;151.0;0.9565150436004543;3.07;0.57;0.6174496644295301;4;Low;False;True
7.0;0.23;0.36;7.1;0.028;31.0;104.0;0.9549750717049413;3.35;0.47;0.8120805369127516;8;High;False;True
6.9;0.2;0.37;6.2;0.027;24.0;97.0;0.9547825752180022;3.38;0.49;0.8187919463087248;7;High;False;True
6.1;0.28;0.32;2.5;0.042;23.0;218.5;0.9562262988700456;3.27;0.6;0.6577181208053692;5;Medium;False;True
6.6;0.16;0.32;1.4;0.035;49.0;186.0;0.9534350998094285;3.35;0.64;0.8322147651006712;8;High;False;True
6.2;0.35;0.04;1.2;0.06;23.0;108.0;0.956130050626576;3.26;0.54;0.6174496644295301;5;Medium;False;True
6.7;0.22;0.37;1.6;0.028;24.0;102.0;0.9541088375137153;3.29;0.59;0.7785234899328859;7;High;False;True
6.1;0.38;0.2;6.6;0.033;25.0;137.0;0.9565150436004543;3.3;0.69;0.697986577181208;6;Medium;False;True
6.0;0.25;0.28;2.2;0.026;54.0;126.0;0.9526651138616721;3.43;0.65;0.8657718120805369;8;High;False;True
6.6;0.52;0.44;12.2;0.048;54.0;245.0;0.9600762286088279;3.26;0.54;0.6241610738255033;6;Medium;False;True
6.9;0.24;0.36;20.8;0.031;40.0;139.0;0.9600762286088279;3.2;0.33;0.7382550335570469;6;Medium;False;True
7.1;0.32;0.32;11.0;0.038;16.0;66.0;0.9564187953569847;3.24;0.4;0.7718120805369127;3;Low;False;True
5.8;0.28;0.27;2.6;0.054;30.0;156.0;0.9542050857571849;3.53;0.42;0.8322147651006712;5;Medium;False;True
6.5;0.41;0.24;14.0;0.048;24.0;113.0;0.9607499663131147;3.44;0.53;0.6577181208053692;6;Medium;False;True
6.4;0.28;0.29;1.6;0.052;34.0;127.0;0.9556488094092283;3.48;0.56;0.7046979865771812;7;High;False;True
7.2;0.6;0.2;9.9;0.07;21.0;174.0;0.9596912356349496;3.03;0.54;0.610738255033557;5;Medium;False;True
6.1;0.2;0.25;1.2;0.038;34.0;128.0;0.9548788234614718;3.24;0.44;0.6778523489932885;5;Medium;False;True
5.9;0.46;0.14;2.7;0.042;27.0;160.0;0.9558413058961673;3.46;0.51;0.7114093959731543;7;High;False;True
6.0;0.27;0.27;1.6;0.046;32.0;113.0;0.9551675681918804;3.41;0.51;0.7046979865771812;7;High;False;True
6.4;0.41;0.24;14.0;0.048;24.0;113.0;0.9607499663131147;3.44;0.53;0.6577181208053692;6;Medium;False;True
6.3;0.23;0.31;1.5;0.022;11.0;82.0;0.9520876244008546;3.3;0.4;0.8657718120805369;7;High;False;True
7.1;0.21;0.27;8.6;0.056;26.0;111.0;0.9582475119829064;2.95;0.52;0.6375838926174496;5;Medium;False;True
6.0;0.37;0.32;1.0;0.053;31.0;218.5;0.9551675681918804;3.29;0.72;0.6577181208053692;6;Medium;False;True
6.1;0.43;0.35;9.1;0.059;83.0;249.0;0.9596912356349496;3.37;0.5;0.5704697986577181;5;Medium;False;True
7.0;0.25;0.29;15.2;0.047;40.0;171.0;0.9607499663131147;3.22;0.45;0.6241610738255033;5;Medium;False;True
5.9;0.25;0.19;12.4;0.047;50.0;162.0;0.9598837321218887;3.35;0.38;0.6375838926174496;5;Medium;False;True
6.8;0.32;0.21;2.2;0.044;15.0;68.0;0.9559375541396369;3.17;0.39;0.6308724832214765;6;Medium;False;True
7.2;0.39;0.62;11.0;0.047;66.0;178.0;0.9601724768522975;3.16;0.5;0.5838926174496644;5;Medium;False;True
6.3;0.21;0.58;10.0;0.081;34.0;126.0;0.9588250014437236;2.95;0.46;0.5973154362416108;5;Medium;False;True
7.0;0.14;0.32;9.0;0.039;54.0;141.0;0.9582475119829064;3.22;0.43;0.6308724832214765;6;Medium;False;True
7.2;0.29;0.53;18.15;0.047;59.0;182.0;0.9617124487478104;3.09;0.52;0.6442953020134228;5;Medium;False;True
8.6;0.37;0.7;12.15;0.039;21.0;158.0;0.9608462145565843;3.0;0.73;0.6241610738255033;6;Medium;False;True
6.5;0.38;0.34;3.4;0.036;34.0;200.0;0.9564187953569847;3.14;0.76;0.6711409395973155;5;Medium;False;True
6.6;0.24;0.29;2.0;0.023;19.0;86.0;0.9528576103486112;3.25;0.45;0.8389261744966443;6;Medium;False;True
7.0;0.17;0.31;4.8;0.034;34.0;132.0;0.9570925330612716;3.36;0.48;0.6442953020134228;7;High;False;True
5.5;0.16;0.22;4.5;0.03;30.0;102.0;0.9565150436004543;3.24;0.36;0.6308724832214765;6;Medium;False;True
7.0;0.24;0.51;11.0;0.029;55.0;227.0;0.9591137461741324;3.03;0.61;0.6375838926174496;5;Medium;False;True
7.4;0.28;0.36;1.1;0.028;42.0;105.0;0.9521838726443241;2.99;0.39;0.8322147651006712;7;High;False;True
7.0;0.22;0.28;1.5;0.037;29.0;115.0;0.9554563129222892;3.11;0.55;0.7046979865771812;6;Medium;False;True
7.1;0.55;0.13;1.7;0.073;21.0;165.0;0.9567075400873933;2.97;0.58;0.6174496644295301;6;Medium;False;True
6.3;0.22;0.33;1.7;0.041;67.0;164.0;0.9555525611657587;3.32;0.56;0.697986577181208;6;Medium;False;True
6.7;0.47;0.34;8.9;0.043;31.0;172.0;0.9590174979306627;3.22;0.6;0.6174496644295301;5;Medium;False;True
5.9;0.36;0.41;1.3;0.047;45.0;104.0;0.9544938304875936;3.33;0.51;0.7114093959731543;6;Medium;False;True
5.8;0.25;0.24;13.3;0.044;41.0;137.0;0.9597874838784192;3.34;0.42;0.6375838926174496;5;Medium;False;True
6.2;0.37;0.3;6.6;0.346;79.0;200.0;0.9580550154959672;3.29;0.58;0.6442953020134228;5;Medium;False;True
6.2;0.18;0.38;1.5;0.028;36.0;117.0;0.9557450576526978;3.47;0.54;0.6510067114093959;6;Medium;False;True
6.0;0.16;0.37;1.5;0.025;43.0;117.0;0.9555525611657587;3.46;0.51;0.6510067114093959;6;Medium;False;True
6.6;0.34;0.28;1.3;0.035;32.0;90.0;0.9543975822441241;3.1;0.42;0.7181208053691275;6;Medium;False;True
7.4;0.29;0.29;1.6;0.045;53.0;180.0;0.9563225471135152;3.34;0.68;0.7046979865771812;6;Medium;False;True
7.4;0.26;0.31;7.6;0.047;52.0;177.0;0.9588250014437236;3.13;0.45;0.5973154362416108;6;Medium;False;True
7.0;0.28;0.36;1.0;0.035;8.0;70.0;0.9527613621051416;3.09;0.46;0.8120805369127516;6;Medium;False;True
7.1;0.23;0.39;1.6;0.032;12.0;65.0;0.9526651138616721;3.25;0.4;0.8523489932885905;7;High;False;True
7.8;0.19;0.26;8.9;0.039;42.0;182.0;0.9586325049567845;3.18;0.46;0.6644295302013423;6;Medium;False;True
6.3;0.19;0.28;1.8;0.022;28.0;158.0;0.9535313480528981;3.2;0.64;0.7651006711409396;6;Medium;False;True
6.8;0.2;0.38;4.7;0.04;27.0;103.0;0.9567075400873933;3.37;0.58;0.7181208053691275;6;Medium;False;True
5.7;0.44;0.13;7.0;0.025;28.0;173.0;0.9541088375137153;3.33;0.48;0.8389261744966443;6;Medium;False;True
7.2;0.4;0.62;10.8;0.041;70.0;189.0;0.9601724768522975;3.08;0.49;0.5771812080536912;4;Low;False;True
6.8;0.23;0.32;1.6;0.026;43.0;147.0;0.9532426033224893;3.29;0.54;0.8389261744966443;6;Medium;False;True
5.7;0.335;0.34;1.0;0.04;13.0;174.0;0.9547825752180022;3.27;0.66;0.6711409395973155;5;Medium;False;True
7.2;0.28;0.54;16.7;0.045;54.0;200.0;0.9615199522608713;3.08;0.49;0.6375838926174496;6;Medium;False;True
6.8;0.19;0.58;14.2;0.038;51.0;164.0;0.9600762286088279;3.12;0.48;0.6442953020134228;6;Medium;False;True
6.4;0.3;0.3;2.25;0.038;8.0;210.0;0.9564187953569847;3.2;0.62;0.6644295302013423;6;Medium;False;True
6.5;0.3;0.29;2.25;0.037;8.0;210.0;0.9564187953569847;3.19;0.62;0.6644295302013423;5;Medium;False;True
7.8;0.18;0.31;12.2;0.053;46.0;140.0;0.9605574698261756;3.06;0.53;0.5973154362416108;6;Medium;False;True
7.3;0.51;0.26;3.3;0.09;7.0;135.0;0.9570925330612716;3.01;0.52;0.5906040268456376;5;Medium;False;True
6.0;0.24;0.27;1.9;0.048;40.0;170.0;0.9565150436004543;3.64;0.54;0.6711409395973155;7;High;False;True
5.9;0.62;0.28;3.5;0.039;55.0;152.0;0.9535313480528981;3.44;0.44;0.8053691275167785;6;Medium;False;True
6.7;0.27;0.12;1.3;0.041;62.0;138.0;0.9548788234614718;3.21;0.42;0.6711409395973155;6;Medium;False;True
7.8;0.34;0.35;1.8;0.042;8.0;167.0;0.9536275962963676;3.11;0.41;0.8120805369127516;6;Medium;False;True
7.3;0.26;0.36;5.2;0.04;31.0;141.0;0.9558413058961673;3.16;0.59;0.7382550335570469;6;Medium;False;True
7.4;0.36;0.33;1.4;0.025;27.0;55.0;0.9543013340006545;3.21;0.33;0.7516778523489932;6;Medium;False;True
7.8;0.28;0.32;9.0;0.036;34.0;115.0;0.9578625190090281;3.17;0.39;0.6912751677852349;7;High;False;True
6.1;0.31;0.26;2.2;0.051;28.0;167.0;0.9553600646788196;3.37;0.47;0.697986577181208;6;Medium;False;True
6.8;0.18;0.37;1.6;0.055;47.0;154.0;0.956130050626576;3.08;0.45;0.610738255033557;5;Medium;False;True
7.4;0.15;0.42;1.7;0.045;49.0;154.0;0.9547825752180022;3.0;0.6;0.697986577181208;6;Medium;False;True
5.9;0.13;0.28;1.9;0.05;20.0;78.0;0.9545900787310632;3.43;0.64;0.7248322147651007;6;Medium;False;True
7.2;0.34;0.34;12.6;0.048;7.0;41.0;0.9569000365743324;3.19;0.4;0.785234899328859;5;Medium;False;True
7.9;0.19;0.26;2.1;0.039;8.0;143.0;0.9569000365743324;3.05;0.74;0.6577181208053692;5;Medium;False;True
6.9;0.25;0.4;1.3;0.038;22.0;101.0;0.9529538585920807;3.03;0.39;0.7651006711409396;6;Medium;False;True
5.8;0.36;0.32;1.7;0.033;22.0;96.0;0.9526651138616721;3.03;0.38;0.7516778523489932;6;Medium;False;True
5.6;0.35;0.37;1.0;0.038;6.0;72.0;0.9530501068355502;3.37;0.34;0.7651006711409396;5;Medium;False;True
5.9;0.32;0.39;3.3;0.114;24.0;140.0;0.956130050626576;3.09;0.45;0.6174496644295301;6;Medium;False;True
7.2;0.31;0.46;5.0;0.04;3.0;29.0;0.9534350998094285;3.04;0.53;0.8389261744966443;4;Low;False;True
6.1;0.28;0.22;1.8;0.034;32.0;116.0;0.9526651138616721;3.36;0.44;0.8456375838926175;6;Medium;False;True
5.2;0.36;0.02;1.6;0.031;24.0;104.0;0.9524726173747329;3.44;0.35;0.8187919463087248;6;Medium;False;True
5.6;0.19;0.47;4.5;0.03;19.0;112.0;0.9549750717049413;3.56;0.45;0.7516778523489932;6;Medium;False;True
6.4;0.1;0.35;4.9;0.048;31.0;103.0;0.9573812777916804;3.43;0.79;0.6510067114093959;6;Medium;False;True
6.4;0.18;0.48;4.0;0.186;64.0;150.0;0.9571887813047413;3.06;0.4;0.6241610738255033;5;Medium;False;True
7.4;0.25;0.36;13.2;0.067;53.0;178.0;0.9601724768522975;3.01;0.48;0.6040268456375839;6;Medium;False;True
7.9;0.345;0.51;15.3;0.047;54.0;171.0;0.9612312075304625;3.09;0.51;0.610738255033557;5;Medium;False;True
6.1;0.24;0.3;1.5;0.045;22.0;61.0;0.9547825752180022;3.31;0.54;0.697986577181208;5;Medium;False;True
6.8;0.25;0.24;4.55;0.053;41.0;211.0;0.9581512637394368;3.37;0.67;0.6375838926174496;6;Medium;False;True
6.7;0.31;0.31;9.9;0.04;10.0;175.0;0.9579587672524976;3.46;0.55;0.7651006711409396;4;Low;False;True
7.2;0.46;0.65;10.4;0.05;76.0;192.0;0.9601724768522975;3.16;0.42;0.5838926174496644;5;Medium;False;True
5.5;0.35;0.35;1.1;0.045;14.0;167.0;0.9547825752180022;3.34;0.68;0.6644295302013423;6;Medium;False;True
6.7;0.24;0.41;8.7;0.036;29.0;148.0;0.9578625190090281;3.22;0.62;0.6644295302013423;6;Medium;False;True
6.8;0.28;0.17;13.9;0.047;49.0;162.0;0.9608462145565843;3.21;0.51;0.6040268456375839;6;Medium;False;True
6.4;0.16;0.22;1.4;0.04;41.0;149.0;0.9560338023831064;3.49;0.58;0.6711409395973155;6;Medium;False;True
6.3;0.26;0.24;7.2;0.039;38.0;172.0;0.9584400084698455;3.49;0.64;0.6510067114093959;6;Medium;False;True
7.7;0.22;0.42;1.9;0.052;10.0;87.0;0.9549750717049413;3.3;0.49;0.7919463087248323;6;Medium;False;True
6.5;0.18;0.31;1.7;0.044;30.0;127.0;0.9555525611657587;3.49;0.5;0.6845637583892616;7;High;False;True
7.0;0.3;0.51;13.6;0.05;40.0;168.0;0.9601724768522975;3.07;0.52;0.6442953020134228;7;High;False;True
9.2;0.25;0.34;1.2;0.026;31.0;93.0;0.9543975822441241;2.93;0.37;0.7583892617449665;7;High;False;True
7.8;0.28;0.34;1.6;0.028;32.0;118.0;0.9529538585920807;3.0;0.38;0.8120805369127516;7;High;False;True
8.4;0.35;0.71;12.2;0.046;22.0;160.0;0.9607499663131147;2.98;0.65;0.6308724832214765;5;Medium;False;True
6.1;0.41;0.24;1.6;0.049;16.0;137.0;0.9557450576526978;3.32;0.5;0.697986577181208;6;Medium;False;True
5.9;0.21;0.24;12.1;0.044;53.0;165.0;0.9594987391480105;3.25;0.39;0.6375838926174496;5;Medium;False;True
7.2;0.34;0.44;4.2;0.047;51.0;144.0;0.9538200927833067;3.01;0.76;0.825503355704698;6;Medium;False;True
6.7;0.21;0.42;9.1;0.049;31.0;150.0;0.9579587672524976;3.12;0.74;0.6644295302013423;7;High;False;True
5.9;0.37;0.1;1.6;0.057;39.0;128.0;0.9551675681918804;3.24;0.48;0.6778523489932885;5;Medium;False;True
7.7;0.34;0.27;8.8;0.063;39.0;184.0;0.9594987391480105;3.09;0.63;0.6174496644295301;6;Medium;False;True
7.4;0.3;0.22;1.4;0.046;16.0;135.0;0.9555525611657587;3.08;0.77;0.697986577181208;7;High;False;True
6.8;0.51;0.3;4.2;0.066;38.0;165.0;0.9571887813047413;3.2;0.42;0.610738255033557;5;Medium;False;True
7.8;0.22;0.38;10.3;0.059;28.0;99.0;0.9593062426610715;3.12;0.47;0.6711409395973155;6;Medium;False;True
7.2;0.35;0.34;12.4;0.051;6.0;37.0;0.9570925330612716;3.13;0.39;0.7718120805369127;6;Medium;False;True
6.0;0.26;0.5;2.2;0.048;59.0;153.0;0.9555525611657587;3.08;0.61;0.6577181208053692;5;Medium;False;True
6.1;0.26;0.51;2.2;0.05;61.0;154.0;0.9556488094092283;3.08;0.6;0.6577181208053692;6;Medium;False;True
6.5;0.28;0.27;5.2;0.04;44.0;179.0;0.9574775260351499;3.19;0.69;0.6308724832214765;6;Medium;False;True
7.4;0.41;0.66;10.8;0.051;77.0;194.0;0.9601724768522975;3.05;0.46;0.5838926174496644;5;Medium;False;True
6.5;0.28;0.29;2.7;0.038;26.0;107.0;0.9540125892702458;3.32;0.41;0.7785234899328859;7;High;False;True
6.7;0.34;0.54;16.3;0.047;44.0;181.0;0.9612312075304625;3.04;0.56;0.5906040268456376;5;Medium;False;True
7.2;0.2;0.34;2.7;0.032;49.0;151.0;0.9528576103486112;3.16;0.39;0.8523489932885905;7;High;False;True
7.4;0.2;0.33;1.9;0.035;39.0;138.0;0.9538200927833067;3.17;0.44;0.785234899328859;7;High;False;True
8.2;0.22;0.3;1.8;0.047;47.0;185.0;0.9560338023831064;3.13;0.5;0.6845637583892616;6;Medium;False;True
8.2;0.23;0.29;1.8;0.047;47.0;187.0;0.9560338023831064;3.13;0.5;0.6845637583892616;6;Medium;False;True
7.1;0.22;0.33;2.8;0.033;48.0;153.0;0.9527613621051416;3.15;0.38;0.8523489932885905;7;High;False;True
6.0;0.38;0.26;6.0;0.034;42.0;134.0;0.9540125892702458;3.38;0.38;0.825503355704698;7;High;False;True
5.7;0.18;0.22;4.2;0.042;25.0;111.0;0.9567075400873933;3.35;0.39;0.6308724832214765;5;Medium;False;True
7.3;0.3;0.22;6.4;0.056;44.0;168.0;0.9573812777916804;3.13;0.35;0.6778523489932885;6;Medium;False;True
7.4;0.24;0.22;10.7;0.042;26.0;81.0;0.9580550154959672;2.86;0.36;0.6510067114093959;6;Medium;False;True
6.6;0.25;0.3;1.6;0.046;32.0;134.0;0.9557450576526978;3.42;0.51;0.6778523489932885;7;High;False;True
7.4;0.26;0.3;7.9;0.049;38.0;157.0;0.9589212496871932;3.13;0.48;0.5973154362416108;6;Medium;False;True
6.1;0.32;0.25;1.7;0.034;37.0;136.0;0.9547825752180022;3.47;0.5;0.7248322147651007;7;High;False;True
6.9;0.28;0.27;2.1;0.036;42.0;121.0;0.9553600646788196;3.42;0.49;0.7248322147651007;7;High;False;True
7.0;0.23;0.33;5.8;0.04;25.0;136.0;0.957670022522089;3.19;0.58;0.6375838926174496;6;Medium;False;True
7.1;0.31;0.5;14.5;0.059;6.0;148.0;0.9608462145565843;2.94;0.44;0.610738255033557;5;Medium;False;True
7.3;0.2;0.37;1.2;0.037;48.0;119.0;0.9547825752180022;3.32;0.49;0.7315436241610739;6;Medium;False;True
6.9;0.41;0.33;10.1;0.043;28.0;152.0;0.959402490904541;3.2;0.52;0.6308724832214765;5;Medium;False;True
6.4;0.45;0.07;1.1;0.03;10.0;131.0;0.953338851565959;2.97;0.28;0.7248322147651007;5;Medium;False;True
6.4;0.475;0.06;1.0;0.03;9.0;131.0;0.9532426033224893;2.97;0.29;0.7248322147651007;5;Medium;False;True
6.3;0.27;0.38;0.9;0.051;7.0;140.0;0.9553600646788196;3.45;0.5;0.7046979865771812;7;High;False;True
7.0;0.29;0.37;4.9;0.034;26.0;127.0;0.9555525611657587;3.17;0.44;0.7248322147651007;6;Medium;False;True
5.9;0.27;0.29;11.4;0.036;31.0;115.0;0.9575737742786194;3.35;0.48;0.7046979865771812;8;High;False;True
6.9;0.19;0.4;1.4;0.036;14.0;55.0;0.9537238445398372;3.08;0.68;0.7718120805369127;7;High;False;True
6.7;0.3;0.35;1.4;0.18;36.0;160.0;0.9564187953569847;3.11;0.54;0.6308724832214765;6;Medium;False;True
7.2;0.24;0.4;1.4;0.045;31.0;106.0;0.9542050857571849;2.88;0.38;0.7248322147651007;6;Medium;False;True
6.3;0.26;0.49;1.5;0.052;34.0;134.0;0.9551675681918804;2.99;0.61;0.6577181208053692;6;Medium;False;True
7.3;0.25;0.29;7.5;0.049;38.0;158.0;0.9591137461741324;3.43;0.38;0.6442953020134228;5;Medium;False;True
6.1;0.28;0.25;17.75;0.044;48.0;161.0;0.9618086969912799;3.34;0.48;0.6375838926174496;5;Medium;False;True
7.4;0.37;0.35;5.7;0.061;12.0;94.0;0.9591137461741324;3.48;0.69;0.7181208053691275;6;Medium;False;True
6.5;0.36;0.28;3.2;0.037;29.0;119.0;0.9536275962963676;3.25;0.65;0.8322147651006712;8;High;False;True
7.4;0.24;0.4;4.3;0.032;9.0;95.0;0.9547825752180022;3.09;0.39;0.7449664429530201;6;Medium;False;True
7.5;0.23;0.68;11.0;0.047;37.0;133.0;0.9603649733392365;2.99;0.38;0.5906040268456376;5;Medium;False;True
7.5;0.21;0.68;10.9;0.045;38.0;133.0;0.9603649733392365;3.0;0.36;0.5838926174496644;5;Medium;False;True
7.8;0.32;0.33;2.4;0.037;18.0;101.0;0.9540125892702458;3.21;0.65;0.785234899328859;7;High;False;True
7.8;0.26;0.27;1.9;0.051;52.0;195.0;0.9555525611657587;3.23;0.5;0.7315436241610739;6;Medium;False;True
7.7;0.24;0.27;1.8;0.051;52.0;190.0;0.9555525611657587;3.23;0.5;0.7248322147651007;6;Medium;False;True
7.4;0.19;0.3;1.4;0.057;33.0;135.0;0.9557450576526978;3.12;0.5;0.6442953020134228;6;Medium;False;True
6.5;0.46;0.41;16.8;0.084;59.0;222.0;0.9618086969912799;3.18;0.58;0.6040268456375839;5;Medium;False;True
6.5;0.26;0.43;8.9;0.083;50.0;171.0;0.9591137461741324;2.85;0.5;0.6040268456375839;5;Medium;False;True
5.3;0.32;0.12;6.6;0.043;22.0;141.0;0.9564187953569847;3.36;0.6;0.697986577181208;6;Medium;False;True
7.2;0.24;0.34;1.1;0.045;3.0;64.0;0.9541088375137153;3.23;0.51;0.7651006711409396;5;Medium;False;True
6.0;0.36;0.06;1.4;0.066;27.0;128.0;0.956130050626576;3.26;0.55;0.6241610738255033;5;Medium;False;True
6.2;0.24;0.29;13.3;0.039;49.0;130.0;0.9578625190090281;3.33;0.46;0.7382550335570469;8;High;False;True
7.6;0.56;0.12;10.4;0.096;22.0;177.0;0.9608462145565843;3.32;0.45;0.610738255033557;4;Low;False;True
7.0;0.32;0.24;6.2;0.048;31.0;228.0;0.9583437602263759;3.23;0.62;0.6308724832214765;6;Medium;False;True
5.8;0.31;0.33;1.2;0.036;23.0;99.0;0.9543975822441241;3.18;0.6;0.7046979865771812;6;Medium;False;True
7.0;0.23;0.42;18.05;0.05;35.0;144.0;0.9623861864520973;3.22;0.42;0.5906040268456376;5;Medium;False;True
6.9;0.24;0.33;4.8;0.04;16.0;131.0;0.9563225471135152;3.26;0.64;0.7181208053691275;6;Medium;False;True
6.0;0.29;0.2;12.6;0.045;45.0;187.0;0.9597874838784192;3.33;0.42;0.6375838926174496;5;Medium;False;True
6.1;0.17;0.28;4.5;0.033;46.0;150.0;0.9560338023831064;3.43;0.49;0.7315436241610739;6;Medium;False;True
5.9;0.14;0.25;4.5;0.027;34.0;140.0;0.956130050626576;3.49;0.51;0.7248322147651007;6;Medium;False;True
6.2;0.17;0.28;4.7;0.037;39.0;133.0;0.9558413058961673;3.41;0.46;0.7248322147651007;7;High;False;True
7.4;0.28;0.25;11.9;0.053;25.0;148.0;0.9601724768522975;3.1;0.62;0.6174496644295301;5;Medium;False;True
5.6;0.35;0.14;5.0;0.046;48.0;198.0;0.9564187953569847;3.3;0.71;0.6912751677852349;5;Medium;False;True
5.8;0.335;0.14;5.8;0.046;49.0;197.0;0.9564187953569847;3.3;0.71;0.6912751677852349;5;Medium;False;True
5.6;0.235;0.29;1.2;0.047;33.0;127.0;0.9538200927833067;3.34;0.5;0.7382550335570469;7;High;False;True
6.1;0.28;0.25;12.9;0.054;34.0;189.0;0.9604612215827061;3.25;0.43;0.6040268456375839;4;Low;False;True
6.3;0.21;0.33;13.9;0.046;68.0;179.0;0.9596912356349496;3.36;0.5;0.697986577181208;6;Medium;False;True
6.4;0.24;0.28;11.5;0.05;34.0;163.0;0.9594987391480105;3.31;0.45;0.6375838926174496;5;Medium;False;True
6.4;0.24;0.29;11.4;0.051;32.0;166.0;0.959402490904541;3.31;0.45;0.6375838926174496;5;Medium;False;True
6.3;0.26;0.25;7.8;0.058;44.0;166.0;0.9587287532002541;3.24;0.41;0.6040268456375839;5;Medium;False;True
6.5;0.33;0.72;1.1;0.061;7.0;151.0;0.9557450576526978;3.09;0.57;0.6375838926174496;4;Low;False;True
7.4;0.105;0.34;12.2;0.05;57.0;146.0;0.9598837321218887;3.16;0.37;0.6040268456375839;6;Medium;False;True
6.0;0.32;0.12;5.9;0.041;34.0;190.0;0.9570925330612716;3.16;0.72;0.6711409395973155;5;Medium;False;True
7.1;0.26;0.34;14.4;0.067;35.0;189.0;0.961134959286993;3.07;0.53;0.610738255033557;7;High;False;True
5.9;0.24;0.26;12.3;0.053;34.0;134.0;0.9597874838784192;3.34;0.45;0.6375838926174496;6;Medium;False;True
6.5;0.21;0.37;2.5;0.048;70.0;138.0;0.9544938304875936;3.33;0.75;0.7651006711409396;7;High;False;True
7.7;0.27;0.35;5.3;0.03;30.0;117.0;0.9547825752180022;3.11;0.42;0.8187919463087248;6;Medium;False;True
9.0;0.27;0.35;4.9;0.028;27.0;95.0;0.9559375541396369;3.04;0.4;0.7583892617449665;6;Medium;False;True
7.3;0.34;0.21;3.2;0.05;14.0;136.0;0.9563225471135152;3.25;0.44;0.6845637583892616;5;Medium;False;True
6.6;0.27;0.25;3.1;0.052;41.0;188.0;0.9543013340006545;3.24;0.4;0.7583892617449665;5;Medium;False;True
6.8;0.29;0.16;1.4;0.038;122.5;234.5;0.9549750717049413;3.15;0.47;0.6711409395973155;4;Low;False;True
7.1;0.28;0.26;1.9;0.049;12.0;86.0;0.956130050626576;3.15;0.38;0.6308724832214765;5;Medium;False;True
6.8;0.25;0.34;14.0;0.032;47.0;133.0;0.9578625190090281;3.37;0.5;0.8187919463087248;7;High;False;True
7.0;0.57;0.1;8.3;0.094;23.0;188.0;0.9597874838784192;3.4;0.47;0.6174496644295301;4;Low;False;True
7.1;0.17;0.38;7.4;0.052;49.0;182.0;0.9584400084698455;3.35;0.52;0.6442953020134228;6;Medium;False;True
7.8;0.28;0.22;1.4;0.056;24.0;130.0;0.9570925330612716;3.28;0.48;0.6375838926174496;5;Medium;False;True
6.8;0.22;0.37;1.7;0.036;38.0;195.0;0.9536275962963676;3.35;0.72;0.8389261744966443;6;Medium;False;True
6.1;0.14;0.25;1.3;0.047;37.0;173.0;0.9552638164353501;3.35;0.46;0.6711409395973155;6;Medium;False;True
6.4;0.24;0.5;11.6;0.047;60.0;211.0;0.9592099944176019;3.18;0.57;0.6241610738255033;5;Medium;False;True
7.8;0.42;0.26;9.2;0.058;34.0;199.0;0.9597874838784192;3.14;0.55;0.6241610738255033;6;Medium;False;True
6.6;0.28;0.36;1.7;0.038;22.0;101.0;0.9540125892702458;3.29;0.57;0.7785234899328859;6;Medium;False;True
7.1;0.32;0.34;14.5;0.039;46.0;150.0;0.957670022522089;3.38;0.5;0.8389261744966443;8;High;False;True
6.7;0.31;0.3;2.1;0.038;18.0;130.0;0.9555525611657587;3.36;0.63;0.7114093959731543;6;Medium;False;True
6.4;0.32;0.5;10.7;0.047;57.0;206.0;0.959402490904541;3.08;0.6;0.6308724832214765;5;Medium;False;True
6.1;0.28;0.25;6.9;0.056;44.0;201.0;0.9581512637394368;3.19;0.4;0.610738255033557;6;Medium;False;True
5.9;0.29;0.25;12.0;0.057;48.0;224.0;0.9606537180696452;3.23;0.41;0.6040268456375839;6;Medium;False;True
5.8;0.32;0.38;4.75;0.033;23.0;94.0;0.9538200927833067;3.42;0.42;0.7919463087248323;7;High;False;True
5.7;0.32;0.38;4.75;0.033;23.0;94.0;0.9538200927833067;3.42;0.42;0.7919463087248323;7;High;False;True
6.7;0.28;0.14;1.4;0.043;64.0;159.0;0.9547825752180022;3.17;0.39;0.6711409395973155;5;Medium;False;True
6.8;0.34;0.69;1.3;0.058;12.0;171.0;0.9558413058961673;3.06;0.47;0.6510067114093959;5;Medium;False;True
5.9;0.25;0.25;11.3;0.052;30.0;165.0;0.9595949873914801;3.24;0.44;0.6375838926174496;6;Medium;False;True
6.4;0.27;0.32;4.5;0.24;61.0;174.0;0.9574775260351499;3.12;0.48;0.6308724832214765;5;Medium;False;True
8.1;0.46;0.31;1.7;0.052;50.0;183.0;0.9550713199484109;3.03;0.42;0.7516778523489932;5;Medium;False;True
6.2;0.36;0.26;13.2;0.051;54.0;201.0;0.9601724768522975;3.25;0.46;0.6040268456375839;5;Medium;False;True
6.8;0.22;0.35;5.5;0.043;21.0;114.0;0.9565150436004543;3.3;0.53;0.7181208053691275;7;High;False;True
6.8;0.67;0.3;13.0;0.29;22.0;193.0;0.9609424628000538;3.08;0.67;0.6040268456375839;4;Low;False;True
7.2;0.28;0.3;10.7;0.044;61.0;222.0;0.9597874838784192;3.14;0.5;0.610738255033557;6;Medium;False;True
6.7;0.17;0.37;2.0;0.039;34.0;125.0;0.9549750717049413;3.26;0.6;0.7248322147651007;7;High;False;True
6.9;0.2;0.34;1.9;0.043;25.0;136.0;0.9562262988700456;3.31;0.6;0.6778523489932885;4;Low;False;True
6.1;0.36;0.16;6.4;0.037;36.0;198.0;0.9570925330612716;3.17;0.62;0.6644295302013423;6;Medium;False;True
6.0;0.36;0.16;6.3;0.036;36.0;191.0;0.9569000365743324;3.17;0.62;0.6577181208053692;5;Medium;False;True
5.9;0.37;0.14;6.3;0.036;34.0;185.0;0.9570925330612716;3.17;0.63;0.6577181208053692;5;Medium;False;True
7.6;0.29;0.58;17.5;0.041;51.0;225.0;0.9621936899651582;3.16;0.66;0.6375838926174496;6;Medium;False;True
6.3;0.34;0.28;14.7;0.047;49.0;198.0;0.960268725095767;3.23;0.46;0.6375838926174496;5;Medium;False;True
6.7;0.19;0.34;1.0;0.022;22.0;94.0;0.9540125892702458;3.23;0.57;0.7449664429530201;6;Medium;False;True
7.5;0.31;0.51;14.8;0.039;62.0;204.0;0.9607499663131147;3.06;0.6;0.6375838926174496;5;Medium;False;True
7.4;0.31;0.48;14.2;0.042;62.0;204.0;0.9608462145565843;3.06;0.59;0.6308724832214765;5;Medium;False;True
8.4;0.4;0.7;13.1;0.042;29.0;197.0;0.9605574698261756;3.06;0.64;0.6510067114093959;5;Medium;False;True
5.9;0.34;0.22;2.4;0.03;19.0;135.0;0.9522801208877937;3.41;0.78;0.9328859060402684;7;High;False;True
6.6;0.38;0.18;1.2;0.042;20.0;84.0;0.9554563129222892;3.22;0.45;0.6778523489932885;4;Low;False;True
6.4;0.33;0.28;1.1;0.038;30.0;110.0;0.9544938304875936;3.12;0.42;0.7046979865771812;6;Medium;False;True
5.6;0.25;0.26;3.6;0.037;18.0;115.0;0.9532426033224893;3.42;0.5;0.8456375838926175;6;Medium;False;True
8.6;0.27;0.46;6.1;0.032;13.0;41.0;0.9557450576526978;2.89;0.34;0.7315436241610739;5;Medium;False;True
6.2;0.31;0.21;6.3;0.041;50.0;218.0;0.9568037883308629;3.15;0.6;0.6711409395973155;5;Medium;False;True
7.2;0.18;0.45;4.4;0.046;57.0;166.0;0.9569962848178021;3.13;0.62;0.7516778523489932;6;Medium;False;True
7.7;0.2;0.44;13.9;0.05;44.0;130.0;0.9610868351652583;3.11;0.48;0.6711409395973155;6;Medium;False;True
6.2;0.47;0.21;1.0;0.044;13.0;98.0;0.9561781747483109;3.14;0.46;0.6174496644295301;5;Medium;False;True
6.1;0.25;0.24;12.1;0.046;51.0;172.0;0.9605574698261756;3.35;0.45;0.6375838926174496;5;Medium;False;True
8.2;0.27;0.43;1.6;0.035;31.0;128.0;0.9543975822441241;3.1;0.5;0.825503355704698;6;Medium;False;True
6.4;0.31;0.39;7.5;0.04;57.0;213.0;0.9574294019134151;3.32;0.43;0.6711409395973155;5;Medium;False;True
6.0;0.39;0.26;2.7;0.038;39.0;187.0;0.9559856782613717;3.41;0.5;0.7248322147651007;6;Medium;False;True
6.2;0.21;0.27;1.7;0.038;41.0;150.0;0.9560338023831064;3.49;0.71;0.7046979865771812;7;High;False;True
7.7;0.42;0.31;9.2;0.048;22.0;221.0;0.9594987391480105;3.06;0.61;0.6174496644295301;6;Medium;False;True
7.0;0.27;0.41;18.75;0.042;34.0;157.0;0.9626749311825059;2.96;0.5;0.610738255033557;5;Medium;False;True
7.4;0.29;0.5;1.8;0.042;35.0;127.0;0.9564187953569847;3.45;0.5;0.6845637583892616;7;High;False;True
6.6;0.29;0.44;9.0;0.053;62.0;178.0;0.9594506150262758;3.02;0.45;0.5973154362416108;5;Medium;False;True
6.0;0.3;0.44;1.5;0.046;15.0;182.0;0.957236905426476;3.5;0.52;0.697986577181208;5;Medium;False;True
6.9;0.31;0.34;1.6;0.032;23.0;128.0;0.9544938304875936;3.37;0.47;0.785234899328859;6;Medium;False;True
6.6;0.33;0.31;1.3;0.02;29.0;89.0;0.9531944792007545;3.26;0.44;0.8322147651006712;8;High;False;True
7.8;0.3;0.4;1.8;0.028;23.0;122.0;0.9542050857571849;3.14;0.39;0.7315436241610739;7;High;False;True
6.4;0.39;0.21;1.2;0.041;35.0;136.0;0.9550231958266762;3.15;0.46;0.6845637583892616;5;Medium;False;True
6.4;0.24;0.31;2.8;0.038;41.0;114.0;0.9543494581223892;3.37;0.66;0.785234899328859;7;High;False;True
7.0;0.21;0.34;8.0;0.057;19.0;101.0;0.9580550154959672;2.99;0.59;0.6308724832214765;5;Medium;False;True
6.4;0.16;0.31;5.3;0.043;42.0;157.0;0.957236905426476;3.35;0.47;0.7046979865771812;5;Medium;False;True
6.0;0.33;0.27;0.8;0.185;12.0;188.0;0.9551675681918804;3.12;0.62;0.6308724832214765;5;Medium;False;True
6.5;0.23;0.33;13.8;0.042;25.0;139.0;0.9595468632697454;3.35;0.56;0.697986577181208;6;Medium;False;True
6.2;0.25;0.48;10.0;0.044;78.0;240.0;0.9591618702958671;3.25;0.47;0.6375838926174496;6;Medium;False;True
8.8;0.28;0.45;6.0;0.022;14.0;49.0;0.956130050626576;3.01;0.33;0.7449664429530201;7;High;False;True
6.6;0.25;0.3;14.4;0.052;40.0;183.0;0.9605574698261756;3.02;0.5;0.610738255033557;6;Medium;False;True
6.9;0.38;0.25;9.8;0.04;28.0;191.0;0.9596912356349496;3.28;0.61;0.6174496644295301;5;Medium;False;True
6.4;0.25;0.3;5.5;0.038;15.0;129.0;0.9574775260351499;3.14;0.49;0.6442953020134228;6;Medium;False;True
7.1;0.21;0.31;3.8;0.021;40.0;142.0;0.9549269475832066;3.17;0.39;0.7248322147651007;7;High;False;True
6.9;0.39;0.4;4.6;0.022;5.0;19.0;0.9543013340006545;3.31;0.37;0.8456375838926175;3;Low;False;True
5.8;0.2;0.3;1.5;0.031;21.0;57.0;0.953964465148511;3.44;0.55;0.7382550335570469;6;Medium;False;True
7.0;0.2;0.37;2.0;0.03;26.0;136.0;0.9559375541396369;3.28;0.61;0.6845637583892616;6;Medium;False;True
5.9;0.26;0.25;12.5;0.034;38.0;152.0;0.960268725095767;3.33;0.43;0.6308724832214765;5;Medium;False;True
7.4;0.38;0.27;7.5;0.041;24.0;160.0;0.9580068913742323;3.17;0.43;0.6711409395973155;5;Medium;False;True
7.4;0.2;1.66;2.1;0.022;34.0;113.0;0.9544457063658588;3.26;0.55;0.8187919463087248;6;Medium;False;True
7.0;0.21;0.34;8.5;0.033;31.0;253.0;0.9579587672524976;3.22;0.56;0.7046979865771812;6;Medium;False;True
7.2;0.29;0.4;7.6;0.024;56.0;177.0;0.9555525611657587;3.04;0.32;0.7718120805369127;6;Medium;False;True
6.9;0.18;0.38;8.1;0.049;44.0;176.0;0.9584400084698455;3.3;0.54;0.6577181208053692;6;Medium;False;True
7.3;0.3;0.42;7.35;0.025;51.0;175.0;0.9555525611657587;3.04;0.32;0.7651006711409396;6;Medium;False;True
6.9;0.2;0.5;10.0;0.036;78.0;167.0;0.9590174979306627;3.15;0.55;0.6845637583892616;6;Medium;False;True
6.7;0.2;0.42;14.0;0.038;83.0;160.0;0.9612312075304625;3.16;0.5;0.6308724832214765;6;Medium;False;True
5.9;0.35;0.47;2.2;0.11;14.0;138.0;0.9559375541396369;3.09;0.5;0.610738255033557;5;Medium;False;True
7.1;0.28;0.44;1.8;0.032;32.0;107.0;0.9535313480528981;3.25;0.48;0.8187919463087248;7;High;False;True
5.8;0.25;0.28;11.1;0.056;45.0;175.0;0.9601243527305627;3.42;0.43;0.6375838926174496;5;Medium;False;True
6.8;0.22;0.37;15.2;0.051;68.0;178.0;0.9618568211130146;3.4;0.85;0.6241610738255033;6;Medium;False;True
7.1;0.14;0.4;1.2;0.051;55.0;136.0;0.9559375541396369;3.3;0.96;0.6577181208053692;7;High;False;True
7.1;0.13;0.4;1.2;0.047;54.0;134.0;0.9559375541396369;3.3;0.97;0.6577181208053692;7;High;False;True
7.0;0.2;0.38;8.1;0.05;42.0;173.0;0.9584881325915802;3.3;0.54;0.6577181208053692;6;Medium;False;True
6.8;0.24;0.49;19.3;0.057;55.0;247.0;0.9630118000346494;3.0;0.56;0.5838926174496644;5;Medium;False;True
5.0;0.44;0.04;18.6;0.039;38.0;128.0;0.9610387110435235;3.37;0.57;0.6845637583892616;6;Medium;False;True
6.3;0.3;0.28;5.0;0.042;36.0;168.0;0.9577181466438237;3.22;0.69;0.6375838926174496;6;Medium;False;True
7.2;0.27;0.42;1.6;0.05;35.0;135.0;0.9547825752180022;2.94;0.46;0.7382550335570469;6;Medium;False;True
6.7;0.5;0.63;13.4;0.078;81.0;238.0;0.9613274557739321;3.08;0.44;0.6174496644295301;5;Medium;False;True
6.8;0.2;0.36;1.6;0.028;7.0;46.0;0.9545419546093283;3.21;0.6;0.7315436241610739;6;Medium;False;True
6.7;0.11;0.34;8.8;0.043;41.0;113.0;0.9588250014437236;3.42;0.4;0.6241610738255033;7;High;False;True
6.8;0.12;0.31;5.2;0.045;29.0;120.0;0.9569000365743324;3.41;0.46;0.6577181208053692;7;High;False;True
6.6;0.16;0.57;1.1;0.13;58.0;140.0;0.9554563129222892;3.12;0.39;0.6241610738255033;7;High;False;True
6.6;0.21;0.6;1.1;0.135;61.0;144.0;0.9554563129222892;3.12;0.39;0.6241610738255033;7;High;False;True
6.1;0.27;0.3;16.7;0.039;49.0;172.0;0.9623380623303625;3.4;0.45;0.6308724832214765;5;Medium;False;True
9.1;0.27;0.45;10.6;0.035;28.0;124.0;0.9595949873914801;3.2;0.46;0.697986577181208;9;High;False;True
6.4;0.225;0.48;2.2;0.115;29.0;104.0;0.9545900787310632;3.24;0.58;0.8120805369127516;6;Medium;False;True
8.3;0.14;0.45;1.5;0.039;18.0;98.0;0.9549269475832066;3.02;0.56;0.7382550335570469;6;Medium;False;True
7.2;0.23;0.19;13.7;0.052;47.0;197.0;0.9611830834087278;3.12;0.53;0.6040268456375839;5;Medium;False;True
6.9;0.22;0.37;15.0;0.053;59.0;178.0;0.9617124487478104;3.37;0.82;0.6375838926174496;7;High;False;True
8.1;0.17;0.44;14.1;0.053;43.0;145.0;0.9630599241563841;3.28;0.75;0.5906040268456376;8;High;False;True
6.0;0.395;0.0;1.4;0.042;7.0;55.0;0.95415696163545;3.37;0.38;0.7516778523489932;4;Low;False;True
7.8;0.29;0.22;9.5;0.056;44.0;213.0;0.9597393597566845;3.08;0.61;0.6241610738255033;6;Medium;False;True
7.6;0.3;0.27;10.6;0.039;31.0;119.0;0.96070184219138;3.27;0.3;0.6241610738255033;6;Medium;False;True
7.7;0.34;0.28;11.0;0.04;31.0;117.0;0.96070184219138;3.27;0.29;0.6174496644295301;6;Medium;False;True
5.8;0.34;0.16;7.0;0.037;26.0;116.0;0.9575737742786194;3.46;0.45;0.6711409395973155;7;High;False;True
5.9;0.24;0.3;2.0;0.033;28.0;92.0;0.9550231958266762;3.39;0.69;0.7315436241610739;7;High;False;True
6.4;0.46;0.08;4.9;0.046;34.0;144.0;0.9571406571830063;3.1;0.56;0.6711409395973155;5;Medium;False;True
7.4;0.32;0.27;1.4;0.049;38.0;173.0;0.9560819265048413;3.03;0.52;0.6241610738255033;5;Medium;False;True
7.2;0.31;0.26;7.3;0.05;37.0;157.0;0.9588731255654583;3.09;0.43;0.6040268456375839;5;Medium;False;True
7.8;0.42;0.23;8.8;0.054;42.0;215.0;0.9596912356349496;3.02;0.58;0.6174496644295301;6;Medium;False;True
6.9;0.24;0.33;12.5;0.046;47.0;153.0;0.9608462145565843;3.28;0.77;0.6442953020134228;6;Medium;False;True
5.4;0.18;0.24;4.8;0.041;30.0;113.0;0.9571406571830063;3.42;0.4;0.6308724832214765;6;Medium;False;True
6.0;0.18;0.31;1.4;0.036;14.0;75.0;0.9536757204181023;3.34;0.58;0.7449664429530201;8;High;False;True
7.8;0.27;0.58;11.2;0.036;44.0;161.0;0.960268725095767;3.06;0.41;0.5973154362416108;6;Medium;False;True
6.0;0.28;0.49;6.8;0.048;61.0;222.0;0.9579587672524976;3.19;0.47;0.6241610738255033;5;Medium;False;True
6.8;0.39;0.35;11.6;0.044;57.0;220.0;0.9603168492175018;3.07;0.53;0.6241610738255033;5;Medium;False;True
6.6;0.21;0.31;11.4;0.039;46.0;165.0;0.9605093457044409;3.41;0.44;0.6577181208053692;7;High;False;True
7.3;0.32;0.34;6.6;0.032;24.0;112.0;0.9577181466438237;3.22;0.46;0.6577181208053692;6;Medium;False;True
6.4;0.31;0.26;13.2;0.046;57.0;205.0;0.9600762286088279;3.17;0.41;0.6442953020134228;5;Medium;False;True
6.2;0.29;0.26;13.1;0.046;55.0;204.0;0.9600281044870931;3.16;0.41;0.6442953020134228;6;Medium;False;True
6.0;0.39;0.17;12.0;0.046;65.0;246.0;0.9601724768522975;3.15;0.38;0.6040268456375839;6;Medium;False;True
6.2;0.3;0.26;13.4;0.046;57.0;206.0;0.9603168492175018;3.17;0.43;0.6375838926174496;6;Medium;False;True
6.0;0.41;0.05;1.5;0.063;17.0;120.0;0.9559375541396369;3.21;0.56;0.6174496644295301;6;Medium;False;True
6.4;0.35;0.28;1.1;0.055;9.0;160.0;0.9567556642091282;3.42;0.5;0.610738255033557;7;High;False;True
6.5;0.26;0.32;16.5;0.045;44.0;166.0;0.9624824346955668;3.38;0.46;0.6375838926174496;6;Medium;False;True
7.9;0.35;0.24;15.6;0.072;44.0;229.0;0.9604130974609714;3.03;0.59;0.7046979865771812;6;Medium;False;True
6.2;0.3;0.17;2.8;0.04;24.0;125.0;0.9566112918439238;3.01;0.46;0.6040268456375839;5;Medium;False;True
8.4;0.18;0.42;5.1;0.036;7.0;77.0;0.9566112918439238;3.16;0.52;0.785234899328859;5;Medium;False;True
6.6;0.56;0.22;8.9;0.034;27.0;133.0;0.9593543667828063;3.2;0.51;0.610738255033557;5;Medium;False;True
6.6;0.36;0.29;1.6;0.021;24.0;85.0;0.9525207414964677;3.41;0.61;0.8322147651006712;9;High;False;True
7.3;0.655;0.2;10.2;0.071;28.0;212.0;0.9596912356349496;2.96;0.58;0.6174496644295301;6;Medium;False;True
6.8;0.18;0.21;5.4;0.053;34.0;104.0;0.9571406571830063;3.3;0.43;0.6308724832214765;5;Medium;False;True
6.7;0.19;0.23;6.2;0.047;36.0;117.0;0.9571887813047413;3.34;0.43;0.6442953020134228;6;Medium;False;True
7.0;0.21;0.37;7.2;0.042;36.0;167.0;0.9584400084698455;3.26;0.56;0.6577181208053692;6;Medium;False;True
6.8;0.25;0.38;8.1;0.046;24.0;155.0;0.9582475119829064;3.33;0.59;0.6845637583892616;6;Medium;False;True
7.4;0.24;0.36;2.0;0.031;27.0;139.0;0.9533869756876937;3.28;0.48;0.8389261744966443;9;High;False;True
7.1;0.16;0.36;10.7;0.044;20.0;90.0;0.958536256713315;3.16;0.44;0.7315436241610739;7;High;False;True
7.1;0.16;0.36;1.2;0.043;21.0;90.0;0.9552638164353501;3.16;0.42;0.7382550335570469;7;High;False;True
7.3;0.205;0.31;1.7;0.06;34.0;110.0;0.9589212496871932;3.72;0.69;0.7046979865771812;6;Medium;False;True
7.4;0.17;0.4;5.5;0.037;34.0;161.0;0.9562262988700456;3.05;0.62;0.7718120805369127;4;Low;False;True
7.3;0.3;0.34;2.7;0.044;34.0;108.0;0.9538682169050414;3.36;0.53;0.8590604026845637;8;High;False;True
6.9;0.25;0.34;1.3;0.035;27.0;82.0;0.9532907274442242;3.18;0.44;0.8187919463087248;6;Medium;False;True
7.5;0.42;0.34;4.3;0.04;34.0;108.0;0.9543494581223892;3.14;0.45;0.8590604026845637;8;High;False;True
7.3;0.25;0.36;2.1;0.034;30.0;177.0;0.9536757204181023;3.25;0.4;0.7986577181208053;8;High;False;True
7.5;0.34;0.35;6.0;0.034;12.0;126.0;0.9551675681918804;3.16;0.39;0.8053691275167785;7;High;False;True
7.6;0.33;0.35;6.3;0.036;12.0;126.0;0.9551675681918804;3.16;0.39;0.8053691275167785;7;High;False;True
8.7;0.23;0.32;13.4;0.044;35.0;169.0;0.9622418140868929;3.12;0.47;0.5906040268456376;7;High;False;True
6.9;0.19;0.35;1.7;0.036;33.0;101.0;0.9558894300179022;3.21;0.54;0.7248322147651007;7;High;False;True
7.3;0.21;0.29;1.6;0.034;29.0;118.0;0.9544938304875936;3.3;0.5;0.7382550335570469;8;High;False;True
6.6;0.22;0.37;15.4;0.035;62.0;153.0;0.9609905869217886;3.02;0.4;0.6241610738255033;5;Medium;False;True
9.2;0.34;0.27;1.2;0.026;17.0;73.0;0.9548788234614718;3.08;0.39;0.7248322147651007;5;Medium;False;True
6.0;0.2;0.24;1.8;0.03;30.0;105.0;0.9537238445398372;3.31;0.47;0.7718120805369127;6;Medium;False;True
8.2;0.38;0.49;13.6;0.042;58.0;166.0;0.9610868351652583;3.1;0.54;0.6308724832214765;5;Medium;False;True
6.9;0.18;0.36;1.3;0.036;40.0;117.0;0.956130050626576;3.27;0.95;0.6375838926174496;7;High;False;True
7.7;0.34;0.58;11.1;0.039;41.0;151.0;0.9603649733392365;3.06;0.49;0.5771812080536912;5;Medium;False;True
7.4;0.2;0.35;2.1;0.038;30.0;116.0;0.9575737742786194;3.49;0.77;0.6912751677852349;7;High;False;True
8.2;0.4;0.48;13.7;0.042;59.0;169.0;0.961134959286993;3.1;0.52;0.6308724832214765;5;Medium;False;True
6.7;0.22;0.39;10.2;0.038;60.0;149.0;0.959835608000154;3.17;0.54;0.6711409395973155;7;High;False;True
6.6;0.3;0.3;4.8;0.17;60.0;166.0;0.9572850295482108;3.18;0.47;0.6308724832214765;5;Medium;False;True
8.1;0.27;0.35;1.7;0.03;38.0;103.0;0.9553119405570849;3.22;0.63;0.697986577181208;8;High;False;True
7.3;0.25;0.42;14.2;0.041;57.0;182.0;0.9620974417216887;3.29;0.75;0.610738255033557;7;High;False;True
4.8;0.34;0.0;6.5;0.028;33.0;163.0;0.9566112918439238;3.36;0.61;0.6644295302013423;6;Medium;False;True
6.2;0.28;0.33;1.7;0.029;24.0;111.0;0.9528576103486112;3.24;0.5;0.8120805369127516;6;Medium;False;True
4.8;0.33;0.0;6.5;0.028;34.0;163.0;0.9564187953569847;3.35;0.61;0.6644295302013423;5;Medium;False;True
6.1;0.27;0.33;2.2;0.021;26.0;117.0;0.9515101349400373;3.12;0.3;0.8389261744966443;6;Medium;False;True
7.8;0.18;0.46;12.6;0.042;41.0;143.0;0.9624824346955668;3.24;0.76;0.5704697986577181;8;High;False;True
7.3;0.28;0.42;14.4;0.04;49.0;173.0;0.9619049452347495;3.28;0.82;0.6040268456375839;7;High;False;True
7.3;0.24;0.29;1.2;0.037;37.0;97.0;0.9553600646788196;3.19;0.7;0.6778523489932885;6;Medium;False;True
6.0;0.45;0.65;9.7;0.08;11.0;159.0;0.9582475119829064;3.04;0.48;0.6308724832214765;5;Medium;False;True
6.3;0.26;0.21;4.0;0.03;24.0;125.0;0.9543013340006545;3.06;0.34;0.7181208053691275;6;Medium;False;True
10.3;0.17;0.47;1.4;0.037;5.0;33.0;0.9566112918439238;2.89;0.28;0.6442953020134228;3;Low;False;True
7.7;0.15;0.29;1.3;0.029;10.0;64.0;0.9559375541396369;3.35;0.39;0.6778523489932885;5;Medium;False;True
7.1;0.21;0.32;2.2;0.037;28.0;141.0;0.9557450576526978;3.2;0.57;0.6711409395973155;7;High;False;True
6.9;0.36;0.34;4.2;0.018;57.0;119.0;0.9526651138616721;3.28;0.36;0.8523489932885905;9;High;False;True
6.0;0.28;0.34;1.6;0.119;33.0;104.0;0.9548788234614718;3.19;0.38;0.6845637583892616;6;Medium;False;True
6.2;0.16;0.54;1.4;0.126;37.0;110.0;0.9559375541396369;3.23;0.37;0.5973154362416108;6;Medium;False;True
6.9;0.12;0.36;2.2;0.037;18.0;111.0;0.9546863269745327;3.41;0.82;0.7986577181208053;8;High;False;True
8.8;0.36;0.44;1.9;0.04;9.0;121.0;0.9579587672524976;3.19;0.48;0.6644295302013423;6;Medium;False;True
7.4;0.26;0.43;6.0;0.022;22.0;125.0;0.9555525611657587;3.13;0.55;0.7718120805369127;6;Medium;False;True
6.8;0.23;0.29;12.2;0.035;38.0;236.0;0.9601724768522975;3.35;0.52;0.6577181208053692;6;Medium;False;True
6.1;0.34;0.27;2.6;0.024;20.0;105.0;0.9534350998094285;3.4;0.67;0.8187919463087248;7;High;False;True
7.3;0.26;0.31;1.6;0.04;39.0;173.0;0.9545900787310632;3.19;0.51;0.7651006711409396;6;Medium;False;True
6.5;0.3;0.32;2.0;0.044;34.0;90.0;0.9546382028527979;3.37;0.68;0.7382550335570469;7;High;False;True
5.0;0.31;0.0;6.4;0.046;43.0;166.0;0.9567075400873933;3.3;0.63;0.6644295302013423;6;Medium;False;True
5.8;0.26;0.18;1.2;0.031;40.0;114.0;0.9536275962963676;3.42;0.4;0.7382550335570469;7;High;False;True
5.9;0.26;0.3;1.0;0.036;38.0;114.0;0.9555525611657587;3.58;0.48;0.6308724832214765;5;Medium;False;True
7.0;0.31;0.29;1.4;0.037;33.0;128.0;0.9524726173747329;3.12;0.36;0.8187919463087248;7;High;False;True
5.6;0.19;0.39;1.1;0.043;17.0;67.0;0.9545900787310632;3.23;0.53;0.6912751677852349;6;Medium;False;True
6.8;0.18;0.28;8.7;0.047;52.0;242.0;0.9578625190090281;3.22;0.53;0.7046979865771812;6;Medium;False;True
7.0;0.29;0.26;1.6;0.044;12.0;87.0;0.9550713199484109;3.08;0.46;0.7046979865771812;6;Medium;False;True
6.6;0.26;0.29;1.4;0.039;13.0;67.0;0.9543013340006545;3.05;0.49;0.7315436241610739;6;Medium;False;True
6.8;0.18;0.28;8.5;0.047;52.0;242.0;0.9578625190090281;3.22;0.53;0.7046979865771812;6;Medium;False;True
6.6;0.2;0.38;7.9;0.052;30.0;145.0;0.9573812777916804;3.32;0.56;0.7382550335570469;7;High;False;True
8.0;0.29;0.29;13.2;0.046;26.0;113.0;0.9608462145565843;3.25;0.37;0.6510067114093959;6;Medium;False;True
6.1;0.28;0.35;12.8;0.048;63.0;229.0;0.9600762286088279;3.08;0.4;0.5973154362416108;5;Medium;False;True
5.9;0.31;0.3;7.7;0.047;60.0;206.0;0.957670022522089;3.2;0.39;0.6442953020134228;6;Medium;False;True
6.9;0.21;0.28;2.4;0.056;49.0;159.0;0.9570925330612716;3.02;0.47;0.5906040268456376;8;High;False;True
8.4;0.19;0.42;1.6;0.047;9.0;101.0;0.9567075400873933;3.06;0.65;0.7449664429530201;4;Low;False;True
8.3;0.27;0.45;1.3;0.048;8.0;72.0;0.9570925330612716;3.08;0.61;0.6912751677852349;4;Low;False;True
7.1;0.25;0.39;2.1;0.036;30.0;124.0;0.9536275962963676;3.28;0.43;0.8187919463087248;8;High;False;True
8.0;0.23;0.37;9.6;0.054;23.0;159.0;0.9605093457044409;3.32;0.47;0.6577181208053692;4;Low;False;True
7.5;0.24;0.31;13.0;0.049;46.0;217.0;0.9610387110435235;3.08;0.53;0.5906040268456376;5;Medium;False;True
6.3;0.33;0.2;5.8;0.04;24.0;144.0;0.9569481606960673;3.15;0.63;0.6644295302013423;5;Medium;False;True
6.2;0.33;0.19;5.6;0.042;22.0;143.0;0.9569481606960673;3.15;0.63;0.6644295302013423;5;Medium;False;True
6.3;0.34;0.19;5.8;0.041;22.0;145.0;0.9569962848178021;3.15;0.63;0.6644295302013423;5;Medium;False;True
5.8;0.29;0.05;0.8;0.038;11.0;30.0;0.9551675681918804;3.36;0.35;0.6174496644295301;5;Medium;False;True
8.0;0.32;0.26;1.2;0.05;11.5;88.0;0.9572850295482108;3.24;0.37;0.6375838926174496;4;Low;False;True
5.6;0.29;0.05;0.8;0.038;11.0;30.0;0.9551675681918804;3.36;0.35;0.6174496644295301;5;Medium;False;True
7.4;0.13;0.39;4.7;0.042;36.0;137.0;0.957670022522089;3.36;0.56;0.6912751677852349;7;High;False;True
7.7;0.3;0.32;1.6;0.037;23.0;124.0;0.9546863269745327;2.93;0.33;0.7382550335570469;6;Medium;False;True
7.0;0.24;0.34;1.4;0.031;27.0;107.0;0.9528576103486112;3.06;0.39;0.7986577181208053;6;Medium;False;True
8.6;0.18;0.4;1.1;0.04;20.0;107.0;0.9550713199484109;2.94;0.32;0.6845637583892616;7;High;False;True
7.0;0.11;0.32;4.6;0.057;59.0;144.0;0.9582475119829064;3.55;0.44;0.6308724832214765;7;High;False;True
7.7;0.32;0.62;10.6;0.036;56.0;153.0;0.9603649733392365;3.13;0.44;0.5973154362416108;6;Medium;False;True
6.5;0.26;0.27;12.9;0.044;69.0;215.0;0.9593062426610715;3.17;0.43;0.6711409395973155;6;Medium;False;True
7.9;0.28;0.41;2.0;0.044;50.0;152.0;0.956130050626576;3.45;0.49;0.7181208053691275;8;High;False;True
6.3;0.27;0.23;2.9;0.047;13.0;100.0;0.9563225471135152;3.28;0.43;0.6577181208053692;5;Medium;False;True
5.4;0.595;0.1;2.8;0.042;26.0;80.0;0.9559375541396369;3.36;0.38;0.6241610738255033;5;Medium;False;True
6.7;0.25;0.33;2.9;0.057;52.0;173.0;0.956130050626576;3.02;0.48;0.6375838926174496;7;High;False;True
6.5;0.25;0.35;12.0;0.055;47.0;179.0;0.9605574698261756;3.58;0.47;0.6711409395973155;5;Medium;False;True
6.1;0.36;0.58;15.0;0.044;42.0;115.0;0.9603649733392365;3.15;0.51;0.6040268456375839;5;Medium;False;True
7.7;0.17;0.52;5.9;0.017;21.0;84.0;0.9556488094092283;3.14;0.4;0.7986577181208053;7;High;False;True
6.4;0.26;0.43;12.6;0.033;64.0;230.0;0.9599799803653583;3.08;0.38;0.5973154362416108;5;Medium;False;True
6.5;0.26;0.28;12.5;0.046;80.0;225.0;0.9594506150262758;3.18;0.41;0.6711409395973155;6;Medium;False;True
5.9;0.29;0.33;7.4;0.037;58.0;205.0;0.9576218984003542;3.26;0.41;0.6442953020134228;5;Medium;False;True
6.2;0.28;0.43;13.0;0.039;64.0;233.0;0.9600281044870931;3.08;0.38;0.5973154362416108;5;Medium;False;True
6.1;0.27;0.44;6.7;0.041;61.0;230.0;0.9577181466438237;3.12;0.4;0.5973154362416108;5;Medium;False;True
6.4;0.43;0.32;1.4;0.048;10.0;67.0;0.9547825752180022;3.08;0.41;0.7651006711409396;5;Medium;False;True
6.2;0.35;0.29;7.3;0.044;56.0;244.0;0.9582475119829064;3.36;0.55;0.6711409395973155;6;Medium;False;True
7.7;0.24;0.29;15.3;0.044;39.0;194.0;0.9607499663131147;3.06;0.47;0.6442953020134228;7;High;False;True
6.2;0.34;0.28;7.5;0.034;40.0;197.0;0.9575256501568846;3.14;0.6;0.6510067114093959;5;Medium;False;True
6.3;0.27;0.46;11.75;0.037;61.0;212.0;0.9596912356349496;3.25;0.53;0.6375838926174496;6;Medium;False;True
5.4;0.415;0.19;1.6;0.039;27.0;88.0;0.9554081888005544;3.54;0.41;0.6711409395973155;7;High;False;True
6.9;0.48;0.36;3.5;0.03;31.0;135.0;0.9532426033224893;3.14;0.38;0.8187919463087248;7;High;False;True
6.5;0.18;0.33;8.0;0.051;16.0;131.0;0.9591137461741324;3.28;0.44;0.5838926174496644;7;High;False;True
6.7;0.15;0.29;5.0;0.058;28.0;105.0;0.9572850295482108;3.52;0.44;0.6845637583892616;7;High;False;True
8.2;0.345;1.0;18.2;0.047;55.0;205.0;0.9621455658434234;2.96;0.43;0.6442953020134228;5;Medium;False;True
8.5;0.16;0.35;1.6;0.039;24.0;147.0;0.9562262988700456;2.96;0.36;0.6711409395973155;5;Medium;False;True
6.8;0.705;0.25;3.2;0.048;10.0;57.0;0.9586325049567845;3.36;0.52;0.6375838926174496;4;Low;False;True
7.3;0.25;0.39;6.4;0.034;8.0;84.0;0.9569000365743324;3.18;0.46;0.7718120805369127;5;Medium;False;True
7.6;0.345;0.26;1.9;0.043;15.0;134.0;0.9563225471135152;3.08;0.38;0.6375838926174496;5;Medium;False;True
7.6;0.22;0.34;9.7;0.035;26.0;143.0;0.9591137461741324;3.08;0.49;0.6577181208053692;6;Medium;False;True
6.5;0.17;0.33;1.4;0.028;14.0;99.0;0.9555525611657587;3.23;0.55;0.6778523489932885;6;Medium;False;True
8.2;0.23;0.37;1.3;0.042;39.0;117.0;0.9555525611657587;2.99;0.36;0.6711409395973155;5;Medium;False;True
7.5;0.32;0.26;1.8;0.042;13.0;133.0;0.9565150436004543;3.07;0.38;0.6375838926174496;5;Medium;False;True
6.6;0.23;0.32;0.9;0.041;25.0;79.0;0.9553600646788196;3.39;0.54;0.6845637583892616;7;High;False;True
6.6;0.2;0.32;1.1;0.039;25.0;78.0;0.9553600646788196;3.39;0.54;0.6845637583892616;7;High;False;True
7.3;0.24;0.34;15.4;0.05;38.0;174.0;0.9608462145565843;3.03;0.42;0.6040268456375839;6;Medium;False;True
8.0;0.42;0.36;5.0;0.037;34.0;101.0;0.9547825752180022;3.13;0.57;0.825503355704698;7;High;False;True
6.1;0.19;0.25;4.0;0.023;23.0;112.0;0.9550713199484109;3.37;0.51;0.7785234899328859;6;Medium;False;True
5.9;0.26;0.21;12.5;0.034;36.0;152.0;0.9597874838784192;3.28;0.43;0.6375838926174496;6;Medium;False;True
8.3;0.23;0.43;3.2;0.035;14.0;101.0;0.9555525611657587;3.15;0.36;0.7718120805369127;5;Medium;False;True
6.5;0.34;0.28;1.8;0.041;43.0;188.0;0.9555525611657587;3.13;0.37;0.6442953020134228;6;Medium;False;True
6.8;0.22;0.35;17.5;0.039;38.0;153.0;0.9619049452347495;3.24;0.42;0.6040268456375839;6;Medium;False;True
6.5;0.08;0.33;1.9;0.028;23.0;93.0;0.9538200927833067;3.34;0.7;0.8053691275167785;7;High;False;True
5.5;0.42;0.09;1.6;0.019;18.0;68.0;0.9534350998094285;3.33;0.51;0.7651006711409396;7;High;False;True
5.1;0.42;0.01;1.5;0.017;25.0;102.0;0.9522801208877937;3.38;0.36;0.825503355704698;7;High;False;True
6.0;0.27;0.19;1.7;0.02;24.0;110.0;0.9526651138616721;3.32;0.47;0.8456375838926175;7;High;False;True
7.1;0.13;0.38;1.8;0.046;14.0;114.0;0.9552638164353501;3.32;0.9;0.785234899328859;6;Medium;False;True
7.6;0.3;0.25;4.3;0.054;22.0;111.0;0.9582475119829064;3.12;0.49;0.6174496644295301;5;Medium;False;True
6.6;0.13;0.3;4.9;0.058;47.0;131.0;0.9572850295482108;3.51;0.45;0.6912751677852349;6;Medium;False;True
6.5;0.14;0.33;7.6;0.05;53.0;189.0;0.9592099944176019;3.25;0.49;0.5771812080536912;5;Medium;False;True
7.7;0.28;0.33;6.7;0.037;32.0;155.0;0.9577662707655585;3.39;0.62;0.7181208053691275;7;High;False;True
6.0;0.2;0.71;1.6;0.15;10.0;54.0;0.9554563129222892;3.12;0.47;0.6577181208053692;5;Medium;False;True
6.0;0.19;0.71;1.5;0.152;9.0;55.0;0.9554563129222892;3.12;0.46;0.6577181208053692;6;Medium;False;True
5.1;0.39;0.21;1.7;0.027;15.0;72.0;0.9522801208877937;3.5;0.45;0.8389261744966443;6;Medium;False;True
5.7;0.36;0.34;4.2;0.026;21.0;77.0;0.9535313480528981;3.41;0.45;0.7986577181208053;6;Medium;False;True
6.9;0.19;0.33;1.6;0.043;63.0;149.0;0.9552638164353501;3.44;0.52;0.7248322147651007;5;Medium;False;True
6.0;0.41;0.21;1.9;0.05;29.0;122.0;0.9555525611657587;3.42;0.52;0.7046979865771812;6;Medium;False;True
7.4;0.28;0.3;5.3;0.054;44.0;161.0;0.9568037883308629;3.12;0.48;0.6912751677852349;6;Medium;False;True
7.4;0.3;0.3;5.2;0.053;45.0;163.0;0.9568037883308629;3.12;0.45;0.6912751677852349;6;Medium;False;True
7.7;0.28;0.39;8.9;0.036;8.0;117.0;0.9562262988700456;3.06;0.38;0.8053691275167785;7;High;False;True
8.6;0.16;0.38;3.4;0.04;41.0;143.0;0.9559375541396369;2.95;0.39;0.6845637583892616;6;Medium;False;True
8.2;0.26;0.44;1.3;0.046;7.0;69.0;0.9570925330612716;3.14;0.62;0.6845637583892616;4;Low;False;True
6.5;0.25;0.27;15.2;0.049;75.0;217.0;0.9597874838784192;3.19;0.39;0.6644295302013423;5;Medium;False;True
7.0;0.24;0.18;1.3;0.046;9.0;62.0;0.9567075400873933;3.38;0.47;0.6778523489932885;4;Low;False;True
8.6;0.18;0.36;1.8;0.04;24.0;187.0;0.9582475119829064;3.25;0.55;0.6375838926174496;6;Medium;False;True
7.8;0.27;0.34;1.6;0.046;27.0;154.0;0.9554563129222892;3.05;0.45;0.7046979865771812;6;Medium;False;True
6.0;0.26;0.34;1.3;0.046;6.0;29.0;0.9551675681918804;3.29;0.63;0.697986577181208;5;Medium;False;True
6.1;0.24;0.27;9.8;0.062;33.0;152.0;0.9592099944176019;3.31;0.47;0.6375838926174496;6;Medium;False;True
8.0;0.24;0.3;17.45;0.056;43.0;184.0;0.9621936899651582;3.05;0.5;0.6174496644295301;6;Medium;False;True
7.6;0.21;0.6;2.1;0.046;47.0;165.0;0.9563225471135152;3.05;0.54;0.6778523489932885;7;High;False;True
8.0;0.19;0.36;1.8;0.05;16.0;84.0;0.9563225471135152;3.15;0.45;0.6577181208053692;7;High;False;True
6.4;0.28;0.41;6.8;0.045;61.0;216.0;0.9578625190090281;3.09;0.46;0.6308724832214765;5;Medium;False;True
6.4;0.28;0.43;7.1;0.045;60.0;221.0;0.9578625190090281;3.09;0.45;0.6308724832214765;6;Medium;False;True
6.9;0.24;0.39;1.3;0.063;18.0;136.0;0.9555525611657587;3.31;0.48;0.697986577181208;7;High;False;True
5.8;0.36;0.26;3.3;0.038;40.0;153.0;0.9539163410267762;3.34;0.55;0.7583892617449665;6;Medium;False;True
6.6;0.18;0.28;3.3;0.044;18.0;91.0;0.9557450576526978;3.42;0.64;0.7248322147651007;6;Medium;False;True
5.1;0.52;0.06;2.7;0.052;30.0;79.0;0.9559375541396369;3.32;0.43;0.6241610738255033;5;Medium;False;True
6.6;0.22;0.37;1.2;0.059;45.0;199.0;0.9557450576526978;3.37;0.55;0.6912751677852349;7;High;False;True
8.3;0.15;0.39;1.3;0.055;32.0;146.0;0.9557450576526978;3.08;0.39;0.7046979865771812;6;Medium;False;True
7.6;0.16;0.44;1.4;0.043;25.0;109.0;0.9559375541396369;3.11;0.75;0.6912751677852349;6;Medium;False;True
7.7;0.16;0.41;1.7;0.048;60.0;173.0;0.9559375541396369;3.24;0.66;0.7516778523489932;7;High;False;True
8.3;0.16;0.48;1.7;0.057;31.0;98.0;0.9569962848178021;3.15;0.41;0.6912751677852349;6;Medium;False;True
6.2;0.25;0.47;11.6;0.048;62.0;210.0;0.959402490904541;3.19;0.5;0.6375838926174496;5;Medium;False;True
6.1;0.16;0.27;12.6;0.064;63.0;162.0;0.9619049452347495;3.66;0.43;0.5973154362416108;5;Medium;False;True
7.6;0.39;0.22;2.8;0.036;19.0;113.0;0.9553600646788196;3.03;0.29;0.6845637583892616;5;Medium;False;True
6.8;0.37;0.47;11.2;0.071;44.0;136.0;0.959402490904541;2.98;0.88;0.6174496644295301;5;Medium;False;True
7.1;0.18;0.42;1.4;0.045;47.0;157.0;0.9543975822441241;2.95;0.31;0.7046979865771812;6;Medium;False;True
8.3;0.14;0.26;1.5;0.049;56.0;189.0;0.9572850295482108;3.21;0.62;0.6375838926174496;6;Medium;False;True
8.6;0.2;0.42;1.5;0.041;35.0;125.0;0.9552638164353501;3.11;0.49;0.7651006711409396;7;High;False;True
6.8;0.19;0.32;7.05;0.019;54.0;188.0;0.9562262988700456;3.25;0.37;0.7449664429530201;8;High;False;True
7.6;0.19;0.38;10.6;0.06;48.0;174.0;0.9588250014437236;3.13;0.38;0.7046979865771812;6;Medium;False;True
6.8;0.34;0.74;2.8;0.088;23.0;185.0;0.9555525611657587;3.51;0.7;0.8053691275167785;6;Medium;False;True
6.2;0.15;0.46;1.6;0.039;38.0;123.0;0.9557450576526978;3.38;0.51;0.6510067114093959;6;Medium;False;True
6.6;0.14;0.44;1.6;0.042;47.0;140.0;0.9557450576526978;3.32;0.51;0.6845637583892616;6;Medium;False;True
8.0;0.55;0.17;8.2;0.04;13.0;60.0;0.9582475119829064;3.09;0.3;0.6375838926174496;4;Low;False;True
7.0;0.24;0.35;1.5;0.052;51.0;128.0;0.9568037883308629;3.41;0.59;0.697986577181208;7;High;False;True
6.3;0.6;0.44;11.0;0.05;50.0;245.0;0.9597874838784192;3.19;0.57;0.6241610738255033;4;Low;False;True
7.1;0.2;0.41;2.1;0.054;24.0;166.0;0.9574775260351499;3.48;0.62;0.7046979865771812;6;Medium;False;True
6.2;0.34;0.29;7.6;0.047;45.0;232.0;0.9581512637394368;3.35;0.62;0.6711409395973155;6;Medium;False;True
7.1;0.3;0.36;6.8;0.055;44.5;234.0;0.9597874838784192;3.49;0.64;0.6845637583892616;6;Medium;False;True
7.9;0.64;0.46;10.6;0.244;33.0;227.0;0.9608462145565843;2.87;0.74;0.610738255033557;3;Low;False;True
8.8;0.17;0.38;1.8;0.04;39.0;148.0;0.9569000365743324;3.16;0.67;0.6845637583892616;6;Medium;False;True
7.5;0.17;0.37;1.5;0.06;18.0;75.0;0.9563225471135152;3.54;0.88;0.7181208053691275;5;Medium;False;True
7.1;0.47;0.24;6.0;0.044;11.0;77.0;0.9582475119829064;3.21;0.56;0.6510067114093959;5;Medium;False;True
7.1;0.15;0.34;5.3;0.034;33.0;104.0;0.9579587672524976;3.37;0.52;0.6241610738255033;7;High;False;True
7.5;0.17;0.34;1.4;0.035;13.0;102.0;0.9545900787310632;3.05;0.74;0.7382550335570469;5;Medium;False;True
8.2;0.68;0.3;2.1;0.047;17.0;138.0;0.957670022522089;3.22;0.71;0.7248322147651007;4;Low;False;True
7.7;0.275;0.3;1.0;0.039;19.0;75.0;0.9547825752180022;3.01;0.56;0.7181208053691275;5;Medium;False;True
7.3;0.49;0.32;5.2;0.043;18.0;104.0;0.9578625190090281;3.24;0.45;0.7181208053691275;4;Low;False;True
7.5;0.33;0.48;19.45;0.048;55.0;243.0;0.9634449171302623;2.95;0.4;0.5906040268456376;5;Medium;False;True
7.2;0.21;0.37;1.6;0.049;23.0;94.0;0.9551675681918804;3.16;0.48;0.7315436241610739;7;High;False;True
7.3;0.15;0.4;2.0;0.05;24.0;92.0;0.9559375541396369;3.14;0.45;0.7046979865771812;5;Medium;False;True
6.5;0.19;0.1;1.3;0.046;23.0;107.0;0.9564187953569847;3.29;0.45;0.6711409395973155;5;Medium;False;True
7.0;0.31;0.52;1.7;0.029;5.0;61.0;0.9545900787310632;3.07;0.43;0.697986577181208;5;Medium;False;True
8.3;0.4;0.38;1.1;0.038;15.0;75.0;0.956130050626576;3.03;0.43;0.6174496644295301;5;Medium;False;True
6.1;0.37;0.36;4.7;0.035;36.0;116.0;0.9538200927833067;3.31;0.62;0.8456375838926175;6;Medium;False;True
7.3;0.24;0.34;7.5;0.048;29.0;152.0;0.9588250014437236;3.1;0.54;0.6040268456375839;5;Medium;False;True
6.9;0.21;0.81;1.1;0.137;52.0;123.0;0.9559375541396369;3.03;0.39;0.6174496644295301;6;Medium;False;True
7.6;0.29;0.42;1.3;0.035;18.0;86.0;0.9536275962963676;2.99;0.39;0.7583892617449665;5;Medium;False;True
9.4;0.29;0.55;2.2;0.05;17.0;119.0;0.9588250014437236;3.12;0.69;0.6912751677852349;4;Low;False;True
8.6;0.26;0.41;2.2;0.049;29.0;111.0;0.9568037883308629;2.96;0.44;0.6711409395973155;5;Medium;False;True
7.5;0.21;0.34;1.2;0.06;26.0;111.0;0.9558413058961673;3.51;0.47;0.7181208053691275;6;Medium;False;True
7.2;0.51;0.24;10.0;0.093;35.0;197.0;0.9606537180696452;3.41;0.47;0.6040268456375839;5;Medium;False;True
5.3;0.3;0.2;1.1;0.077;48.0;166.0;0.9570925330612716;3.3;0.54;0.5838926174496644;4;Low;False;True
8.0;0.26;0.36;2.0;0.054;30.0;121.0;0.9547825752180022;3.09;0.72;0.7785234899328859;7;High;False;True
7.0;0.21;0.28;7.5;0.07;45.0;185.0;0.9592099944176019;3.34;0.55;0.6308724832214765;5;Medium;False;True
6.7;0.26;0.26;4.0;0.079;35.5;216.0;0.9582475119829064;3.31;0.68;0.6375838926174496;5;Medium;False;True
6.7;0.26;0.26;4.1;0.073;36.0;202.0;0.9582475119829064;3.3;0.67;0.6375838926174496;5;Medium;False;True
8.1;0.26;0.37;1.9;0.072;48.0;159.0;0.9575737742786194;3.37;0.7;0.7315436241610739;6;Medium;False;True
8.3;0.22;0.38;14.8;0.054;32.0;126.0;0.9626749311825059;3.22;0.5;0.6510067114093959;5;Medium;False;True
6.4;0.3;0.51;5.5;0.048;62.0;172.0;0.9569000365743324;3.08;0.45;0.610738255033557;6;Medium;False;True
7.5;0.19;0.34;2.6;0.037;33.0;125.0;0.9550713199484109;3.1;0.49;0.7449664429530201;7;High;False;True
8.8;0.33;0.44;6.35;0.024;9.0;87.0;0.9544938304875936;2.96;0.4;0.8456375838926175;7;High;False;True
6.9;0.2;0.36;1.5;0.031;38.0;147.0;0.9558413058961673;3.35;0.56;0.7382550335570469;6;Medium;False;True
8.0;0.37;0.32;1.6;0.04;32.0;166.0;0.9547825752180022;3.0;0.55;0.7583892617449665;7;High;False;True
8.2;0.29;0.33;9.1;0.036;28.0;118.0;0.9579587672524976;2.96;0.4;0.7315436241610739;7;High;False;True
7.7;0.34;0.3;8.0;0.048;25.0;192.0;0.9577662707655585;2.97;0.47;0.7315436241610739;5;Medium;False;True
6.2;0.55;0.45;12.0;0.049;27.0;186.0;0.9599799803653583;3.17;0.5;0.6241610738255033;6;Medium;False;True
6.4;0.4;0.19;3.2;0.033;28.0;124.0;0.9532426033224893;3.22;0.54;0.8523489932885905;7;High;False;True
7.5;0.28;0.33;7.7;0.048;42.0;180.0;0.9599799803653583;3.37;0.59;0.6778523489932885;6;Medium;False;True
7.8;0.26;0.44;1.3;0.037;43.0;132.0;0.9570925330612716;3.18;0.65;0.6711409395973155;5;Medium;False;True
6.5;0.26;0.34;16.3;0.051;56.0;197.0;0.962867427669445;3.49;0.42;0.6577181208053692;5;Medium;False;True
6.3;0.34;0.29;6.2;0.046;29.0;227.0;0.9578625190090281;3.29;0.53;0.6778523489932885;6;Medium;False;True
6.8;0.15;0.33;4.7;0.059;31.0;118.0;0.9582475119829064;3.43;0.39;0.6040268456375839;7;High;False;True
6.3;0.27;0.25;5.8;0.038;52.0;155.0;0.957670022522089;3.28;0.38;0.6308724832214765;6;Medium;False;True
7.4;0.2;0.37;16.95;0.048;43.0;190.0;0.9620011934782191;3.03;0.42;0.6174496644295301;6;Medium;False;True
6.3;0.23;0.21;5.1;0.035;29.0;142.0;0.9569000365743324;3.36;0.33;0.6778523489932885;7;High;False;True
7.3;0.31;0.69;10.2;0.041;58.0;160.0;0.960268725095767;3.06;0.45;0.5771812080536912;5;Medium;False;True
5.2;0.24;0.45;3.8;0.027;21.0;128.0;0.9547825752180022;3.55;0.49;0.7516778523489932;8;High;False;True
7.0;0.24;0.32;1.3;0.037;39.0;123.0;0.9547825752180022;3.17;0.42;0.7516778523489932;8;High;False;True
7.0;0.17;0.33;4.0;0.034;17.0;127.0;0.956130050626576;3.19;0.39;0.7114093959731543;7;High;False;True
8.3;0.21;0.58;17.1;0.049;62.0;213.0;0.9630599241563841;3.01;0.51;0.6241610738255033;6;Medium;False;True
7.2;0.21;0.35;14.5;0.048;35.0;178.0;0.9607499663131147;3.05;0.47;0.5973154362416108;6;Medium;False;True
7.1;0.21;0.4;1.2;0.069;24.0;156.0;0.9555525611657587;3.42;0.43;0.7114093959731543;6;Medium;False;True
8.4;0.17;0.31;6.7;0.038;29.0;132.0;0.9571887813047413;3.1;0.32;0.7114093959731543;7;High;False;True
7.4;0.24;0.31;8.4;0.045;52.0;183.0;0.9589212496871932;3.09;0.32;0.5906040268456376;5;Medium;False;True
5.3;0.24;0.33;1.3;0.033;25.0;97.0;0.9534350998094285;3.59;0.38;0.7382550335570469;8;High;False;True
6.5;0.28;0.26;8.8;0.04;44.0;139.0;0.9582475119829064;3.32;0.37;0.6845637583892616;6;Medium;False;True
6.5;0.29;0.25;10.6;0.039;32.0;120.0;0.9588250014437236;3.31;0.34;0.6778523489932885;6;Medium;False;True
5.8;0.29;0.21;2.6;0.025;12.0;120.0;0.9522801208877937;3.39;0.79;0.9395973154362416;7;High;False;True
6.3;0.17;0.42;2.8;0.028;45.0;107.0;0.9536275962963676;3.27;0.43;0.7919463087248323;6;Medium;False;True
6.3;0.16;0.4;1.6;0.033;59.0;148.0;0.9542050857571849;3.44;0.53;0.7651006711409396;5;Medium;False;True
7.9;0.29;0.39;6.7;0.036;6.0;117.0;0.9565150436004543;3.12;0.42;0.7181208053691275;5;Medium;False;True
5.5;0.32;0.45;4.9;0.028;25.0;191.0;0.9549750717049413;3.51;0.49;0.7718120805369127;7;High;False;True
7.2;0.37;0.15;2.0;0.029;27.0;87.0;0.9531463550790198;3.3;0.59;0.8456375838926175;7;High;False;True
6.1;0.29;0.27;1.7;0.024;13.0;76.0;0.9521838726443241;3.21;0.51;0.8456375838926175;7;High;False;True
9.2;0.22;0.4;2.4;0.054;18.0;151.0;0.9578625190090281;3.04;0.46;0.6241610738255033;4;Low;False;True
8.0;0.18;0.37;1.3;0.04;15.0;96.0;0.9540125892702458;3.06;0.61;0.8120805369127516;6;Medium;False;True
6.5;0.22;0.34;12.0;0.053;55.0;177.0;0.9608462145565843;3.52;0.44;0.6644295302013423;6;Medium;False;True
7.4;0.18;0.4;1.6;0.047;22.0;102.0;0.9564187953569847;3.28;0.44;0.7181208053691275;5;Medium;False;True
6.5;0.52;0.17;1.4;0.047;5.0;26.0;0.9559375541396369;3.26;0.32;0.6711409395973155;4;Low;False;True
7.0;0.15;0.38;2.2;0.047;33.0;96.0;0.9555525611657587;3.13;0.39;0.697986577181208;8;High;False;True
5.9;0.415;0.13;1.4;0.04;11.0;64.0;0.9549750717049413;3.29;0.52;0.7046979865771812;5;Medium;False;True
8.1;0.45;0.34;8.3;0.037;33.0;216.0;0.9601724768522975;3.31;0.64;0.6510067114093959;5;Medium;False;True
5.8;0.415;0.13;1.4;0.04;11.0;64.0;0.9549750717049413;3.29;0.52;0.7046979865771812;5;Medium;False;True
6.4;0.5;0.16;12.9;0.042;26.0;138.0;0.9599799803653583;3.28;0.33;0.6040268456375839;5;Medium;False;True
6.7;0.105;0.32;12.4;0.051;34.0;106.0;0.9605574698261756;3.54;0.45;0.6174496644295301;6;Medium;False;True
6.0;0.4;0.3;1.6;0.047;30.0;117.0;0.9558413058961673;3.17;0.48;0.6778523489932885;6;Medium;False;True
6.6;0.25;0.39;1.45;0.04;40.0;89.0;0.9539163410267762;3.35;0.4;0.7651006711409396;7;High;False;True
9.8;0.36;0.45;1.6;0.042;11.0;124.0;0.9570925330612716;2.93;0.46;0.7248322147651007;5;Medium;False;True
9.6;0.23;0.4;1.5;0.044;19.0;135.0;0.9564187953569847;2.96;0.49;0.7315436241610739;5;Medium;False;True
6.3;0.55;0.45;13.0;0.047;33.0;182.0;0.9599799803653583;3.2;0.46;0.6174496644295301;6;Medium;False;True
6.5;0.115;0.29;1.95;0.038;73.0;166.0;0.9518951279139155;3.12;0.25;0.8657718120805369;7;High;False;True
6.4;0.125;0.29;5.85;0.042;24.0;99.0;0.9547825752180022;3.23;0.32;0.8053691275167785;7;High;False;True
5.7;0.1;0.27;1.3;0.047;21.0;100.0;0.9555525611657587;3.27;0.46;0.6375838926174496;5;Medium;False;True
7.9;0.25;0.29;5.3;0.031;33.0;117.0;0.9545900787310632;3.06;0.32;0.7919463087248323;7;High;False;True
6.9;0.2;0.28;1.2;0.048;36.0;159.0;0.9563225471135152;3.19;0.43;0.610738255033557;6;Medium;False;True
6.9;0.23;0.34;4.0;0.047;24.0;128.0;0.9570925330612716;3.2;0.52;0.6510067114093959;6;Medium;False;True
6.8;0.39;0.31;14.35;0.043;28.0;162.0;0.9613274557739321;3.17;0.54;0.610738255033557;5;Medium;False;True
8.7;0.22;0.42;2.3;0.053;27.0;114.0;0.9567075400873933;2.99;0.43;0.6711409395973155;5;Medium;False;True
7.4;0.41;0.34;4.7;0.042;19.0;127.0;0.9579587672524976;3.25;0.42;0.697986577181208;5;Medium;False;True
6.7;0.25;0.34;12.85;0.048;30.0;161.0;0.961134959286993;3.44;0.47;0.6375838926174496;6;Medium;False;True
6.0;0.26;0.42;5.2;0.027;70.0;178.0;0.9542050857571849;3.4;0.4;0.825503355704698;8;High;False;True
6.1;0.31;0.37;8.4;0.031;70.0;170.0;0.956130050626576;3.42;0.4;0.785234899328859;8;High;False;True
9.2;0.28;0.46;3.2;0.058;39.0;133.0;0.9586325049567845;3.14;0.58;0.6375838926174496;5;Medium;False;True
9.0;0.31;0.49;6.9;0.034;26.0;91.0;0.9564187953569847;2.99;0.34;0.7718120805369127;5;Medium;False;True
8.5;0.16;0.33;1.0;0.076;17.0;57.0;0.9548788234614718;3.14;0.46;0.7114093959731543;6;Medium;False;True
9.3;0.34;0.49;7.3;0.052;30.0;146.0;0.9605574698261756;3.17;0.61;0.6845637583892616;5;Medium;False;True
7.2;0.24;0.3;1.6;0.048;27.0;131.0;0.9560338023831064;3.25;0.45;0.7046979865771812;5;Medium;False;True
7.2;0.25;0.32;1.5;0.047;27.0;132.0;0.9560338023831064;3.26;0.44;0.7046979865771812;5;Medium;False;True
6.8;0.32;0.18;7.5;0.041;71.0;223.0;0.958536256713315;3.14;0.41;0.5973154362416108;5;Medium;False;True
9.1;0.27;0.32;1.1;0.031;15.0;151.0;0.9563225471135152;3.03;0.41;0.7114093959731543;5;Medium;False;True
8.9;0.34;0.32;1.3;0.041;12.0;188.0;0.9579587672524976;3.17;0.49;0.6375838926174496;5;Medium;False;True
7.0;0.17;0.37;5.7;0.025;29.0;111.0;0.9565150436004543;3.2;0.49;0.7248322147651007;6;Medium;False;True
6.7;0.25;0.23;7.2;0.038;61.0;220.0;0.9578625190090281;3.14;0.35;0.6375838926174496;5;Medium;False;True
6.9;0.32;0.17;7.6;0.042;69.0;219.0;0.958536256713315;3.13;0.4;0.5973154362416108;5;Medium;False;True
6.1;0.6;0.0;1.3;0.042;24.0;79.0;0.9564187953569847;3.31;0.38;0.6308724832214765;4;Low;False;True
5.3;0.395;0.07;1.3;0.035;26.0;102.0;0.9547825752180022;3.5;0.35;0.7114093959731543;6;Medium;False;True
7.9;0.16;0.3;4.8;0.037;37.0;171.0;0.9593062426610715;3.47;0.44;0.6040268456375839;4;Low;False;True
7.6;0.33;0.36;2.1;0.034;26.0;172.0;0.9570925330612716;3.42;0.48;0.7046979865771812;4;Low;False;True
7.8;0.3;0.29;16.85;0.054;23.0;135.0;0.9622899382086277;3.16;0.38;0.6040268456375839;6;Medium;False;True
5.7;0.26;0.27;4.1;0.201;73.5;189.5;0.9569000365743324;3.27;0.38;0.6308724832214765;6;Medium;False;True
7.5;0.14;0.34;1.3;0.055;50.0;153.0;0.9571887813047413;3.29;0.8;0.6442953020134228;6;Medium;False;True
6.6;0.25;0.41;7.4;0.043;29.0;151.0;0.9572850295482108;3.15;0.6;0.6845637583892616;7;High;False;True
8.2;0.23;0.49;0.9;0.057;15.0;73.0;0.9555525611657587;3.07;0.38;0.697986577181208;6;Medium;False;True
6.0;0.24;0.32;6.3;0.03;34.0;129.0;0.9572850295482108;3.52;0.41;0.697986577181208;5;Medium;False;True
6.1;0.45;0.27;0.8;0.039;13.0;82.0;0.9554563129222892;3.23;0.32;0.6375838926174496;5;Medium;False;True
7.4;0.23;0.43;1.4;0.044;22.0;113.0;0.9565150436004543;3.22;0.62;0.7114093959731543;6;Medium;False;True
7.2;0.2;0.38;1.0;0.037;21.0;74.0;0.9545900787310632;3.21;0.37;0.7382550335570469;5;Medium;False;True
7.7;0.25;0.43;4.5;0.062;20.0;115.0;0.9592099944176019;3.38;0.5;0.6644295302013423;6;Medium;False;True
8.2;0.61;0.45;5.4;0.03;15.0;118.0;0.9580550154959672;3.14;0.34;0.6442953020134228;5;Medium;False;True
7.6;0.21;0.44;1.9;0.036;10.0;119.0;0.9541088375137153;3.01;0.7;0.8590604026845637;6;Medium;False;True
7.4;0.22;0.33;2.0;0.045;31.0;101.0;0.9558413058961673;3.42;0.55;0.7651006711409396;5;Medium;False;True
7.2;0.26;0.26;12.7;0.036;49.0;214.0;0.961134959286993;3.41;0.5;0.6711409395973155;6;Medium;False;True
6.4;0.25;0.41;8.6;0.042;57.0;173.0;0.9591137461741324;3.0;0.44;0.610738255033557;5;Medium;False;True
6.3;0.32;0.35;11.1;0.039;29.0;198.0;0.9609424628000538;3.36;0.5;0.6308724832214765;7;High;False;True
6.8;0.25;0.29;2.0;0.042;19.0;189.0;0.9578625190090281;3.46;0.54;0.6845637583892616;6;Medium;False;True
9.8;0.44;0.4;2.8;0.036;35.0;167.0;0.9582475119829064;2.97;0.39;0.6174496644295301;5;Medium;False;True
7.2;0.2;0.25;4.5;0.044;31.0;109.0;0.9575737742786194;3.23;0.36;0.6308724832214765;5;Medium;False;True
7.5;0.42;0.45;9.1;0.029;20.0;125.0;0.9586325049567845;3.12;0.36;0.6778523489932885;6;Medium;False;True
6.4;0.26;0.3;2.2;0.025;33.0;134.0;0.9547825752180022;3.21;0.47;0.7114093959731543;6;Medium;False;True
7.9;0.46;0.32;4.1;0.033;40.0;138.0;0.9540125892702458;3.18;0.44;0.8590604026845637;7;High;False;True
6.5;0.41;0.64;11.8;0.065;65.0;225.0;0.9603649733392365;3.12;0.51;0.5973154362416108;5;Medium;False;True
7.5;0.32;0.37;1.2;0.048;22.0;184.0;0.9565150436004543;3.09;0.43;0.6241610738255033;5;Medium;False;True
6.6;0.21;0.38;2.2;0.026;40.0;104.0;0.9542050857571849;3.25;0.4;0.7449664429530201;8;High;False;True
7.1;0.21;0.3;1.4;0.037;45.0;143.0;0.9559375541396369;3.13;0.33;0.6644295302013423;6;Medium;False;True
7.6;0.26;0.47;1.6;0.068;5.0;55.0;0.9570925330612716;3.1;0.45;0.6442953020134228;5;Medium;False;True
6.9;0.25;0.26;5.2;0.024;36.0;135.0;0.9574775260351499;3.16;0.72;0.7181208053691275;7;High;False;True
7.1;0.26;0.32;14.45;0.074;29.0;107.0;0.9605574698261756;2.96;0.42;0.6174496644295301;6;Medium;False;True
7.3;0.22;0.4;14.75;0.042;44.5;129.5;0.9622899382086277;3.36;0.41;0.610738255033557;7;High;False;True
6.2;0.37;0.22;8.3;0.025;36.0;216.0;0.9590174979306627;3.33;0.6;0.6442953020134228;6;Medium;False;True
7.9;0.22;0.45;14.2;0.038;53.0;141.0;0.9617124487478104;3.03;0.46;0.6174496644295301;6;Medium;False;True
7.4;0.25;0.37;6.9;0.02;14.0;93.0;0.9566112918439238;3.0;0.48;0.7181208053691275;7;High;False;True
6.8;0.18;0.37;1.5;0.027;37.0;93.0;0.9547825752180022;3.3;0.45;0.7248322147651007;6;Medium;False;True
7.0;0.17;0.37;1.5;0.028;26.0;75.0;0.9549750717049413;3.3;0.46;0.7248322147651007;7;High;False;True
6.4;0.3;0.38;7.8;0.046;35.0;192.0;0.9581512637394368;3.1;0.37;0.6040268456375839;5;Medium;False;True
5.0;0.33;0.16;1.5;0.049;10.0;97.0;0.9544938304875936;3.48;0.44;0.7181208053691275;6;Medium;False;True
8.9;0.33;0.32;1.5;0.047;11.0;200.0;0.9580550154959672;3.19;0.46;0.6308724832214765;5;Medium;False;True
7.0;0.26;0.46;15.55;0.037;61.0;171.0;0.961134959286993;2.94;0.35;0.5906040268456376;6;Medium;False;True
6.3;0.21;0.4;1.7;0.031;48.0;134.0;0.9544938304875936;3.42;0.49;0.7718120805369127;6;Medium;False;True
8.0;0.23;0.46;1.5;0.03;30.0;125.0;0.9535313480528981;3.23;0.47;0.8389261744966443;6;Medium;False;True
9.2;0.28;0.41;1.0;0.042;14.0;59.0;0.9549750717049413;2.96;0.25;0.7046979865771812;6;Medium;False;True
7.3;0.27;0.39;6.7;0.064;28.0;188.0;0.9584400084698455;3.29;0.3;0.6510067114093959;5;Medium;False;True
7.6;0.32;0.36;1.6;0.04;32.0;155.0;0.9557450576526978;3.23;0.52;0.7583892617449665;6;Medium;False;True
9.7;0.24;0.45;1.2;0.033;11.0;59.0;0.9553600646788196;2.74;0.47;0.7248322147651007;6;Medium;False;True
8.0;0.28;0.42;7.1;0.045;41.0;169.0;0.958536256713315;3.17;0.43;0.7114093959731543;5;Medium;False;True
8.2;0.37;0.36;1.0;0.034;17.0;93.0;0.9534350998094285;3.04;0.32;0.785234899328859;8;High;False;True
8.0;0.61;0.38;12.1;0.301;24.0;220.0;0.9618086969912799;2.94;0.48;0.6174496644295301;5;Medium;False;True
7.2;0.26;0.44;7.1;0.027;25.0;126.0;0.9557450576526978;3.02;0.34;0.7449664429530201;8;High;False;True
6.4;0.23;0.33;1.15;0.044;15.5;217.5;0.9547825752180022;3.33;0.44;0.7382550335570469;6;Medium;False;True
5.9;0.4;0.32;6.0;0.034;50.0;127.0;0.9547825752180022;3.51;0.58;0.8389261744966443;7;High;False;True
7.6;0.28;0.39;1.2;0.038;21.0;115.0;0.9567075400873933;3.16;0.67;0.6711409395973155;6;Medium;False;True
7.2;0.23;0.39;2.3;0.033;29.0;102.0;0.9536275962963676;3.26;0.54;0.825503355704698;7;High;False;True
6.8;0.32;0.37;3.4;0.023;19.0;87.0;0.9530501068355502;3.14;0.53;0.8523489932885905;6;Medium;False;True
6.9;0.18;0.38;6.5;0.039;20.0;110.0;0.9569962848178021;3.1;0.42;0.7046979865771812;5;Medium;False;True
9.4;0.26;0.53;1.2;0.047;25.0;109.0;0.9548788234614718;3.23;0.28;0.8389261744966443;6;Medium;False;True
8.3;0.33;0.42;1.15;0.033;18.0;96.0;0.9539163410267762;3.2;0.32;0.8322147651006712;3;Low;False;True
7.3;0.29;0.3;13.0;0.043;46.0;238.0;0.961134959286993;3.06;0.41;0.5838926174496644;6;Medium;False;True
7.9;0.41;0.37;4.5;0.03;40.0;114.0;0.9547825752180022;3.17;0.54;0.8322147651006712;7;High;False;True
7.9;0.44;0.37;5.85;0.033;27.0;93.0;0.9547825752180022;3.16;0.54;0.8456375838926175;7;High;False;True
7.7;0.39;0.3;5.2;0.037;29.0;131.0;0.9569962848178021;3.38;0.44;0.7382550335570469;6;Medium;False;True
7.7;0.26;0.31;1.3;0.043;47.0;155.0;0.9564187953569847;3.42;0.5;0.6778523489932885;6;Medium;False;True
7.8;0.32;0.31;1.7;0.036;46.0;195.0;0.9557450576526978;3.03;0.48;0.7046979865771812;5;Medium;False;True
7.3;0.24;0.39;3.6;0.024;35.0;116.0;0.9555525611657587;3.17;0.51;0.7315436241610739;5;Medium;False;True
7.1;0.44;0.37;2.7;0.041;35.0;128.0;0.9524726173747329;3.07;0.43;0.9060402684563759;7;High;False;True
10.3;0.25;0.48;2.2;0.042;28.0;164.0;0.9605574698261756;3.19;0.59;0.6510067114093959;5;Medium;False;True
7.9;0.14;0.28;1.8;0.041;44.0;178.0;0.9580550154959672;3.45;0.43;0.6174496644295301;6;Medium;False;True
7.4;0.18;0.42;2.1;0.036;33.0;187.0;0.9565150436004543;3.4;0.41;0.7114093959731543;7;High;False;True
8.1;0.43;0.42;6.6;0.033;36.0;141.0;0.9545900787310632;2.98;0.39;0.8926174496644296;7;High;False;True
6.4;0.26;0.22;5.1;0.037;23.0;131.0;0.9570925330612716;3.29;0.32;0.6778523489932885;5;Medium;False;True
8.0;0.66;0.72;17.55;0.042;62.0;233.0;0.9623861864520973;2.92;0.68;0.6308724832214765;4;Low;False;True
8.0;0.2;0.4;5.2;0.055;41.0;167.0;0.9579587672524976;3.18;0.4;0.7114093959731543;7;High;False;True
7.2;0.21;0.34;1.1;0.046;25.0;80.0;0.9547825752180022;3.25;0.4;0.7583892617449665;6;Medium;False;True
7.2;0.18;0.31;1.1;0.045;20.0;73.0;0.9552638164353501;3.32;0.4;0.7248322147651007;7;High;False;True
8.4;0.57;0.44;10.7;0.051;46.0;195.0;0.9606537180696452;3.15;0.51;0.697986577181208;5;Medium;False;True
5.3;0.26;0.23;5.15;0.034;48.0;160.0;0.9578625190090281;3.82;0.51;0.7046979865771812;7;High;False;True
5.7;0.245;0.33;1.1;0.049;28.0;150.0;0.9554563129222892;3.13;0.42;0.6241610738255033;5;Medium;False;True
5.6;0.245;0.32;1.1;0.047;24.0;152.0;0.9554563129222892;3.12;0.42;0.6241610738255033;6;Medium;False;True
7.3;0.25;0.41;1.8;0.037;52.0;165.0;0.9539163410267762;3.29;0.39;0.8187919463087248;7;High;False;True
7.0;0.16;0.73;1.0;0.138;58.0;150.0;0.9563225471135152;3.08;0.3;0.6174496644295301;5;Medium;False;True
6.4;0.22;0.34;1.8;0.057;29.0;104.0;0.958536256713315;3.81;0.57;0.6912751677852349;6;Medium;False;True
7.3;0.18;0.65;1.4;0.046;28.0;157.0;0.9572850295482108;3.33;0.62;0.6308724832214765;6;Medium;False;True
6.4;0.17;0.27;6.7;0.036;88.0;223.0;0.9574775260351499;3.28;0.35;0.6845637583892616;6;Medium;False;True
6.9;0.29;0.16;6.8;0.034;65.0;212.0;0.9581512637394368;3.08;0.39;0.6040268456375839;6;Medium;False;True
6.2;0.21;0.38;6.8;0.036;64.0;245.0;0.9577662707655585;3.06;0.36;0.6241610738255033;6;Medium;False;True
6.4;0.23;0.3;7.1;0.037;63.0;236.0;0.9578625190090281;3.06;0.34;0.6174496644295301;6;Medium;False;True
7.3;0.19;0.68;1.5;0.05;31.0;156.0;0.9572850295482108;3.32;0.64;0.6308724832214765;6;Medium;False;True
9.6;0.29;0.46;1.45;0.039;77.5;223.0;0.9570925330612716;2.92;0.46;0.6375838926174496;6;Medium;False;True
7.2;0.14;0.35;1.2;0.036;15.0;73.0;0.9565150436004543;3.46;0.39;0.6644295302013423;5;Medium;False;True
6.9;0.31;0.34;7.4;0.059;36.0;174.0;0.9589212496871932;3.46;0.62;0.7449664429530201;7;High;False;True
7.5;0.28;0.34;4.2;0.028;36.0;116.0;0.9538200927833067;2.99;0.41;0.825503355704698;8;High;False;True
8.0;0.22;0.42;14.6;0.044;45.0;163.0;0.9627711794259755;3.21;0.69;0.5771812080536912;7;High;False;True
7.6;0.31;0.29;10.5;0.04;21.0;145.0;0.9592099944176019;3.04;0.35;0.6308724832214765;5;Medium;False;True
8.4;0.35;0.56;13.8;0.048;55.0;190.0;0.9618086969912799;3.07;0.58;0.6308724832214765;6;Medium;False;True
8.1;0.5;0.47;1.1;0.037;23.0;126.0;0.9565150436004543;3.21;0.42;0.7315436241610739;5;Medium;False;True
7.0;0.39;0.31;5.3;0.169;32.0;162.0;0.9591137461741324;3.2;0.48;0.6308724832214765;5;Medium;False;True
6.2;0.22;0.27;1.5;0.064;20.0;132.0;0.9565150436004543;3.22;0.46;0.6174496644295301;6;Medium;False;True
7.0;0.24;0.36;4.9;0.083;10.0;133.0;0.9569000365743324;3.33;0.37;0.7248322147651007;6;Medium;False;True
6.6;0.27;0.3;1.9;0.025;14.0;153.0;0.9555525611657587;3.29;0.62;0.7046979865771812;6;Medium;False;True
7.8;0.16;0.41;1.7;0.026;29.0;140.0;0.9538200927833067;3.02;0.78;0.8389261744966443;6;Medium;False;True
7.7;0.27;0.34;1.8;0.028;26.0;168.0;0.9539163410267762;2.99;0.48;0.8120805369127516;7;High;False;True
7.4;0.31;0.74;10.7;0.039;51.0;147.0;0.960268725095767;3.02;0.43;0.5838926174496644;5;Medium;False;True
8.0;0.45;0.36;8.8;0.026;50.0;151.0;0.9554563129222892;3.07;0.25;0.8523489932885905;8;High;False;True
6.6;0.16;0.29;1.8;0.05;40.0;147.0;0.9540125892702458;3.06;0.44;0.7651006711409396;7;High;False;True
8.3;0.21;0.4;1.6;0.032;35.0;110.0;0.9535313480528981;3.02;0.6;0.8657718120805369;7;High;False;True
7.2;0.32;0.33;1.4;0.029;29.0;109.0;0.9530501068355502;3.15;0.51;0.8590604026845637;7;High;False;True
6.6;0.16;0.3;1.6;0.034;15.0;78.0;0.9547825752180022;3.38;0.44;0.7516778523489932;6;Medium;False;True
8.4;0.16;0.33;1.5;0.033;16.0;98.0;0.9567075400873933;3.14;0.42;0.6510067114093959;6;Medium;False;True
7.5;0.23;0.32;9.2;0.038;54.0;191.0;0.9592099944176019;3.04;0.56;0.6510067114093959;6;Medium;False;True
6.2;0.17;0.3;1.1;0.037;14.0;79.0;0.9557450576526978;3.5;0.54;0.6912751677852349;6;Medium;False;True
6.9;0.39;0.22;4.3;0.03;10.0;102.0;0.9557450576526978;3.0;0.87;0.7785234899328859;4;Low;False;True
6.9;0.41;0.22;4.2;0.031;10.0;102.0;0.9557450576526978;3.0;0.86;0.7785234899328859;4;Low;False;True
7.5;0.38;0.33;5.0;0.045;30.0;131.0;0.9569000365743324;3.32;0.44;0.7315436241610739;6;Medium;False;True
7.3;0.42;0.38;6.8;0.045;29.0;122.0;0.9552638164353501;3.19;0.37;0.8456375838926175;7;High;False;True
7.3;0.34;0.39;5.2;0.04;45.0;163.0;0.9552638164353501;3.3;0.47;0.8322147651006712;6;Medium;False;True
7.8;0.23;0.28;4.75;0.042;45.0;166.0;0.9555525611657587;2.96;0.4;0.7718120805369127;5;Medium;False;True
9.0;0.245;0.38;5.9;0.045;52.0;159.0;0.957670022522089;2.93;0.35;0.6845637583892616;6;Medium;False;True
6.9;0.2;0.4;7.7;0.032;51.0;176.0;0.9566112918439238;3.22;0.27;0.7651006711409396;5;Medium;False;True
7.4;0.19;0.42;6.4;0.067;39.0;212.0;0.9584400084698455;3.3;0.33;0.6442953020134228;6;Medium;False;True
8.2;0.2;0.36;8.1;0.035;60.0;163.0;0.9578625190090281;3.05;0.3;0.6912751677852349;6;Medium;False;True
8.0;0.59;0.71;17.35;0.038;61.0;228.0;0.9624824346955668;2.95;0.75;0.6241610738255033;5;Medium;False;True
7.9;0.14;0.45;1.8;0.05;17.0;114.0;0.9574775260351499;3.33;0.49;0.7181208053691275;7;High;False;True
6.8;0.24;0.4;1.8;0.047;34.0;105.0;0.9528576103486112;3.13;0.49;0.8590604026845637;8;High;False;True
9.7;0.14;0.59;1.5;0.049;23.0;142.0;0.9584400084698455;2.98;0.62;0.6375838926174496;5;Medium;False;True
9.2;0.15;0.68;1.6;0.046;22.0;130.0;0.9574775260351499;3.02;0.45;0.697986577181208;6;Medium;False;True
9.4;0.17;0.55;1.6;0.049;14.0;94.0;0.9575737742786194;3.02;0.61;0.6912751677852349;6;Medium;False;True
5.2;0.365;0.08;13.5;0.041;37.0;142.0;0.9595949873914801;3.46;0.39;0.6644295302013423;6;Medium;False;True
6.3;0.23;0.22;3.75;0.039;37.0;116.0;0.9554563129222892;3.23;0.5;0.7181208053691275;6;Medium;False;True
9.6;0.25;0.54;1.3;0.04;16.0;160.0;0.9565150436004543;2.94;0.43;0.7046979865771812;5;Medium;False;True
9.2;0.32;0.42;1.3;0.046;14.0;186.0;0.9575737742786194;3.08;0.48;0.6442953020134228;5;Medium;False;True
6.4;0.31;0.4;6.2;0.04;46.0;169.0;0.9579587672524976;3.15;0.46;0.6241610738255033;6;Medium;False;True
8.1;0.2;0.36;9.7;0.044;63.0;162.0;0.9595949873914801;3.1;0.46;0.6711409395973155;6;Medium;False;True
7.9;0.255;0.26;2.0;0.026;40.0;190.0;0.9559375541396369;3.04;0.39;0.7516778523489932;6;Medium;False;True
7.0;0.15;0.34;1.4;0.039;21.0;177.0;0.9554563129222892;3.32;0.62;0.7248322147651007;5;Medium;False;True
6.4;0.15;0.31;1.1;0.044;25.0;96.0;0.9559375541396369;3.54;0.51;0.6912751677852349;6;Medium;False;True
6.4;0.25;0.53;6.6;0.038;59.0;234.0;0.9581512637394368;3.03;0.42;0.5906040268456376;5;Medium;False;True
7.6;0.19;0.42;1.5;0.044;6.0;114.0;0.9542050857571849;3.04;0.74;0.8590604026845637;6;Medium;False;True
7.3;0.43;0.37;4.6;0.028;17.0;114.0;0.9538200927833067;3.23;0.43;0.8859060402684563;6;Medium;False;True
5.1;0.31;0.3;0.9;0.037;28.0;152.0;0.9547825752180022;3.54;0.56;0.6778523489932885;6;Medium;False;True
6.2;0.2;0.26;1.7;0.093;40.0;161.0;0.9551675681918804;3.44;0.66;0.7382550335570469;5;Medium;False;True
6.9;0.16;0.35;1.3;0.043;21.0;182.0;0.9554563129222892;3.25;0.62;0.7248322147651007;6;Medium;False;True
7.7;0.32;0.48;2.3;0.04;28.0;114.0;0.9539163410267762;3.2;0.52;0.8590604026845637;7;High;False;True
6.5;0.22;0.72;6.8;0.042;33.0;168.0;0.9584400084698455;3.12;0.36;0.6174496644295301;6;Medium;False;True
6.8;0.26;0.33;1.5;0.047;44.0;167.0;0.9555525611657587;3.12;0.44;0.7046979865771812;6;Medium;False;True
5.2;0.37;0.33;1.2;0.028;13.0;81.0;0.9530501068355502;3.37;0.38;0.785234899328859;6;Medium;False;True
8.4;0.19;0.43;2.1;0.052;20.0;104.0;0.9567075400873933;2.85;0.46;0.6375838926174496;5;Medium;False;True
8.3;0.21;0.41;2.2;0.05;24.0;108.0;0.9567075400873933;2.85;0.45;0.6375838926174496;5;Medium;False;True
6.8;0.15;0.32;8.8;0.058;24.0;110.0;0.9597874838784192;3.4;0.4;0.5906040268456376;6;Medium;False;True
7.9;0.16;0.64;17.0;0.05;69.0;210.0;0.962867427669445;3.15;0.51;0.6241610738255033;7;High;False;True
7.8;0.21;0.39;1.8;0.034;62.0;180.0;0.9538200927833067;3.09;0.75;0.8456375838926175;8;High;False;True
9.0;0.24;0.5;1.2;0.048;26.0;107.0;0.9545900787310632;3.21;0.34;0.8322147651006712;6;Medium;False;True
5.7;0.21;0.24;2.3;0.047;60.0;189.0;0.957670022522089;3.65;0.72;0.6778523489932885;6;Medium;False;True
7.8;0.29;0.36;7.0;0.042;38.0;161.0;0.9568037883308629;3.26;0.37;0.7516778523489932;8;High;False;True
6.7;0.18;0.3;6.4;0.048;40.0;251.0;0.9582475119829064;3.29;0.52;0.6711409395973155;5;Medium;False;True
8.4;0.58;0.27;12.15;0.033;37.0;116.0;0.958536256713315;2.99;0.39;0.7248322147651007;6;Medium;False;True
7.2;0.16;0.32;0.8;0.04;50.0;121.0;0.9549750717049413;3.27;0.33;0.6711409395973155;6;Medium;False;True
7.6;0.54;0.23;2.0;0.029;13.0;151.0;0.9558413058961673;3.04;0.33;0.697986577181208;5;Medium;False;True
6.6;0.25;0.31;12.4;0.059;52.0;181.0;0.9609424628000538;3.51;0.47;0.6577181208053692;6;Medium;False;True
7.3;0.23;0.37;1.9;0.041;51.0;165.0;0.9536275962963676;3.26;0.4;0.8187919463087248;8;High;False;True
7.3;0.39;0.37;1.1;0.043;36.0;113.0;0.9538200927833067;3.39;0.48;0.8523489932885905;8;High;False;True
7.0;0.46;0.39;6.2;0.039;46.0;163.0;0.9555525611657587;3.21;0.35;0.8187919463087248;7;High;False;True
8.2;0.35;0.4;6.3;0.039;35.0;162.0;0.9563225471135152;3.15;0.34;0.7986577181208053;7;High;False;True
9.2;0.35;0.39;0.9;0.042;15.0;61.0;0.9551675681918804;2.96;0.28;0.697986577181208;4;Low;False;True
8.0;0.57;0.39;3.9;0.034;22.0;122.0;0.9544938304875936;3.29;0.67;0.8590604026845637;7;High;False;True
6.5;0.37;0.33;3.9;0.027;40.0;130.0;0.9534350998094285;3.28;0.39;0.8523489932885905;7;High;False;True
7.8;0.13;0.3;1.8;0.04;43.0;179.0;0.9581512637394368;3.43;0.41;0.6040268456375839;5;Medium;False;True
7.6;0.19;0.41;1.1;0.04;38.0;143.0;0.9535313480528981;2.92;0.42;0.7651006711409396;5;Medium;False;True
7.3;0.22;0.41;15.4;0.05;55.0;191.0;0.9624824346955668;3.32;0.59;0.5973154362416108;6;Medium;False;True
6.3;0.29;0.4;6.5;0.039;43.0;167.0;0.9579587672524976;3.15;0.44;0.6241610738255033;6;Medium;False;True
6.8;0.35;0.32;2.4;0.048;35.0;103.0;0.9539163410267762;3.28;0.46;0.8053691275167785;8;High;False;True
6.5;0.19;0.32;1.4;0.04;31.0;132.0;0.9549750717049413;3.36;0.54;0.7248322147651007;7;High;False;True
6.2;0.12;0.26;5.7;0.044;56.0;158.0;0.9577662707655585;3.52;0.37;0.7046979865771812;6;Medium;False;True
6.0;0.13;0.28;5.7;0.038;56.0;189.5;0.9574775260351499;3.59;0.43;0.7114093959731543;7;High;False;True
6.4;0.25;0.33;1.4;0.04;42.0;115.0;0.9534350998094285;3.19;0.48;0.7583892617449665;7;High;False;True
6.9;0.32;0.16;1.4;0.051;15.0;96.0;0.9567075400873933;3.22;0.38;0.6375838926174496;4;Low;False;True
6.7;0.13;0.28;1.2;0.046;35.0;140.0;0.9554563129222892;3.33;0.33;0.6778523489932885;7;High;False;True
7.0;0.14;0.41;0.9;0.037;22.0;95.0;0.9542050857571849;3.25;0.43;0.7315436241610739;6;Medium;False;True
7.6;0.27;0.24;3.8;0.058;19.0;115.0;0.9584400084698455;3.15;0.45;0.5973154362416108;5;Medium;False;True
7.4;0.64;0.47;14.15;0.168;42.0;185.0;0.9609424628000538;2.9;0.49;0.6241610738255033;5;Medium;False;True
7.6;0.28;0.39;1.9;0.052;23.0;116.0;0.9568037883308629;3.25;0.4;0.697986577181208;6;Medium;False;True
8.3;0.26;0.41;9.2;0.042;41.0;162.0;0.9570925330612716;3.1;0.38;0.8053691275167785;7;High;False;True
10.7;0.22;0.56;8.2;0.044;37.0;181.0;0.9605574698261756;2.87;0.68;0.6375838926174496;6;Medium;False;True
6.9;0.23;0.34;2.7;0.032;24.0;121.0;0.9530501068355502;3.14;0.38;0.8322147651006712;7;High;False;True
6.2;0.3;0.32;1.7;0.032;30.0;130.0;0.9539163410267762;3.28;0.41;0.7516778523489932;7;High;False;True
6.9;0.27;0.41;1.7;0.047;6.0;134.0;0.9556488094092283;3.15;0.69;0.7651006711409396;6;Medium;False;True
6.9;0.28;0.41;1.7;0.05;10.0;136.0;0.9557450576526978;3.16;0.71;0.7651006711409396;6;Medium;False;True
6.9;0.28;0.3;1.6;0.047;46.0;132.0;0.9545900787310632;3.35;0.38;0.7449664429530201;7;High;False;True
6.9;0.46;0.2;0.9;0.054;5.0;126.0;0.9547825752180022;3.1;0.42;0.697986577181208;6;Medium;False;True
6.9;0.38;0.32;8.5;0.044;36.0;152.0;0.9559375541396369;3.38;0.35;0.8053691275167785;7;High;False;True
5.7;0.43;0.3;5.7;0.039;24.0;98.0;0.9547825752180022;3.54;0.61;0.825503355704698;7;High;False;True
6.6;0.56;0.16;3.1;0.045;28.0;92.0;0.9567075400873933;3.12;0.35;0.610738255033557;6;Medium;False;True
7.1;0.36;0.56;1.3;0.046;25.0;102.0;0.9550713199484109;3.24;0.33;0.7046979865771812;6;Medium;False;True
6.8;0.23;0.4;1.6;0.047;5.0;133.0;0.9557450576526978;3.23;0.7;0.7651006711409396;6;Medium;False;True
6.2;0.33;0.29;1.3;0.042;26.0;138.0;0.9582475119829064;3.77;0.64;0.6375838926174496;5;Medium;False;True
5.6;0.49;0.13;4.5;0.039;17.0;116.0;0.9535313480528981;3.42;0.9;0.919463087248322;7;High;False;True
6.6;0.42;0.33;2.8;0.034;15.0;85.0;0.9528576103486112;3.28;0.51;0.8993288590604027;6;Medium;False;True
7.3;0.18;0.29;1.2;0.044;12.0;143.0;0.9545900787310632;3.2;0.48;0.7583892617449665;7;High;False;True
8.1;0.19;0.4;0.9;0.037;73.0;180.0;0.9553600646788196;3.06;0.34;0.6711409395973155;6;Medium;False;True
5.9;0.19;0.26;7.4;0.034;33.0;123.0;0.957670022522089;3.49;0.42;0.6778523489932885;6;Medium;False;True
6.2;0.16;0.47;1.4;0.029;23.0;81.0;0.9528576103486112;3.26;0.42;0.8187919463087248;6;Medium;False;True
5.7;0.135;0.3;4.6;0.042;19.0;101.0;0.9572850295482108;3.31;0.42;0.6241610738255033;6;Medium;False;True
6.9;0.19;0.33;1.6;0.039;27.0;98.0;0.9526651138616721;3.09;0.46;0.825503355704698;7;High;False;True
7.3;0.25;0.36;13.1;0.05;35.0;200.0;0.961134959286993;3.04;0.46;0.5973154362416108;7;High;False;True
7.0;0.2;0.34;5.7;0.035;32.0;83.0;0.9555525611657587;3.19;0.46;0.7718120805369127;6;Medium;False;True
6.3;0.67;0.48;12.6;0.052;57.0;222.0;0.9604612215827061;3.17;0.52;0.6241610738255033;6;Medium;False;True
7.4;0.4;0.29;5.4;0.044;31.0;122.0;0.9567075400873933;3.3;0.5;0.7449664429530201;8;High;False;True
7.1;0.26;0.31;2.2;0.044;29.0;128.0;0.9564187953569847;3.34;0.64;0.7315436241610739;8;High;False;True
9.0;0.31;0.48;6.6;0.043;11.0;73.0;0.9565150436004543;2.9;0.38;0.7785234899328859;5;Medium;False;True
6.3;0.39;0.24;6.9;0.069;9.0;117.0;0.9569000365743324;3.15;0.35;0.6845637583892616;4;Low;False;True
8.2;0.22;0.36;6.8;0.034;12.0;90.0;0.9570925330612716;3.01;0.38;0.7046979865771812;8;High;False;True
7.1;0.19;0.28;3.6;0.033;16.0;78.0;0.9557450576526978;2.91;0.78;0.7651006711409396;6;Medium;False;True
7.9;0.2;0.34;1.2;0.04;29.0;118.0;0.9559375541396369;3.14;0.41;0.7114093959731543;6;Medium;False;True
7.1;0.26;0.32;5.9;0.037;39.0;97.0;0.956130050626576;3.31;0.4;0.7785234899328859;6;Medium;False;True
6.9;0.3;0.33;4.1;0.035;26.0;155.0;0.9552638164353501;3.25;0.79;0.825503355704698;8;High;False;True
8.1;0.29;0.49;7.1;0.042;22.0;124.0;0.9570925330612716;3.14;0.41;0.7248322147651007;6;Medium;False;True
5.8;0.17;0.3;1.4;0.037;55.0;130.0;0.9537238445398372;3.29;0.38;0.7583892617449665;6;Medium;False;True
5.9;0.415;0.02;0.8;0.038;22.0;63.0;0.9559375541396369;3.36;0.36;0.6241610738255033;5;Medium;False;True
6.6;0.23;0.26;1.3;0.045;16.0;128.0;0.956130050626576;3.36;0.6;0.6711409395973155;6;Medium;False;True
8.6;0.55;0.35;15.55;0.057;35.5;366.5;0.9625786829390364;3.04;0.63;0.7382550335570469;3;Low;False;True
6.9;0.35;0.74;1.0;0.044;18.0;132.0;0.9547825752180022;3.13;0.55;0.6845637583892616;5;Medium;False;True
7.6;0.14;0.74;1.6;0.04;27.0;103.0;0.9543975822441241;3.07;0.4;0.7248322147651007;7;High;False;True
9.2;0.28;0.49;11.8;0.042;29.0;137.0;0.9605574698261756;3.1;0.34;0.6778523489932885;4;Low;False;True
6.2;0.18;0.49;4.5;0.047;17.0;90.0;0.9546863269745327;3.27;0.37;0.7785234899328859;6;Medium;False;True
5.3;0.165;0.24;1.1;0.051;25.0;105.0;0.9552638164353501;3.32;0.47;0.610738255033557;5;Medium;False;True
9.8;0.25;0.74;10.0;0.056;36.0;225.0;0.960268725095767;3.06;0.43;0.6711409395973155;4;Low;False;True
6.8;0.22;0.49;0.9;0.052;26.0;128.0;0.9538200927833067;3.25;0.35;0.7651006711409396;6;Medium;False;True
7.2;0.22;0.49;1.0;0.045;34.0;140.0;0.9528576103486112;3.05;0.34;0.8523489932885905;6;Medium;False;True
7.4;0.25;0.49;1.1;0.042;35.0;156.0;0.9544938304875936;3.13;0.55;0.7583892617449665;5;Medium;False;True
8.2;0.18;0.49;1.1;0.033;28.0;81.0;0.9550713199484109;3.0;0.68;0.697986577181208;7;High;False;True
6.1;0.22;0.49;1.5;0.051;18.0;87.0;0.9555525611657587;3.3;0.46;0.6442953020134228;5;Medium;False;True
7.0;0.39;0.24;1.0;0.048;8.0;119.0;0.9550713199484109;3.0;0.31;0.6778523489932885;4;Low;False;True
6.5;0.36;0.49;2.9;0.03;16.0;94.0;0.9530501068355502;3.1;0.49;0.8120805369127516;7;High;False;True
7.1;0.29;0.49;1.2;0.031;32.0;99.0;0.9521838726443241;3.07;0.33;0.8187919463087248;6;Medium;False;True
6.9;0.23;0.24;14.2;0.053;19.0;94.0;0.9607499663131147;3.17;0.5;0.6442953020134228;5;Medium;False;True
8.5;0.56;0.74;17.85;0.051;51.0;243.0;0.9629636759129145;2.99;0.7;0.6174496644295301;5;Medium;False;True
6.3;0.23;0.49;7.1;0.05;67.0;210.0;0.9577662707655585;3.23;0.34;0.6375838926174496;5;Medium;False;True
6.1;0.25;0.49;7.6;0.052;67.0;226.0;0.9582475119829064;3.16;0.47;0.5973154362416108;5;Medium;False;True
7.2;0.26;0.74;13.6;0.05;56.0;162.0;0.9605574698261756;3.03;0.44;0.5906040268456376;5;Medium;False;True
7.2;0.31;0.24;1.4;0.057;17.0;117.0;0.9555525611657587;3.16;0.35;0.7046979865771812;5;Medium;False;True
8.0;0.25;0.49;1.2;0.061;27.0;117.0;0.9565150436004543;3.08;0.34;0.6308724832214765;5;Medium;False;True
7.0;0.18;0.49;5.3;0.04;34.0;125.0;0.9542050857571849;3.24;0.4;0.8187919463087248;6;Medium;False;True
7.8;0.43;0.49;13.0;0.033;37.0;158.0;0.9581512637394368;3.14;0.35;0.7583892617449665;6;Medium;False;True
8.3;0.2;0.74;4.45;0.044;33.0;130.0;0.9551675681918804;3.25;0.42;0.8187919463087248;6;Medium;False;True
6.3;0.27;0.49;1.2;0.063;35.0;92.0;0.9539163410267762;3.38;0.42;0.8187919463087248;6;Medium;False;True
7.4;0.16;0.49;1.2;0.055;18.0;150.0;0.9544938304875936;3.23;0.47;0.7516778523489932;6;Medium;False;True
6.9;0.19;0.49;6.6;0.036;49.0;172.0;0.9559375541396369;3.2;0.27;0.7718120805369127;6;Medium;False;True
7.2;0.4;0.49;1.1;0.048;11.0;138.0;0.9556488094092283;3.01;0.42;0.6241610738255033;5;Medium;False;True
7.6;0.52;0.49;14.0;0.034;37.0;156.0;0.9584400084698455;3.14;0.38;0.7919463087248323;7;High;False;True
8.3;0.21;0.49;19.8;0.054;50.0;231.0;0.9636374136172016;2.99;0.54;0.6174496644295301;5;Medium;False;True
6.9;0.34;0.74;11.2;0.069;44.0;150.0;0.959402490904541;3.0;0.81;0.6174496644295301;5;Medium;False;True
7.1;0.22;0.74;2.7;0.044;42.0;144.0;0.9538200927833067;3.31;0.41;0.8187919463087248;6;Medium;False;True
7.9;0.11;0.49;4.5;0.048;27.0;133.0;0.9572850295482108;3.24;0.42;0.7114093959731543;6;Medium;False;True
8.5;0.17;0.74;3.6;0.05;29.0;128.0;0.9555525611657587;3.28;0.4;0.8322147651006712;6;Medium;False;True
6.4;0.145;0.49;5.4;0.048;54.0;164.0;0.9572850295482108;3.56;0.44;0.7248322147651007;6;Medium;False;True
8.3;0.19;0.49;1.2;0.051;11.0;137.0;0.9545900787310632;3.06;0.46;0.7382550335570469;6;Medium;False;True
8.0;0.44;0.49;9.1;0.031;46.0;151.0;0.9553600646788196;3.16;0.27;0.8523489932885905;8;High;False;True
7.0;0.2;0.74;0.8;0.044;19.0;163.0;0.9558413058961673;3.46;0.53;0.6845637583892616;5;Medium;False;True
7.1;0.25;0.49;3.0;0.03;30.0;96.0;0.9531463550790198;3.13;0.39;0.825503355704698;7;High;False;True
6.5;0.24;0.24;1.6;0.046;15.0;60.0;0.9555525611657587;3.19;0.39;0.6577181208053692;5;Medium;False;True
7.8;0.21;0.49;1.35;0.052;6.0;48.0;0.9539163410267762;3.15;0.28;0.7651006711409396;5;Medium;False;True
7.0;0.2;0.49;5.9;0.038;39.0;128.0;0.9565150436004543;3.21;0.48;0.7248322147651007;6;Medium;False;True
6.9;0.25;0.24;3.6;0.057;13.0;85.0;0.9569000365743324;2.99;0.48;0.6375838926174496;4;Low;False;True
7.2;0.08;0.49;1.3;0.05;18.0;148.0;0.9571887813047413;3.46;0.44;0.6845637583892616;6;Medium;False;True
7.1;0.85;0.49;8.7;0.028;40.0;184.0;0.9588250014437236;3.22;0.36;0.7181208053691275;5;Medium;False;True
7.6;0.51;0.24;1.2;0.04;10.0;104.0;0.9547825752180022;3.05;0.29;0.7248322147651007;6;Medium;False;True
7.9;0.22;0.24;4.6;0.044;39.0;159.0;0.9554563129222892;2.99;0.28;0.7718120805369127;6;Medium;False;True
7.7;0.16;0.49;2.0;0.056;20.0;124.0;0.9574775260351499;3.32;0.49;0.7181208053691275;6;Medium;False;True
6.6;0.25;0.24;1.7;0.048;26.0;124.0;0.9569000365743324;3.37;0.6;0.6778523489932885;6;Medium;False;True
6.7;0.16;0.49;2.4;0.046;57.0;187.0;0.9578625190090281;3.62;0.81;0.697986577181208;6;Medium;False;True
7.5;0.32;0.24;4.6;0.053;8.0;134.0;0.9584400084698455;3.14;0.5;0.610738255033557;3;Low;False;True
7.4;0.28;0.49;1.5;0.034;20.0;126.0;0.9545900787310632;2.98;0.39;0.7114093959731543;6;Medium;False;True
6.2;0.15;0.49;0.9;0.033;17.0;51.0;0.9559375541396369;3.3;0.7;0.6308724832214765;6;Medium;False;True
6.7;0.25;0.74;19.4;0.054;44.0;169.0;0.962867427669445;3.51;0.45;0.6577181208053692;6;Medium;False;True
6.5;0.26;0.74;13.3;0.044;68.0;224.0;0.9597874838784192;3.18;0.54;0.6375838926174496;6;Medium;False;True
7.9;0.16;0.74;17.85;0.037;52.0;187.0;0.9622899382086277;2.99;0.41;0.6241610738255033;5;Medium;False;True
5.6;0.185;0.49;1.1;0.03;28.0;117.0;0.9545900787310632;3.55;0.45;0.6912751677852349;6;Medium;False;True
7.5;0.2;0.49;1.3;0.031;8.0;97.0;0.9545900787310632;3.06;0.62;0.7449664429530201;5;Medium;False;True
8.0;0.3;0.49;9.4;0.046;47.0;188.0;0.9590174979306627;3.14;0.48;0.6711409395973155;5;Medium;False;True
8.0;0.34;0.49;9.0;0.033;39.0;180.0;0.9563225471135152;3.13;0.38;0.825503355704698;8;High;False;True
7.7;0.35;0.49;8.65;0.033;42.0;186.0;0.9558413058961673;3.14;0.38;0.8322147651006712;8;High;False;True
7.6;0.29;0.49;9.6;0.03;45.0;197.0;0.9565150436004543;3.13;0.38;0.825503355704698;7;High;False;True
6.7;0.62;0.24;1.1;0.039;6.0;62.0;0.956130050626576;3.41;0.32;0.697986577181208;5;Medium;False;True
6.8;0.27;0.49;1.2;0.044;35.0;126.0;0.9528576103486112;3.13;0.48;0.8120805369127516;7;High;False;True
7.7;0.27;0.49;1.8;0.041;23.0;86.0;0.9542050857571849;3.16;0.42;0.8389261744966443;6;Medium;False;True
6.7;0.51;0.24;2.1;0.043;14.0;155.0;0.9532426033224893;3.22;0.6;0.87248322147651;6;Medium;False;True
7.4;0.19;0.49;9.3;0.03;26.0;132.0;0.9567075400873933;2.99;0.32;0.7382550335570469;7;High;False;True
8.3;0.2;0.49;1.7;0.04;34.0;169.0;0.9565150436004543;3.05;0.37;0.6778523489932885;5;Medium;False;True
6.6;0.3;0.24;1.2;0.034;17.0;121.0;0.9560338023831064;3.13;0.36;0.6174496644295301;5;Medium;False;True
6.8;0.36;0.24;4.6;0.039;24.0;124.0;0.9537238445398372;3.27;0.34;0.8456375838926175;7;High;False;True
7.0;0.17;0.74;12.8;0.045;24.0;126.0;0.9569000365743324;3.26;0.38;0.8187919463087248;8;High;False;True
9.2;0.18;0.49;1.5;0.041;39.0;130.0;0.9571887813047413;3.04;0.49;0.6577181208053692;7;High;False;True
8.1;0.2;0.49;8.1;0.051;51.0;205.0;0.9580550154959672;3.1;0.52;0.7382550335570469;6;Medium;False;True
7.8;0.26;0.74;7.5;0.044;59.0;160.0;0.9586325049567845;3.22;0.64;0.6711409395973155;6;Medium;False;True
6.8;0.21;0.49;14.5;0.06;50.0;170.0;0.9616162005043408;3.55;0.44;0.6577181208053692;6;Medium;False;True
7.9;0.2;0.49;1.6;0.053;15.0;144.0;0.9557450576526978;3.16;0.47;0.7046979865771812;5;Medium;False;True
8.0;0.18;0.49;1.8;0.061;10.0;145.0;0.9569000365743324;3.23;0.48;0.6711409395973155;5;Medium;False;True
8.8;0.23;0.74;3.2;0.042;15.0;126.0;0.956130050626576;3.02;0.51;0.7516778523489932;6;Medium;False;True
7.3;0.22;0.49;9.4;0.034;29.0;134.0;0.9566112918439238;2.99;0.32;0.7382550335570469;7;High;False;True
7.3;0.22;0.49;9.9;0.031;48.0;161.0;0.9564187953569847;3.01;0.28;0.7516778523489932;6;Medium;False;True
7.3;0.155;0.49;1.3;0.039;34.0;136.0;0.9553600646788196;3.14;0.77;0.7046979865771812;6;Medium;False;True
8.2;0.22;0.49;9.6;0.037;53.0;154.0;0.9577662707655585;3.02;0.33;0.7114093959731543;6;Medium;False;True
8.2;0.24;0.49;9.3;0.038;52.0;163.0;0.9578625190090281;3.02;0.33;0.7114093959731543;6;Medium;False;True
8.4;0.23;0.49;7.8;0.035;22.0;95.0;0.9562262988700456;3.04;0.34;0.8053691275167785;6;Medium;False;True
8.3;0.2;0.49;1.7;0.038;38.0;167.0;0.9566112918439238;3.05;0.37;0.6778523489932885;6;Medium;False;True
6.9;0.21;0.49;1.4;0.041;15.0;164.0;0.9554563129222892;3.25;0.63;0.7382550335570469;5;Medium;False;True
8.0;0.25;0.49;9.0;0.044;31.0;185.0;0.9605574698261756;3.34;0.49;0.6711409395973155;6;Medium;False;True
6.6;0.21;0.49;18.15;0.042;41.0;158.0;0.9621936899651582;3.28;0.39;0.5838926174496644;6;Medium;False;True
7.2;0.27;0.74;12.5;0.037;47.0;156.0;0.9606537180696452;3.04;0.44;0.5838926174496644;5;Medium;False;True
14.2;0.27;0.49;1.1;0.037;33.0;156.0;0.9547825752180022;3.15;0.54;0.7449664429530201;6;Medium;False;True
7.9;0.28;0.49;7.7;0.045;48.0;195.0;0.9580550154959672;3.04;0.55;0.7382550335570469;6;Medium;False;True
7.4;0.27;0.49;1.1;0.037;33.0;156.0;0.9547825752180022;3.15;0.54;0.7449664429530201;6;Medium;False;True
8.1;0.3;0.49;8.1;0.037;26.0;174.0;0.9569962848178021;3.1;0.3;0.7516778523489932;7;High;False;True
7.5;0.23;0.49;7.7;0.049;61.0;209.0;0.9568037883308629;3.14;0.3;0.7449664429530201;7;High;False;True
7.3;0.26;0.49;5.0;0.028;32.0;107.0;0.9563225471135152;3.24;0.54;0.7248322147651007;6;Medium;False;True
7.1;0.18;0.74;15.6;0.044;44.0;176.0;0.9620974417216887;3.38;0.67;0.6040268456375839;6;Medium;False;True
8.5;0.15;0.49;1.5;0.031;17.0;122.0;0.9559375541396369;3.03;0.4;0.6912751677852349;6;Medium;False;True
8.9;0.13;0.49;1.0;0.028;6.0;24.0;0.9553600646788196;2.91;0.32;0.6644295302013423;5;Medium;False;True
8.1;0.28;0.49;1.0;0.04;32.0;148.0;0.9563225471135152;3.13;0.41;0.6711409395973155;6;Medium;False;True
6.0;0.17;0.49;1.0;0.034;26.0;106.0;0.9547825752180022;3.21;0.42;0.6577181208053692;6;Medium;False;True
7.1;0.53;0.24;0.8;0.029;29.0;86.0;0.9557450576526978;3.16;0.32;0.610738255033557;4;Low;False;True
7.2;0.16;0.49;1.3;0.037;27.0;104.0;0.9551675681918804;3.23;0.57;0.7114093959731543;6;Medium;False;True
7.3;0.14;0.49;1.1;0.038;28.0;99.0;0.9555525611657587;3.2;0.72;0.7114093959731543;6;Medium;False;True
7.9;0.12;0.49;5.2;0.049;33.0;152.0;0.9578625190090281;3.18;0.47;0.7114093959731543;6;Medium;False;True
6.7;0.29;0.49;4.7;0.034;35.0;156.0;0.9571887813047413;3.13;0.45;0.6644295302013423;6;Medium;False;True
6.7;0.3;0.49;4.8;0.034;36.0;158.0;0.9571887813047413;3.12;0.45;0.6644295302013423;6;Medium;False;True
7.1;0.36;0.24;1.8;0.025;32.0;102.0;0.9531463550790198;3.34;0.59;0.8590604026845637;6;Medium;False;True
7.9;0.18;0.49;5.2;0.051;36.0;157.0;0.9579587672524976;3.18;0.48;0.7114093959731543;6;Medium;False;True
6.6;0.19;0.99;1.2;0.122;45.0;129.0;0.9563225471135152;3.09;0.31;0.5838926174496644;6;Medium;False;True
7.3;0.21;0.49;1.8;0.038;44.0;152.0;0.9540125892702458;3.32;0.44;0.8456375838926175;7;High;False;True
6.9;0.3;0.49;7.6;0.057;25.0;156.0;0.9588250014437236;3.43;0.63;0.7382550335570469;7;High;False;True
7.9;0.42;0.49;8.2;0.056;32.0;164.0;0.9591137461741324;3.29;0.6;0.7516778523489932;7;High;False;True
6.9;0.24;0.49;1.3;0.032;35.0;148.0;0.9559375541396369;3.45;0.57;0.7181208053691275;7;High;False;True
7.6;0.23;0.49;10.0;0.036;45.0;182.0;0.9593062426610715;3.08;0.58;0.6442953020134228;6;Medium;False;True
6.2;0.43;0.49;6.4;0.045;12.0;115.0;0.9589212496871932;3.27;0.57;0.6040268456375839;4;Low;False;True
8.8;0.35;0.49;1.0;0.036;14.0;56.0;0.9547825752180022;2.96;0.33;0.7046979865771812;4;Low;False;True
7.8;0.3;0.74;1.8;0.033;33.0;156.0;0.9538200927833067;3.29;0.52;0.8590604026845637;6;Medium;False;True
9.1;0.28;0.49;2.0;0.059;10.0;112.0;0.9584400084698455;3.15;0.46;0.6778523489932885;5;Medium;False;True
7.1;0.34;0.49;1.5;0.027;26.0;126.0;0.9528576103486112;3.3;0.33;0.8187919463087248;7;High;False;True
8.5;0.19;0.49;3.5;0.044;29.0;117.0;0.9565150436004543;3.14;0.51;0.6778523489932885;6;Medium;False;True
7.6;0.18;0.49;18.05;0.046;36.0;158.0;0.9620974417216887;3.06;0.41;0.6174496644295301;5;Medium;False;True
7.5;0.19;0.49;1.8;0.055;19.0;110.0;0.9572850295482108;3.33;0.44;0.6644295302013423;5;Medium;False;True
7.4;0.3;0.49;8.2;0.055;49.0;188.0;0.9599799803653583;3.52;0.58;0.6510067114093959;6;Medium;False;True
6.7;0.3;0.74;5.0;0.038;35.0;157.0;0.9571887813047413;3.21;0.46;0.6644295302013423;5;Medium;False;True
6.6;0.3;0.74;4.6;0.041;36.0;159.0;0.9572850295482108;3.21;0.45;0.6644295302013423;5;Medium;False;True
6.9;0.22;0.49;7.0;0.063;50.0;168.0;0.9583437602263759;3.54;0.5;0.6912751677852349;6;Medium;False;True
7.8;0.26;0.49;3.1;0.045;21.0;116.0;0.9558413058961673;3.16;0.35;0.6912751677852349;5;Medium;False;True
8.5;0.17;0.49;8.8;0.048;23.0;108.0;0.9573812777916804;2.88;0.34;0.7046979865771812;4;Low;False;True
6.8;0.17;0.74;2.4;0.053;61.0;182.0;0.9579587672524976;3.63;0.76;0.7046979865771812;6;Medium;False;True
6.2;0.27;0.49;1.4;0.05;20.0;74.0;0.9558413058961673;3.32;0.44;0.6577181208053692;6;Medium;False;True
7.1;0.64;0.49;1.8;0.05;17.0;128.0;0.9572850295482108;3.31;0.58;0.7114093959731543;4;Low;False;True
6.4;0.18;0.74;11.9;0.046;54.0;168.0;0.9603649733392365;3.58;0.68;0.6778523489932885;5;Medium;False;True
7.6;0.31;0.49;13.4;0.062;50.0;191.0;0.9614237040174016;3.22;0.53;0.6040268456375839;4;Low;False;True
9.8;0.31;0.49;15.4;0.046;13.0;119.0;0.962867427669445;3.18;0.45;0.6375838926174496;5;Medium;False;True
9.0;0.3;0.49;7.2;0.039;32.0;84.0;0.9565150436004543;2.94;0.32;0.7718120805369127;6;Medium;False;True
8.4;0.24;0.49;7.4;0.039;46.0;108.0;0.956130050626576;3.03;0.33;0.7986577181208053;7;High;False;True
6.4;0.25;0.74;7.8;0.045;52.0;209.0;0.9582475119829064;3.21;0.42;0.6174496644295301;6;Medium;False;True
7.3;0.3;0.74;13.5;0.039;46.0;165.0;0.9607499663131147;3.02;0.4;0.5838926174496644;5;Medium;False;True
9.3;0.31;0.49;1.3;0.042;34.0;147.0;0.9574775260351499;3.11;0.46;0.6577181208053692;5;Medium;False;True
7.0;0.27;0.74;1.5;0.036;27.0;122.0;0.9553600646788196;3.35;0.48;0.7516778523489932;6;Medium;False;True
7.9;0.14;0.74;1.2;0.028;30.0;165.0;0.9538200927833067;3.08;0.82;0.825503355704698;6;Medium;False;True
6.4;0.12;0.49;6.4;0.042;49.0;161.0;0.9571887813047413;3.34;0.44;0.697986577181208;6;Medium;False;True
6.8;0.21;0.74;1.2;0.047;25.0;111.0;0.9543975822441241;3.13;0.41;0.7181208053691275;6;Medium;False;True
8.6;0.16;0.49;7.3;0.043;9.0;63.0;0.9579587672524976;3.13;0.59;0.7046979865771812;6;Medium;False;True
7.0;0.29;0.49;3.8;0.047;37.0;136.0;0.9565150436004543;2.95;0.4;0.6308724832214765;6;Medium;False;True
6.4;0.27;0.49;7.3;0.046;53.0;206.0;0.9582475119829064;3.24;0.43;0.6174496644295301;6;Medium;False;True
6.6;0.55;0.01;2.7;0.034;56.0;122.0;0.9534350998094285;3.15;0.3;0.7986577181208053;5;Medium;False;True
6.3;0.24;0.74;1.4;0.172;24.0;108.0;0.9559375541396369;3.27;0.39;0.6644295302013423;6;Medium;False;True
6.7;0.33;0.49;1.6;0.167;20.0;94.0;0.9542050857571849;3.11;0.5;0.7651006711409396;6;Medium;False;True
8.2;0.34;0.49;8.0;0.046;55.0;223.0;0.9586325049567845;3.08;0.52;0.7181208053691275;6;Medium;False;True
5.6;0.39;0.24;4.7;0.034;27.0;77.0;0.9534350998094285;3.28;0.36;0.8523489932885905;5;Medium;False;True
5.6;0.41;0.24;1.9;0.034;10.0;53.0;0.9510770178444243;3.32;0.5;0.9060402684563759;7;High;False;True
6.7;0.41;0.01;2.8;0.048;39.0;137.0;0.9569000365743324;3.24;0.35;0.6375838926174496;5;Medium;False;True
7.1;0.26;0.49;2.2;0.032;31.0;113.0;0.9531463550790198;3.37;0.42;0.8657718120805369;9;High;False;True
7.5;0.32;0.49;1.7;0.031;44.0;109.0;0.9534350998094285;3.07;0.46;0.8389261744966443;6;Medium;False;True
5.8;0.19;0.49;4.9;0.04;44.0;118.0;0.9562262988700456;3.34;0.38;0.6375838926174496;7;High;False;True
6.9;0.27;0.49;23.5;0.057;59.0;235.0;0.9647923925388361;2.98;0.47;0.5771812080536912;5;Medium;False;True
8.1;0.2;0.49;11.8;0.048;46.0;212.0;0.959402490904541;3.09;0.46;0.6711409395973155;7;High;False;True
8.2;0.26;0.49;5.2;0.04;19.0;100.0;0.9568037883308629;3.12;0.34;0.6778523489932885;6;Medium;False;True
7.8;0.26;0.49;3.2;0.027;28.0;87.0;0.9546863269745327;3.03;0.32;0.7583892617449665;7;High;False;True
8.0;0.14;0.49;1.5;0.035;42.0;120.0;0.9555525611657587;3.26;0.4;0.7114093959731543;7;High;False;True
8.0;0.29;0.49;11.7;0.035;40.0;131.0;0.9584400084698455;3.14;0.34;0.7248322147651007;5;Medium;False;True
7.5;0.19;0.49;1.6;0.047;42.0;140.0;0.9559375541396369;3.4;0.47;0.7181208053691275;6;Medium;False;True
6.9;0.34;0.49;7.3;0.045;61.0;206.0;0.9583437602263759;3.09;0.4;0.6040268456375839;6;Medium;False;True
6.2;0.2;0.49;1.6;0.065;17.0;143.0;0.9564187953569847;3.22;0.52;0.6174496644295301;6;Medium;False;True
6.4;0.37;0.49;13.3;0.045;53.0;243.0;0.9607499663131147;3.14;0.48;0.5704697986577181;6;Medium;False;True
6.2;0.22;0.49;6.0;0.029;31.0;128.0;0.9555525611657587;3.41;0.36;0.7583892617449665;8;High;False;True
8.9;0.32;0.49;1.6;0.05;17.0;131.0;0.9582475119829064;3.13;0.34;0.6308724832214765;5;Medium;False;True
6.5;0.44;0.49;7.7;0.045;16.0;169.0;0.9583437602263759;3.11;0.37;0.5838926174496644;6;Medium;False;True
7.0;0.14;0.49;5.9;0.053;22.0;118.0;0.9580550154959672;3.36;0.36;0.6308724832214765;6;Medium;False;True
9.0;0.17;0.49;1.0;0.039;46.0;131.0;0.9557450576526978;3.09;0.51;0.7046979865771812;7;High;False;True
6.4;0.26;0.49;6.4;0.037;37.0;161.0;0.9580550154959672;3.38;0.53;0.6510067114093959;6;Medium;False;True
9.0;0.22;0.49;10.4;0.048;52.0;195.0;0.9612312075304625;3.31;0.44;0.6845637583892616;6;Medium;False;True
8.2;0.2;0.49;3.5;0.057;14.0;108.0;0.9555525611657587;3.19;0.35;0.7718120805369127;6;Medium;False;True
7.8;0.15;0.24;7.7;0.047;21.0;98.0;0.9577662707655585;2.94;0.31;0.6442953020134228;6;Medium;False;True
6.9;0.25;0.24;1.8;0.053;6.0;121.0;0.9557450576526978;3.23;0.7;0.7651006711409396;5;Medium;False;True
7.1;0.28;0.49;6.5;0.041;28.0;111.0;0.9553600646788196;3.41;0.58;0.8187919463087248;8;High;False;True
7.4;0.19;0.49;6.7;0.037;15.0;110.0;0.9565150436004543;3.2;0.38;0.7382550335570469;7;High;False;True
8.3;0.25;0.49;16.8;0.048;50.0;228.0;0.9625786829390364;3.03;0.52;0.6174496644295301;6;Medium;False;True
7.5;0.14;0.74;1.6;0.035;21.0;126.0;0.9560338023831064;3.26;0.45;0.6845637583892616;6;Medium;False;True
7.8;0.49;0.49;7.0;0.043;29.0;149.0;0.9578625190090281;3.21;0.33;0.6711409395973155;5;Medium;False;True
8.1;0.12;0.49;1.2;0.042;43.0;160.0;0.956130050626576;3.13;0.48;0.6510067114093959;6;Medium;False;True
7.6;0.47;0.49;13.0;0.239;42.0;220.0;0.9613274557739321;2.96;0.51;0.6174496644295301;5;Medium;False;True
7.9;0.22;0.49;3.8;0.042;26.0;105.0;0.9557450576526978;3.1;0.39;0.7046979865771812;5;Medium;False;True
6.4;0.22;0.49;7.5;0.054;42.0;151.0;0.9574775260351499;3.27;0.52;0.6778523489932885;6;Medium;False;True
7.3;0.19;0.49;15.55;0.058;50.0;134.0;0.9622899382086277;3.42;0.36;0.610738255033557;7;High;False;True
8.1;0.3;0.49;12.3;0.049;50.0;144.0;0.9596912356349496;3.09;0.57;0.6845637583892616;7;High;False;True
7.5;0.24;0.49;9.4;0.048;50.0;149.0;0.9588250014437236;3.17;0.59;0.7046979865771812;7;High;False;True
7.8;0.21;0.49;1.2;0.036;20.0;99.0;0.9528576103486112;3.05;0.28;0.8120805369127516;7;High;False;True
7.1;0.3;0.49;1.6;0.045;31.0;100.0;0.9569000365743324;3.4;0.59;0.6845637583892616;5;Medium;False;True
6.9;0.26;0.49;1.6;0.058;39.0;166.0;0.9591137461741324;3.65;0.52;0.6308724832214765;4;Low;False;True
7.6;0.31;0.49;3.95;0.044;27.0;131.0;0.9540125892702458;3.08;0.67;0.8590604026845637;7;High;False;True
6.4;0.42;0.74;12.8;0.076;48.0;209.0;0.9603649733392365;3.12;0.58;0.6040268456375839;6;Medium;False;True
8.2;0.29;0.49;1.0;0.044;29.0;118.0;0.9555525611657587;3.24;0.36;0.7315436241610739;4;Low;False;True
7.9;0.33;0.28;31.6;0.053;35.0;176.0;0.9723960037729311;3.15;0.38;0.5906040268456376;6;Medium;False;True
6.6;0.46;0.49;7.4;0.052;19.0;184.0;0.9582475119829064;3.11;0.38;0.6040268456375839;5;Medium;False;True
7.8;0.28;0.49;1.3;0.046;27.0;142.0;0.9563225471135152;3.09;0.59;0.6845637583892616;5;Medium;False;True
5.8;0.15;0.49;1.1;0.048;21.0;98.0;0.9556488094092283;3.19;0.48;0.6174496644295301;5;Medium;False;True
7.8;0.4;0.49;7.8;0.06;34.0;162.0;0.9592099944176019;3.26;0.58;0.7583892617449665;6;Medium;False;True
6.6;0.31;0.49;7.7;0.05;52.0;220.0;0.9590174979306627;3.12;0.45;0.5906040268456376;5;Medium;False;True
6.6;0.325;0.49;7.7;0.049;53.0;217.0;0.9586325049567845;3.16;0.4;0.6241610738255033;5;Medium;False;True
6.6;0.27;0.49;7.8;0.049;62.0;217.0;0.958536256713315;3.17;0.45;0.6308724832214765;6;Medium;False;True
6.7;0.26;0.49;8.3;0.047;54.0;191.0;0.9580550154959672;3.23;0.4;0.6912751677852349;6;Medium;False;True
6.7;0.21;0.49;1.4;0.047;30.0;114.0;0.9542050857571849;2.92;0.42;0.7248322147651007;7;High;False;True
8.1;0.28;0.46;15.4;0.059;32.0;177.0;0.962867427669445;3.27;0.58;0.6040268456375839;4;Low;False;True
6.5;0.13;0.37;1.0;0.036;48.0;114.0;0.9539163410267762;3.41;0.51;0.7718120805369127;8;High;False;True
7.8;0.445;0.56;1.0;0.04;8.0;84.0;0.9565150436004543;3.25;0.43;0.7248322147651007;5;Medium;False;True
8.8;0.39;0.34;5.9;0.055;33.0;128.0;0.9554563129222892;2.95;0.51;0.7919463087248323;6;Medium;False;True
7.9;0.18;0.33;1.2;0.033;20.0;72.0;0.9549750717049413;3.12;0.38;0.7046979865771812;7;High;False;True
7.1;0.31;0.38;1.2;0.036;10.0;124.0;0.9551675681918804;3.14;0.44;0.6644295302013423;6;Medium;False;True
7.8;0.24;0.18;6.7;0.046;33.0;160.0;0.9589212496871932;3.2;0.56;0.6577181208053692;6;Medium;False;True
7.0;0.35;0.3;6.5;0.028;27.0;87.0;0.9563225471135152;3.4;0.42;0.7651006711409396;7;High;False;True
6.6;0.26;0.31;4.8;0.138;41.0;168.0;0.9577662707655585;3.2;0.38;0.6241610738255033;5;Medium;False;True
6.6;0.27;0.31;5.3;0.137;35.0;163.0;0.9577662707655585;3.2;0.38;0.6241610738255033;5;Medium;False;True
6.8;0.22;0.29;8.9;0.046;82.0;188.0;0.9581512637394368;3.3;0.44;0.6912751677852349;6;Medium;False;True
6.2;0.27;0.32;8.8;0.047;65.0;224.0;0.9587287532002541;3.17;0.47;0.5973154362416108;5;Medium;False;True
7.3;0.23;0.37;1.8;0.032;60.0;156.0;0.9547825752180022;3.11;0.35;0.7449664429530201;6;Medium;False;True
6.2;0.3;0.2;6.6;0.045;42.0;170.0;0.9570925330612716;3.36;0.45;0.697986577181208;6;Medium;False;True
6.4;0.35;0.2;5.7;0.034;18.0;117.0;0.9570925330612716;3.33;0.43;0.6778523489932885;5;Medium;False;True
7.6;0.32;0.34;18.35;0.054;44.0;197.0;0.9632524206433232;3.22;0.55;0.6040268456375839;5;Medium;False;True
6.3;0.31;0.3;10.0;0.046;49.0;212.0;0.9588250014437236;3.74;0.55;0.7986577181208053;6;Medium;False;True
7.2;0.25;0.28;14.4;0.055;55.0;205.0;0.961134959286993;3.12;0.38;0.6040268456375839;7;High;False;True
7.3;0.26;0.33;17.85;0.049;41.5;195.0;0.9624824346955668;3.06;0.44;0.610738255033557;7;High;False;True
7.4;0.26;0.37;9.4;0.047;42.0;147.0;0.9607499663131147;3.46;0.72;0.6711409395973155;5;Medium;False;True
6.7;0.25;0.26;1.55;0.041;118.5;216.0;0.9575737742786194;3.55;0.63;0.6308724832214765;3;Low;False;True
7.1;0.16;0.25;1.3;0.034;28.0;123.0;0.9543013340006545;3.27;0.55;0.7651006711409396;6;Medium;False;True
9.0;0.43;0.3;1.5;0.05;7.0;175.0;0.9577662707655585;3.11;0.45;0.6510067114093959;4;Low;False;True
7.0;0.24;0.3;4.2;0.04;41.0;213.0;0.9554563129222892;3.28;0.49;0.7919463087248323;6;Medium;False;True
6.7;0.265;0.22;8.6;0.048;54.0;198.0;0.9581512637394368;3.25;0.41;0.6845637583892616;5;Medium;False;True
7.7;0.12;0.32;1.4;0.06;47.0;150.0;0.9578625190090281;3.37;0.42;0.6174496644295301;6;Medium;False;True
7.2;0.21;0.33;3.0;0.036;35.0;132.0;0.9555525611657587;3.25;0.4;0.7382550335570469;6;Medium;False;True
8.5;0.32;0.36;14.9;0.041;47.0;190.0;0.9607499663131147;3.08;0.31;0.6711409395973155;6;Medium;False;True
6.9;0.18;0.3;2.0;0.038;39.0;190.0;0.9542050857571849;3.32;0.37;0.8187919463087248;6;Medium;False;True
6.3;0.26;0.29;2.2;0.043;35.0;175.0;0.9545900787310632;3.38;0.43;0.7785234899328859;6;Medium;False;True
6.7;0.26;0.3;1.8;0.043;25.0;121.0;0.9570925330612716;3.44;0.61;0.6845637583892616;6;Medium;False;True
7.9;0.29;0.36;11.1;0.033;43.0;208.0;0.9594987391480105;3.14;0.46;0.6912751677852349;5;Medium;False;True
6.5;0.27;0.19;4.2;0.046;6.0;114.0;0.9581512637394368;3.25;0.35;0.5771812080536912;4;Low;False;True
6.7;0.33;0.42;6.4;0.058;27.0;151.0;0.9580550154959672;3.16;0.44;0.6442953020134228;5;Medium;False;True
6.7;0.31;0.42;6.4;0.057;25.0;148.0;0.9581512637394368;3.16;0.45;0.6442953020134228;5;Medium;False;True
6.6;0.25;0.31;1.5;0.035;32.0;127.0;0.9548788234614718;3.41;0.47;0.7583892617449665;6;Medium;False;True
6.4;0.24;0.22;1.5;0.038;38.0;157.0;0.956130050626576;3.41;0.55;0.6644295302013423;6;Medium;False;True
6.8;0.26;0.29;16.95;0.056;48.0;179.0;0.9622899382086277;3.45;0.4;0.6442953020134228;5;Medium;False;True
7.0;0.61;0.26;1.7;0.051;25.0;161.0;0.9572850295482108;3.36;0.6;0.7114093959731543;4;Low;False;True
6.8;0.22;0.3;13.6;0.055;50.0;180.0;0.9609424628000538;3.44;0.39;0.6577181208053692;5;Medium;False;True
8.1;0.31;0.24;1.6;0.032;10.0;67.0;0.9551675681918804;3.08;0.47;0.7046979865771812;5;Medium;False;True
7.0;0.2;0.3;6.1;0.037;31.0;120.0;0.9566112918439238;3.24;0.51;0.7248322147651007;5;Medium;False;True
7.9;0.18;0.37;3.0;0.061;25.0;178.0;0.957670022522089;3.22;0.51;0.6711409395973155;6;Medium;False;True
6.6;0.34;0.27;6.2;0.059;23.0;136.0;0.9583437602263759;3.3;0.49;0.6778523489932885;6;Medium;False;True
6.8;0.3;0.24;6.6;0.123;35.0;116.0;0.9579587672524976;3.07;0.48;0.6308724832214765;5;Medium;False;True
6.5;0.18;0.34;1.6;0.04;43.0;148.0;0.9540125892702458;3.32;0.59;0.7718120805369127;8;High;False;True
7.0;0.21;0.31;6.0;0.046;29.0;108.0;0.9566112918439238;3.26;0.5;0.7248322147651007;6;Medium;False;True
6.8;0.27;0.32;1.5;0.044;19.0;142.0;0.9548788234614718;3.1;0.43;0.6644295302013423;6;Medium;False;True
9.3;0.2;0.33;1.7;0.05;28.0;178.0;0.9580550154959672;3.16;0.43;0.6040268456375839;4;Low;False;True
5.8;0.23;0.27;1.8;0.043;24.0;69.0;0.9560338023831064;3.38;0.31;0.6308724832214765;6;Medium;False;True
7.6;0.2;0.39;2.6;0.044;30.0;180.0;0.9568037883308629;3.46;0.44;0.7248322147651007;7;High;False;True
8.2;0.15;0.48;2.7;0.052;24.0;190.0;0.957670022522089;3.5;0.45;0.7315436241610739;7;High;False;True
7.5;0.4;1.0;19.5;0.041;33.0;148.0;0.960268725095767;3.24;0.38;0.8053691275167785;6;Medium;False;True
7.0;0.13;0.3;5.0;0.056;31.0;122.0;0.9571887813047413;3.47;0.42;0.7046979865771812;6;Medium;False;True
6.9;0.17;0.22;4.6;0.064;55.0;152.0;0.9578625190090281;3.29;0.37;0.6241610738255033;6;Medium;False;True
7.0;0.3;0.32;6.4;0.034;28.0;97.0;0.9551675681918804;3.23;0.44;0.7919463087248323;6;Medium;False;True
7.6;0.445;0.44;14.5;0.045;68.0;212.0;0.961134959286993;3.48;0.36;0.6711409395973155;6;Medium;False;True
7.5;0.22;0.33;6.7;0.036;45.0;138.0;0.9566112918439238;3.2;0.68;0.7651006711409396;6;Medium;False;True
9.2;0.23;0.3;1.1;0.031;40.0;99.0;0.9556488094092283;2.94;0.3;0.697986577181208;6;Medium;False;True
8.7;0.34;0.46;13.8;0.055;68.0;198.0;0.9613274557739321;3.36;0.37;0.6375838926174496;6;Medium;False;True
6.6;0.545;0.04;2.5;0.031;48.0;111.0;0.9534350998094285;3.14;0.32;0.7986577181208053;5;Medium;False;True
8.1;0.3;0.31;1.1;0.041;49.0;123.0;0.9542050857571849;2.99;0.45;0.7449664429530201;6;Medium;False;True
6.9;0.16;0.3;9.6;0.057;50.0;185.0;0.9603649733392365;3.39;0.38;0.6442953020134228;6;Medium;False;True
8.0;0.32;0.36;4.6;0.042;56.0;178.0;0.9555525611657587;3.29;0.47;0.8053691275167785;6;Medium;False;True
6.1;0.22;0.23;3.1;0.052;15.0;104.0;0.9574775260351499;3.14;0.42;0.5838926174496644;5;Medium;False;True
7.5;0.15;0.38;1.8;0.054;19.0;101.0;0.9572850295482108;3.24;0.44;0.6711409395973155;5;Medium;False;True
8.4;0.29;0.29;1.05;0.032;4.0;55.0;0.9536275962963676;2.91;0.32;0.7651006711409396;4;Low;False;True
6.6;0.37;0.47;6.5;0.061;23.0;150.0;0.9580550154959672;3.14;0.45;0.6442953020134228;6;Medium;False;True
7.7;0.38;0.4;2.0;0.038;28.0;152.0;0.9534350998094285;3.18;0.32;0.8657718120805369;6;Medium;False;True
6.3;0.25;0.23;14.9;0.039;47.0;142.0;0.9596431115132149;3.14;0.35;0.6510067114093959;6;Medium;False;True
8.3;0.3;0.36;10.0;0.042;33.0;169.0;0.9607499663131147;3.23;0.51;0.6241610738255033;6;Medium;False;True
6.6;0.22;0.58;1.1;0.133;52.0;136.0;0.9559375541396369;3.1;0.3;0.610738255033557;5;Medium;False;True
6.1;0.34;0.31;12.0;0.053;46.0;238.0;0.960268725095767;3.16;0.48;0.5771812080536912;5;Medium;False;True
7.5;0.22;0.29;4.8;0.05;33.0;87.0;0.9567075400873933;3.14;0.42;0.6644295302013423;5;Medium;False;True
8.0;0.27;0.24;1.2;0.044;20.0;102.0;0.9556488094092283;3.28;0.42;0.7315436241610739;5;Medium;False;True
6.1;0.17;0.27;1.5;0.056;45.0;135.0;0.9551675681918804;3.2;0.43;0.6845637583892616;6;Medium;False;True
7.4;0.18;0.3;10.4;0.045;44.0;174.0;0.9592099944176019;3.11;0.57;0.6510067114093959;6;Medium;False;True
6.7;0.16;0.28;2.5;0.046;40.0;153.0;0.9548788234614718;3.38;0.51;0.7651006711409396;7;High;False;True
6.1;0.255;0.44;12.3;0.045;53.0;197.0;0.9593062426610715;3.24;0.54;0.6375838926174496;6;Medium;False;True
7.4;0.23;0.25;1.4;0.049;43.0;141.0;0.956130050626576;3.42;0.54;0.6845637583892616;7;High;False;True
6.4;0.16;0.28;2.2;0.042;33.0;93.0;0.9542050857571849;3.31;0.43;0.7449664429530201;6;Medium;False;True
6.7;0.27;0.25;8.0;0.053;54.0;202.0;0.9587287532002541;3.22;0.43;0.6241610738255033;5;Medium;False;True
6.9;0.29;0.23;8.6;0.056;56.0;215.0;0.9593062426610715;3.17;0.44;0.5906040268456376;5;Medium;False;True
9.6;0.21;0.28;1.2;0.038;12.0;53.0;0.9553600646788196;2.8;0.46;0.7114093959731543;5;Medium;False;True
6.6;0.62;0.2;8.7;0.046;81.0;224.0;0.9586806290785193;3.17;0.44;0.6241610738255033;5;Medium;False;True
6.4;0.28;0.19;5.4;0.042;67.0;181.0;0.9570444089395368;3.31;0.35;0.6845637583892616;6;Medium;False;True
8.0;0.3;0.28;5.7;0.044;31.0;124.0;0.9574775260351499;3.16;0.51;0.6845637583892616;6;Medium;False;True
6.4;0.17;0.27;1.5;0.037;20.0;98.0;0.9543975822441241;3.46;0.42;0.7382550335570469;7;High;False;True
7.3;0.21;0.3;10.9;0.037;18.0;112.0;0.9595949873914801;3.4;0.5;0.6442953020134228;6;Medium;False;True
6.6;0.32;0.26;7.7;0.054;56.0;209.0;0.9587287532002541;3.17;0.45;0.5906040268456376;5;Medium;False;True
7.4;0.32;0.22;1.7;0.051;50.0;179.0;0.9581512637394368;3.28;0.69;0.5973154362416108;5;Medium;False;True
6.6;0.37;0.07;1.4;0.048;58.0;144.0;0.9549750717049413;3.17;0.38;0.6711409395973155;5;Medium;False;True
7.7;0.43;0.28;4.5;0.046;33.0;102.0;0.9545900787310632;3.16;0.56;0.8187919463087248;7;High;False;True
7.8;0.39;0.26;9.9;0.059;33.0;181.0;0.9581512637394368;3.04;0.42;0.7315436241610739;6;Medium;False;True
6.5;0.18;0.26;1.4;0.041;40.0;141.0;0.9568037883308629;3.34;0.72;0.6375838926174496;6;Medium;False;True
7.8;0.4;0.26;9.5;0.059;32.0;178.0;0.9581512637394368;3.04;0.43;0.7315436241610739;6;Medium;False;True
6.9;0.19;0.28;3.0;0.054;33.0;99.0;0.9551675681918804;3.16;0.4;0.7248322147651007;6;Medium;False;True
7.7;0.49;1.0;19.6;0.03;28.0;135.0;0.9598837321218887;3.24;0.4;0.8053691275167785;6;Medium;False;True
6.6;0.25;0.35;14.0;0.069;42.0;163.0;0.9615199522608713;3.56;0.47;0.6577181208053692;5;Medium;False;True
6.4;0.15;0.36;1.8;0.034;43.0;150.0;0.9549750717049413;3.42;0.69;0.7382550335570469;8;High;False;True
8.4;0.17;0.31;5.4;0.052;47.0;150.0;0.9579587672524976;3.24;0.38;0.6577181208053692;5;Medium;False;True
6.1;0.32;0.37;1.8;0.051;13.0;200.0;0.9571887813047413;3.49;0.44;0.7046979865771812;4;Low;False;True
8.5;0.21;0.26;9.25;0.034;73.0;142.0;0.9571887813047413;3.05;0.37;0.7651006711409396;6;Medium;False;True
8.7;0.45;0.4;1.5;0.067;17.0;100.0;0.9583437602263759;3.27;0.57;0.6778523489932885;6;Medium;False;True
6.7;0.24;0.29;6.8;0.038;54.0;127.0;0.9559375541396369;3.33;0.46;0.7785234899328859;7;High;False;True
7.4;0.33;0.26;2.6;0.04;29.0;115.0;0.9541088375137153;3.07;0.52;0.7919463087248323;7;High;False;True
7.2;0.26;0.3;2.1;0.033;50.0;158.0;0.9537238445398372;3.33;0.43;0.8120805369127516;7;High;False;True
8.2;0.36;0.29;7.6;0.035;37.0;122.0;0.9566112918439238;3.16;0.34;0.8053691275167785;5;Medium;False;True
7.8;0.2;0.24;1.6;0.026;26.0;189.0;0.9538200927833067;3.08;0.74;0.8120805369127516;7;High;False;True
9.4;0.16;0.3;1.4;0.042;26.0;176.0;0.9580550154959672;3.15;0.46;0.610738255033557;5;Medium;False;True
6.4;0.33;0.24;1.6;0.054;25.0;117.0;0.9569962848178021;3.36;0.5;0.6241610738255033;5;Medium;False;True
7.8;0.22;0.36;1.4;0.056;21.0;153.0;0.9557450576526978;3.2;0.53;0.697986577181208;6;Medium;False;True
7.4;0.35;0.31;17.95;0.062;42.0;187.0;0.9626749311825059;3.27;0.64;0.610738255033557;5;Medium;False;True
6.6;0.37;0.24;2.0;0.064;23.0;120.0;0.9572850295482108;3.32;0.54;0.6308724832214765;5;Medium;False;True
6.7;0.37;0.41;6.3;0.061;22.0;149.0;0.9579587672524976;3.16;0.47;0.6442953020134228;6;Medium;False;True
7.1;0.37;0.32;1.4;0.037;27.0;126.0;0.9545900787310632;3.19;0.62;0.8053691275167785;5;Medium;False;True
6.9;0.25;0.27;9.05;0.039;37.0;128.0;0.9563225471135152;3.27;0.34;0.7583892617449665;8;High;False;True
6.8;0.23;0.29;15.4;0.073;56.0;173.0;0.9609424628000538;3.06;0.41;0.5838926174496644;6;Medium;False;True
6.4;0.26;0.21;7.1;0.04;35.0;162.0;0.9582475119829064;3.39;0.58;0.6644295302013423;6;Medium;False;True
7.6;0.3;0.22;10.2;0.049;57.0;191.0;0.9592099944176019;3.08;0.4;0.6241610738255033;6;Medium;False;True
9.4;0.16;0.23;1.6;0.042;14.0;67.0;0.9569000365743324;3.07;0.32;0.6375838926174496;5;Medium;False;True
7.5;0.33;0.39;12.4;0.065;29.0;119.0;0.9599799803653583;3.16;0.39;0.6308724832214765;5;Medium;False;True
7.6;0.38;0.2;3.4;0.046;9.0;116.0;0.9570925330612716;3.15;0.41;0.6308724832214765;5;Medium;False;True
8.8;0.2;0.43;15.0;0.053;60.0;184.0;0.9632524206433232;3.28;0.79;0.5906040268456376;6;Medium;False;True
6.6;0.36;0.21;1.5;0.049;39.0;184.0;0.9555525611657587;3.18;0.41;0.6644295302013423;6;Medium;False;True
5.6;0.46;0.24;4.8;0.042;24.0;72.0;0.9536275962963676;3.29;0.37;0.8456375838926175;6;Medium;False;True
7.2;0.15;0.38;1.2;0.038;18.0;110.0;0.9544938304875936;3.19;0.43;0.7449664429530201;6;Medium;False;True
8.2;0.42;0.29;4.1;0.03;31.0;100.0;0.9539163410267762;3.0;0.32;0.8590604026845637;7;High;False;True
6.8;0.3;0.35;2.8;0.038;10.0;164.0;0.9540125892702458;3.09;0.53;0.8053691275167785;6;Medium;False;True
6.7;0.27;0.3;13.9;0.029;34.0;131.0;0.9579587672524976;3.36;0.5;0.8053691275167785;7;High;False;True
7.2;0.5;0.0;0.8;0.034;46.0;114.0;0.9559375541396369;3.19;0.34;0.6174496644295301;4;Low;False;True
6.0;0.26;0.29;1.0;0.032;27.0;96.0;0.9524726173747329;3.38;0.44;0.825503355704698;6;Medium;False;True
6.8;0.33;0.28;1.2;0.032;38.0;131.0;0.951798879670446;3.19;0.41;0.87248322147651;6;Medium;False;True
7.4;0.29;0.31;1.7;0.035;23.0;110.0;0.9553600646788196;3.07;0.38;0.7315436241610739;5;Medium;False;True
7.3;0.19;0.24;6.3;0.054;34.0;231.0;0.9590174979306627;3.36;0.54;0.6711409395973155;6;Medium;False;True
6.5;0.32;0.12;11.5;0.033;35.0;165.0;0.9599799803653583;3.22;0.32;0.6040268456375839;5;Medium;False;True
7.1;0.32;0.4;1.5;0.034;13.0;84.0;0.9570925330612716;3.42;0.6;0.697986577181208;5;Medium;False;True
7.3;0.17;0.23;6.3;0.051;35.0;240.0;0.9589212496871932;3.36;0.54;0.6711409395973155;6;Medium;False;True
7.7;0.44;0.24;11.2;0.031;41.0;167.0;0.9574775260351499;3.12;0.43;0.7583892617449665;7;High;False;True
7.4;0.49;0.24;15.1;0.03;34.0;153.0;0.9579587672524976;3.13;0.51;0.8053691275167785;7;High;False;True
6.4;0.21;0.3;5.6;0.044;43.0;160.0;0.9575737742786194;3.6;0.41;0.7114093959731543;6;Medium;False;True
8.0;0.55;0.42;12.6;0.211;37.0;213.0;0.9613274557739321;2.99;0.56;0.6241610738255033;5;Medium;False;True
7.0;0.19;0.23;5.7;0.123;27.0;104.0;0.9580550154959672;3.04;0.54;0.6308724832214765;6;Medium;False;True
7.2;0.24;0.29;2.2;0.037;37.0;102.0;0.9547825752180022;3.27;0.64;0.7382550335570469;7;High;False;True
6.5;0.34;0.36;11.0;0.052;53.0;247.0;0.9609424628000538;3.44;0.55;0.6241610738255033;6;Medium;False;True
6.9;0.18;0.33;1.0;0.054;24.0;164.0;0.9553600646788196;3.42;0.51;0.7046979865771812;5;Medium;False;True
8.2;0.18;0.31;11.8;0.039;96.0;249.0;0.9601724768522975;3.07;0.52;0.6375838926174496;6;Medium;False;True
8.3;0.28;0.45;7.8;0.059;32.0;139.0;0.9597874838784192;3.33;0.77;0.7516778523489932;6;Medium;False;True
6.1;0.34;0.46;4.7;0.029;21.0;94.0;0.9538200927833067;3.29;0.62;0.825503355704698;6;Medium;False;True
7.4;0.44;0.2;11.5;0.049;44.0;157.0;0.9605574698261756;3.27;0.44;0.6040268456375839;5;Medium;False;True
7.6;0.26;0.58;7.9;0.041;62.0;180.0;0.9592099944176019;3.07;0.38;0.6040268456375839;5;Medium;False;True
8.7;0.49;0.57;17.8;0.052;34.0;243.0;0.9631561723998536;2.98;0.82;0.6040268456375839;5;Medium;False;True
7.0;0.24;0.25;1.7;0.042;48.0;189.0;0.9547825752180022;3.25;0.42;0.7651006711409396;6;Medium;False;True
7.1;0.25;0.25;1.6;0.046;50.0;181.0;0.9552638164353501;3.2;0.42;0.7382550335570469;7;High;False;True
6.4;0.18;0.31;1.6;0.049;36.0;127.0;0.956130050626576;3.6;0.67;0.697986577181208;7;High;False;True
8.3;0.27;0.39;2.4;0.058;16.0;107.0;0.9581512637394368;3.28;0.59;0.6912751677852349;5;Medium;False;True
6.8;0.24;0.35;6.4;0.048;44.0;172.0;0.9570925330612716;3.29;0.55;0.7046979865771812;7;High;False;True
8.0;0.22;0.28;14.0;0.053;83.0;197.0;0.9606537180696452;3.14;0.45;0.6577181208053692;6;Medium;False;True
10.0;0.91;0.42;1.6;0.056;34.0;181.0;0.959402490904541;3.11;0.46;0.6711409395973155;4;Low;False;True
8.9;0.34;0.34;1.6;0.056;13.0;176.0;0.9572850295482108;3.14;0.47;0.6510067114093959;5;Medium;False;True
8.9;0.33;0.34;1.4;0.056;14.0;171.0;0.9572850295482108;3.13;0.47;0.6510067114093959;5;Medium;False;True
6.7;0.18;0.19;4.7;0.046;57.0;161.0;0.9572850295482108;3.32;0.66;0.7046979865771812;6;Medium;False;True
7.8;0.2;0.28;10.2;0.054;78.0;186.0;0.9595949873914801;3.14;0.46;0.6711409395973155;6;Medium;False;True
7.3;0.13;0.31;2.3;0.054;22.0;104.0;0.9551675681918804;3.24;0.92;0.7718120805369127;7;High;False;True
6.6;0.28;0.3;7.8;0.049;57.0;202.0;0.9584400084698455;3.24;0.39;0.6375838926174496;5;Medium;False;True
7.1;0.25;0.3;2.4;0.042;25.0;122.0;0.9567075400873933;3.43;0.61;0.7046979865771812;6;Medium;False;True
7.6;0.36;0.44;8.3;0.255;28.0;142.0;0.9584400084698455;3.12;0.43;0.6845637583892616;6;Medium;False;True
7.6;0.27;0.25;13.9;0.05;45.0;199.0;0.9609424628000538;3.34;0.5;0.6577181208053692;6;Medium;False;True
6.9;0.37;0.28;13.8;0.031;34.0;137.0;0.9574775260351499;3.1;0.37;0.7785234899328859;6;Medium;False;True
7.4;0.21;0.27;7.3;0.031;41.0;144.0;0.9559375541396369;3.15;0.38;0.7919463087248323;7;High;False;True
8.2;0.18;0.28;8.5;0.035;41.0;140.0;0.9578625190090281;3.04;0.37;0.6778523489932885;7;High;False;True
6.3;0.19;0.21;1.8;0.049;35.0;163.0;0.9551675681918804;3.31;0.5;0.6912751677852349;6;Medium;False;True
7.0;0.21;0.22;5.1;0.048;38.0;168.0;0.9571887813047413;3.34;0.49;0.697986577181208;6;Medium;False;True
5.8;0.33;0.2;16.05;0.047;26.0;166.0;0.9601724768522975;3.09;0.46;0.5973154362416108;5;Medium;False;True
7.9;0.29;0.31;7.35;0.034;37.0;154.0;0.9565150436004543;3.06;0.31;0.7248322147651007;5;Medium;False;True
6.6;0.31;0.38;16.05;0.058;16.0;165.0;0.9621936899651582;3.38;0.6;0.6174496644295301;5;Medium;False;True
8.0;0.19;0.3;2.0;0.053;48.0;140.0;0.9567075400873933;3.18;0.49;0.6442953020134228;6;Medium;False;True
8.0;0.2;0.36;1.2;0.032;21.0;78.0;0.9548788234614718;3.08;0.37;0.697986577181208;6;Medium;False;True
8.0;0.25;0.26;14.0;0.043;41.0;248.0;0.961134959286993;3.03;0.57;0.5838926174496644;6;Medium;False;True
7.2;0.2;0.61;16.2;0.043;14.0;103.0;0.9612312075304625;3.06;0.36;0.6174496644295301;6;Medium;False;True
7.7;0.3;0.42;14.3;0.045;45.0;213.0;0.9616162005043408;3.18;0.63;0.6174496644295301;5;Medium;False;True
6.4;0.22;0.32;7.9;0.029;34.0;124.0;0.9574775260351499;3.4;0.39;0.6845637583892616;5;Medium;False;True
7.0;0.53;0.02;1.0;0.036;39.0;107.0;0.9557450576526978;3.2;0.32;0.6040268456375839;5;Medium;False;True
7.3;0.24;0.41;13.6;0.05;41.0;178.0;0.9613274557739321;3.37;0.43;0.6510067114093959;5;Medium;False;True
7.2;0.24;0.4;17.85;0.049;50.0;185.0;0.9624824346955668;3.34;0.42;0.6442953020134228;5;Medium;False;True
7.6;0.15;0.4;1.3;0.036;24.0;112.0;0.9559375541396369;3.14;0.76;0.6711409395973155;5;Medium;False;True
7.6;0.33;0.41;13.7;0.045;44.0;197.0;0.9614237040174016;3.18;0.64;0.610738255033557;5;Medium;False;True
6.8;0.24;0.31;18.3;0.046;40.0;142.0;0.9624824346955668;3.3;0.41;0.5838926174496644;5;Medium;False;True
6.8;0.35;0.44;6.5;0.056;31.0;161.0;0.9578625190090281;3.14;0.44;0.6375838926174496;5;Medium;False;True
7.9;0.26;0.33;10.3;0.039;73.0;212.0;0.9594987391480105;2.93;0.49;0.6375838926174496;6;Medium;False;True
7.5;0.29;0.67;8.1;0.037;53.0;166.0;0.9592099944176019;2.9;0.41;0.5973154362416108;6;Medium;False;True
7.2;0.31;0.41;8.6;0.053;15.0;89.0;0.9601724768522975;3.29;0.64;0.6644295302013423;6;Medium;False;True
6.7;0.44;0.31;1.9;0.03;41.0;104.0;0.9528576103486112;3.29;0.62;0.8456375838926175;7;High;False;True
10.0;0.23;0.27;14.1;0.033;45.0;166.0;0.9613274557739321;2.72;0.43;0.6510067114093959;6;Medium;False;True
7.4;0.21;0.3;7.9;0.039;14.0;118.0;0.9569000365743324;2.96;0.34;0.697986577181208;5;Medium;False;True
8.8;0.23;0.35;10.7;0.04;26.0;183.0;0.9609424628000538;2.93;0.49;0.610738255033557;6;Medium;False;True
7.8;0.34;0.27;1.2;0.04;25.0;106.0;0.9559375541396369;3.01;0.55;0.697986577181208;5;Medium;False;True
6.0;0.28;0.35;1.9;0.037;16.0;120.0;0.9560338023831064;3.16;0.69;0.7114093959731543;5;Medium;False;True
7.9;0.37;0.3;2.7;0.029;64.0;158.0;0.9543975822441241;3.12;0.59;0.8053691275167785;7;High;False;True
7.2;0.36;0.36;5.7;0.038;26.0;98.0;0.9542050857571849;2.93;0.59;0.8389261744966443;7;High;False;True
7.6;0.13;0.34;9.3;0.062;40.0;126.0;0.9592099944176019;3.21;0.39;0.6442953020134228;5;Medium;False;True
6.6;0.25;0.36;8.1;0.045;54.0;180.0;0.9584400084698455;3.08;0.42;0.6174496644295301;5;Medium;False;True
7.1;0.18;0.26;1.3;0.041;20.0;71.0;0.9553600646788196;3.04;0.74;0.6644295302013423;6;Medium;False;True
7.9;0.3;0.27;8.5;0.036;20.0;112.0;0.9566112918439238;2.96;0.46;0.785234899328859;6;Medium;False;True
8.3;0.23;0.3;2.1;0.049;21.0;153.0;0.9579587672524976;3.09;0.5;0.6442953020134228;6;Medium;False;True
6.8;0.43;0.3;3.5;0.033;27.0;135.0;0.9534350998094285;3.0;0.37;0.8053691275167785;6;Medium;False;True
6.6;0.35;0.29;14.4;0.044;54.0;177.0;0.9616162005043408;3.17;0.58;0.5973154362416108;6;Medium;False;True
7.3;0.22;0.5;13.7;0.049;56.0;189.0;0.9619049452347495;3.24;0.66;0.6040268456375839;6;Medium;False;True
8.1;0.26;0.33;11.1;0.052;52.5;158.0;0.9601724768522975;3.03;0.49;0.6845637583892616;7;High;False;True
7.0;0.12;0.19;4.9;0.055;27.0;127.0;0.9579587672524976;3.29;0.41;0.6308724832214765;5;Medium;False;True
8.2;0.37;0.27;1.7;0.028;10.0;59.0;0.9550713199484109;2.97;0.48;0.697986577181208;5;Medium;False;True
7.6;0.26;0.36;1.6;0.032;6.0;106.0;0.9557450576526978;3.15;0.4;0.697986577181208;4;Low;False;True
6.3;0.2;0.58;1.4;0.204;15.0;97.0;0.9558413058961673;3.16;0.43;0.6711409395973155;6;Medium;False;True
6.3;0.22;0.57;1.4;0.208;14.0;96.0;0.9559375541396369;3.16;0.43;0.6711409395973155;6;Medium;False;True
7.1;0.25;0.28;1.6;0.052;46.0;169.0;0.9553600646788196;3.05;0.41;0.7046979865771812;5;Medium;False;True
7.0;0.27;0.32;6.8;0.047;47.0;193.0;0.9565150436004543;3.23;0.39;0.7651006711409396;6;Medium;False;True
8.8;0.34;0.33;9.7;0.036;46.0;172.0;0.9592099944176019;3.08;0.4;0.6845637583892616;5;Medium;False;True
9.2;0.27;0.34;10.5;0.043;49.0;228.0;0.9599799803653583;3.04;0.41;0.697986577181208;6;Medium;False;True
7.1;0.49;0.22;2.0;0.047;146.5;307.5;0.9551675681918804;3.24;0.37;0.7382550335570469;3;Low;False;True
9.2;0.71;0.23;6.2;0.042;15.0;93.0;0.9574775260351499;2.89;0.34;0.6778523489932885;6;Medium;False;True
7.2;0.47;0.65;8.3;0.083;27.0;182.0;0.9590174979306627;3.0;0.35;0.6174496644295301;5;Medium;False;True
6.8;0.28;0.36;1.6;0.04;25.0;87.0;0.9551675681918804;3.23;0.66;0.6912751677852349;6;Medium;False;True
7.3;0.13;0.27;4.6;0.08;34.0;172.0;0.9565150436004543;3.23;0.39;0.7449664429530201;7;High;False;True
7.2;0.16;0.35;1.2;0.031;27.0;84.0;0.9555525611657587;3.33;0.34;0.6644295302013423;5;Medium;False;True
6.8;0.31;0.32;7.6;0.052;35.0;143.0;0.958536256713315;3.14;0.38;0.6040268456375839;5;Medium;False;True
8.3;0.36;0.57;15.0;0.052;35.0;256.0;0.9625786829390364;2.93;0.64;0.5771812080536912;5;Medium;False;True
6.3;0.25;0.44;11.6;0.041;48.0;195.0;0.959402490904541;3.18;0.52;0.6375838926174496;5;Medium;False;True
6.0;0.45;0.42;1.1;0.051;61.0;197.0;0.9559375541396369;3.02;0.4;0.6040268456375839;5;Medium;False;True
8.1;0.26;0.3;7.8;0.049;39.0;152.0;0.9580550154959672;2.99;0.58;0.6711409395973155;6;Medium;False;True
6.4;0.22;0.32;12.0;0.066;57.0;158.0;0.9617124487478104;3.6;0.43;0.6040268456375839;6;Medium;False;True
5.7;0.45;0.42;1.1;0.051;61.0;197.0;0.9559375541396369;3.02;0.4;0.6040268456375839;5;Medium;False;True
7.2;0.19;0.31;1.4;0.046;37.0;135.0;0.9566112918439238;3.34;0.57;0.6845637583892616;7;High;False;True
6.7;0.31;0.44;6.7;0.054;29.0;160.0;0.9578625190090281;3.04;0.44;0.6442953020134228;5;Medium;False;True
8.0;0.25;0.13;17.2;0.036;49.0;219.0;0.9620974417216887;2.96;0.46;0.6510067114093959;5;Medium;False;True
9.9;1.005;0.46;1.4;0.046;34.0;185.0;0.9592099944176019;3.02;0.49;0.6845637583892616;4;Low;False;True
8.1;0.31;0.36;8.2;0.028;29.0;142.0;0.9552638164353501;3.01;0.34;0.87248322147651;7;High;False;True
8.1;0.24;0.38;4.3;0.044;49.0;172.0;0.9586325049567845;3.37;0.74;0.7248322147651007;6;Medium;False;True
6.4;0.29;0.28;11.1;0.063;66.0;169.0;0.9598837321218887;2.89;0.57;0.6040268456375839;5;Medium;False;True
7.2;0.15;0.33;1.1;0.027;16.0;63.0;0.9564187953569847;3.37;0.4;0.6644295302013423;5;Medium;False;True
7.0;0.12;0.32;7.2;0.058;22.0;89.0;0.9592099944176019;3.29;0.38;0.6174496644295301;6;Medium;False;True
7.4;0.32;0.55;16.6;0.056;53.0;238.0;0.9641186548345493;2.96;0.58;0.5838926174496644;6;Medium;False;True
8.5;0.17;0.31;1.0;0.024;13.0;91.0;0.9557450576526978;2.79;0.37;0.6778523489932885;5;Medium;False;True
9.5;0.21;0.47;1.3;0.039;21.0;123.0;0.958536256713315;2.9;0.64;0.6375838926174496;5;Medium;False;True
8.2;0.21;0.48;1.4;0.041;11.0;99.0;0.9584400084698455;3.17;0.57;0.6644295302013423;5;Medium;False;True
6.8;0.31;0.42;6.9;0.046;50.0;173.0;0.9584400084698455;3.19;0.46;0.6040268456375839;5;Medium;False;True
6.8;0.27;0.28;13.3;0.076;50.0;163.0;0.9604612215827061;3.03;0.38;0.5771812080536912;6;Medium;False;True
7.4;0.21;0.3;8.1;0.047;13.0;114.0;0.9568037883308629;3.12;0.35;0.7046979865771812;6;Medium;False;True
8.0;0.23;0.35;9.2;0.044;53.0;186.0;0.9595949873914801;3.09;0.56;0.6375838926174496;7;High;False;True
7.6;0.2;0.31;1.4;0.047;41.0;142.0;0.956130050626576;3.43;0.53;0.6778523489932885;6;Medium;False;True
6.3;0.41;0.3;3.2;0.03;49.0;164.0;0.9554563129222892;3.53;0.79;0.785234899328859;7;High;False;True
8.3;0.49;0.43;2.5;0.036;32.0;116.0;0.9570925330612716;3.23;0.47;0.7181208053691275;6;Medium;False;True
7.6;0.2;0.26;4.5;0.086;37.0;133.0;0.9589212496871932;3.15;0.42;0.6174496644295301;5;Medium;False;True
7.5;0.26;0.26;18.35;0.084;33.0;139.0;0.963541165373732;3.17;0.39;0.5906040268456376;5;Medium;False;True
6.8;0.27;0.35;7.8;0.048;76.0;197.0;0.958536256713315;3.24;0.43;0.6375838926174496;6;Medium;False;True
6.8;0.28;0.37;7.0;0.057;35.0;208.0;0.9598837321218887;3.57;0.55;0.6845637583892616;5;Medium;False;True
8.4;0.2;0.27;6.3;0.048;30.0;143.0;0.9592099944176019;3.25;0.5;0.610738255033557;6;Medium;False;True
7.9;0.33;0.26;1.2;0.044;23.0;103.0;0.9559375541396369;3.19;0.54;0.7046979865771812;6;Medium;False;True
7.5;0.38;0.5;12.8;0.042;57.0;184.0;0.9609424628000538;3.09;0.46;0.6040268456375839;6;Medium;False;True
7.6;0.2;0.3;14.2;0.056;53.0;212.5;0.9615199522608713;3.14;0.46;0.5973154362416108;8;High;False;True
8.1;0.19;0.58;16.65;0.049;48.0;181.0;0.9630599241563841;3.2;0.62;0.610738255033557;6;Medium;False;True
7.6;0.16;0.41;1.9;0.047;27.0;151.0;0.9564187953569847;3.2;0.53;0.6778523489932885;6;Medium;False;True
8.1;0.22;0.28;7.7;0.043;57.0;176.0;0.9580550154959672;3.12;0.55;0.6711409395973155;5;Medium;False;True
8.0;0.22;0.32;10.4;0.043;63.0;201.0;0.9595949873914801;3.11;0.53;0.6375838926174496;6;Medium;False;True
7.1;0.33;0.3;3.3;0.034;30.0;102.0;0.9540125892702458;3.08;0.31;0.825503355704698;7;High;False;True
6.4;0.43;0.27;1.1;0.054;5.0;110.0;0.9566112918439238;3.24;0.52;0.610738255033557;4;Low;False;True
7.0;0.12;0.28;6.3;0.057;17.0;103.0;0.9583437602263759;3.5;0.44;0.6442953020134228;5;Medium;False;True
7.4;0.3;0.22;5.25;0.053;33.0;180.0;0.9553600646788196;3.13;0.45;0.7785234899328859;6;Medium;False;True
7.0;0.28;0.33;14.6;0.043;47.0;168.0;0.9619049452347495;3.34;0.67;0.5906040268456376;6;Medium;False;True
8.4;0.2;0.38;11.8;0.055;51.0;170.0;0.962867427669445;3.34;0.82;0.5973154362416108;6;Medium;False;True
7.3;0.18;0.31;17.3;0.055;32.0;197.0;0.9626749311825059;3.13;0.46;0.6040268456375839;6;Medium;False;True
6.8;0.31;0.09;1.4;0.04;56.0;145.0;0.9549750717049413;3.19;0.46;0.6711409395973155;5;Medium;False;True
6.7;0.31;0.08;1.3;0.038;58.0;147.0;0.9549750717049413;3.18;0.46;0.6711409395973155;5;Medium;False;True
7.6;0.17;0.35;1.6;0.047;43.0;154.0;0.956130050626576;3.36;0.69;0.7449664429530201;6;Medium;False;True
7.4;0.26;0.31;2.4;0.043;58.0;178.0;0.9568037883308629;3.42;0.68;0.7114093959731543;6;Medium;False;True
5.6;0.18;0.31;1.5;0.038;16.0;84.0;0.9551675681918804;3.34;0.58;0.6778523489932885;6;Medium;False;True
7.2;0.15;0.39;1.8;0.043;21.0;159.0;0.9574775260351499;3.52;0.47;0.6711409395973155;5;Medium;False;True
8.0;0.4;0.33;7.7;0.034;27.0;98.0;0.9562262988700456;3.18;0.41;0.8187919463087248;7;High;False;True
7.0;0.25;0.56;2.0;0.035;20.0;95.0;0.9545900787310632;3.23;0.53;0.7382550335570469;6;Medium;False;True
6.8;0.18;0.46;1.4;0.064;37.0;160.0;0.9551675681918804;3.37;0.45;0.7449664429530201;5;Medium;False;True
6.6;0.32;0.22;16.7;0.046;38.0;133.0;0.9604612215827061;3.22;0.67;0.697986577181208;6;Medium;False;True
9.0;0.55;0.3;8.1;0.026;14.0;71.0;0.9557450576526978;2.94;0.36;0.7919463087248323;5;Medium;False;True
6.9;0.19;0.39;8.0;0.028;22.0;84.0;0.9567075400873933;3.11;0.66;0.7248322147651007;6;Medium;False;True
6.3;0.41;0.33;4.7;0.023;28.0;110.0;0.9538200927833067;3.3;0.38;0.8389261744966443;7;High;False;True
7.0;0.2;0.34;2.1;0.049;12.0;136.0;0.9549750717049413;3.25;0.46;0.7785234899328859;7;High;False;True
7.7;0.26;0.34;6.4;0.05;36.0;163.0;0.9564187953569847;3.19;0.7;0.7718120805369127;6;Medium;False;True
6.3;0.21;0.28;1.5;0.051;46.0;142.0;0.9555525611657587;3.23;0.42;0.6778523489932885;6;Medium;False;True
7.6;0.34;0.39;7.6;0.04;45.0;215.0;0.9591137461741324;3.11;0.53;0.6174496644295301;6;Medium;False;True
8.0;0.43;0.4;12.4;0.168;29.0;190.0;0.9616162005043408;3.07;0.64;0.6174496644295301;5;Medium;False;True
7.5;0.3;0.71;1.3;0.16;44.0;149.0;0.9574775260351499;3.08;0.42;0.5973154362416108;5;Medium;False;True
6.4;0.26;0.4;1.7;0.179;5.0;60.0;0.9552638164353501;3.09;0.54;0.6778523489932885;5;Medium;False;True
6.9;0.32;0.15;8.1;0.046;51.0;180.0;0.9584400084698455;3.13;0.45;0.5973154362416108;5;Medium;False;True
8.9;0.21;0.34;7.1;0.037;33.0;150.0;0.9588250014437236;3.1;0.45;0.6510067114093959;6;Medium;False;True
9.5;0.42;0.41;2.3;0.034;22.0;145.0;0.9577662707655585;3.06;0.52;0.7382550335570469;6;Medium;False;True
7.6;0.29;0.26;6.5;0.042;32.0;160.0;0.9570925330612716;3.14;0.47;0.7181208053691275;5;Medium;False;True
6.5;0.25;0.2;1.4;0.024;29.0;101.0;0.9543975822441241;3.24;0.54;0.7248322147651007;6;Medium;False;True
7.2;0.23;0.33;12.7;0.049;50.0;183.0;0.9612312075304625;3.41;0.4;0.6577181208053692;5;Medium;False;True
7.9;0.35;0.36;1.6;0.038;11.0;124.0;0.9555525611657587;3.25;0.48;0.7382550335570469;5;Medium;False;True
8.8;0.2;0.28;1.1;0.018;18.0;72.0;0.9553600646788196;2.97;0.35;0.697986577181208;5;Medium;False;True
5.7;0.27;0.32;1.2;0.046;20.0;155.0;0.956130050626576;3.8;0.41;0.6845637583892616;6;Medium;False;True
5.5;0.14;0.27;4.6;0.029;22.0;104.0;0.9575737742786194;3.34;0.44;0.6040268456375839;5;Medium;False;True
8.7;0.24;0.35;0.6;0.042;11.0;71.0;0.9553600646788196;3.08;0.38;0.7114093959731543;5;Medium;False;True
6.7;0.3;0.45;10.6;0.032;56.0;212.0;0.9595949873914801;3.22;0.59;0.6375838926174496;6;Medium;False;True
5.6;0.13;0.27;4.8;0.028;22.0;104.0;0.9574775260351499;3.34;0.45;0.6174496644295301;6;Medium;False;True
7.4;0.18;0.34;2.7;0.03;30.0;107.0;0.9547825752180022;2.97;0.53;0.7382550335570469;6;Medium;False;True
5.7;0.385;0.04;12.6;0.034;22.0;115.0;0.9590174979306627;3.28;0.63;0.6644295302013423;6;Medium;False;True
8.3;0.33;0.43;9.2;0.046;22.0;126.0;0.9607499663131147;3.38;0.47;0.6241610738255033;5;Medium;False;True
6.8;0.34;0.44;6.6;0.052;28.0;156.0;0.9581512637394368;3.14;0.41;0.6442953020134228;5;Medium;False;True
6.8;0.33;0.44;7.0;0.05;29.0;155.0;0.9581512637394368;3.14;0.42;0.6375838926174496;5;Medium;False;True
6.3;0.28;0.24;8.45;0.031;32.0;172.0;0.9584400084698455;3.39;0.57;0.6510067114093959;7;High;False;True
11.8;0.23;0.38;11.1;0.034;15.0;123.0;0.9621936899651582;2.93;0.55;0.6510067114093959;3;Low;False;True
6.8;0.21;0.27;18.15;0.042;41.0;146.0;0.9625786829390364;3.3;0.36;0.5838926174496644;5;Medium;False;True
8.6;0.485;0.29;4.1;0.026;19.0;101.0;0.9545900787310632;3.01;0.38;0.8322147651006712;5;Medium;False;True
7.3;0.29;0.29;4.6;0.029;27.0;155.0;0.9558413058961673;3.07;0.26;0.7114093959731543;6;Medium;False;True
6.7;0.31;0.31;4.9;0.031;20.0;151.0;0.9553600646788196;3.36;0.82;0.8053691275167785;7;High;False;True
7.3;0.29;0.37;8.3;0.044;45.0;227.0;0.9592099944176019;3.12;0.47;0.6040268456375839;5;Medium;False;True
5.7;0.46;0.46;1.4;0.04;31.0;169.0;0.9559375541396369;3.13;0.47;0.5906040268456376;5;Medium;False;True
6.8;0.28;0.44;11.5;0.04;58.0;223.0;0.9594987391480105;3.22;0.56;0.6375838926174496;5;Medium;False;True
6.7;0.23;0.33;1.8;0.036;23.0;96.0;0.9552638164353501;3.32;0.4;0.7248322147651007;6;Medium;False;True
6.9;0.17;0.25;1.6;0.047;34.0;132.0;0.9542050857571849;3.16;0.48;0.7651006711409396;5;Medium;False;True
7.6;0.18;0.36;2.4;0.049;38.0;123.0;0.9586325049567845;3.6;0.46;0.6912751677852349;5;Medium;False;True
6.6;0.22;0.28;4.9;0.042;51.0;180.0;0.9578625190090281;3.3;0.75;0.6375838926174496;6;Medium;False;True
7.8;0.27;0.28;1.8;0.05;21.0;127.0;0.956130050626576;3.15;0.44;0.6644295302013423;5;Medium;False;True
7.7;0.28;0.29;4.3;0.051;25.0;142.0;0.9566112918439238;3.16;0.39;0.6845637583892616;5;Medium;False;True
7.6;0.29;0.29;4.4;0.051;26.0;146.0;0.9566112918439238;3.16;0.39;0.6845637583892616;5;Medium;False;True
5.7;0.32;0.18;1.4;0.029;26.0;104.0;0.9534350998094285;3.44;0.37;0.7382550335570469;6;Medium;False;True
7.1;0.33;0.25;1.6;0.03;25.0;126.0;0.9529538585920807;3.22;0.34;0.8120805369127516;7;High;False;True
7.3;0.34;0.3;1.3;0.057;25.0;173.0;0.9574775260351499;3.26;0.51;0.610738255033557;6;Medium;False;True
6.5;0.19;0.26;5.2;0.04;31.0;140.0;0.957670022522089;3.26;0.68;0.6375838926174496;6;Medium;False;True
6.6;0.23;0.27;5.6;0.043;43.0;164.0;0.9579587672524976;3.27;0.76;0.6375838926174496;5;Medium;False;True
6.6;0.27;0.29;5.3;0.045;57.0;189.0;0.9579587672524976;3.31;0.79;0.6577181208053692;5;Medium;False;True
6.8;0.36;0.32;1.6;0.039;10.0;124.0;0.9574775260351499;3.3;0.67;0.6442953020134228;5;Medium;False;True
7.0;0.22;0.39;2.1;0.055;39.0;198.0;0.9577662707655585;3.52;0.54;0.6845637583892616;6;Medium;False;True
5.9;0.17;0.3;1.4;0.042;25.0;119.0;0.9558413058961673;3.68;0.72;0.7046979865771812;6;Medium;False;True
7.4;0.45;0.32;7.1;0.044;17.0;117.0;0.9588250014437236;3.32;0.41;0.697986577181208;4;Low;False;True
7.5;0.42;0.14;10.7;0.046;18.0;95.0;0.958536256713315;3.22;0.33;0.7181208053691275;5;Medium;False;True
7.5;0.33;0.32;11.1;0.036;25.0;119.0;0.9588250014437236;3.15;0.34;0.7046979865771812;6;Medium;False;True
9.4;0.3;0.32;10.7;0.029;14.0;111.0;0.9584400084698455;2.85;0.42;0.7114093959731543;5;Medium;False;True
7.9;0.17;0.32;1.6;0.053;47.0;150.0;0.9574775260351499;3.29;0.76;0.6442953020134228;6;Medium;False;True
8.2;0.17;0.32;1.5;0.05;17.0;101.0;0.9567075400873933;3.14;0.58;0.6375838926174496;5;Medium;False;True
8.3;0.17;0.31;1.5;0.049;48.0;153.0;0.9569000365743324;3.12;0.58;0.6308724832214765;6;Medium;False;True
8.7;0.15;0.3;1.6;0.046;29.0;130.0;0.9569000365743324;3.22;0.38;0.6577181208053692;6;Medium;False;True
7.2;0.25;0.19;8.0;0.044;51.0;172.0;0.9590174979306627;3.16;0.44;0.6174496644295301;5;Medium;False;True
7.2;0.24;0.19;7.7;0.045;53.0;176.0;0.9584400084698455;3.17;0.38;0.6375838926174496;5;Medium;False;True
5.3;0.76;0.03;2.7;0.043;27.0;93.0;0.9559375541396369;3.34;0.38;0.6174496644295301;5;Medium;False;True
6.6;0.22;0.53;15.1;0.052;22.0;136.0;0.961134959286993;2.94;0.35;0.6308724832214765;5;Medium;False;True
8.4;0.28;0.4;8.9;0.048;33.0;146.0;0.9613274557739321;3.4;0.46;0.6241610738255033;5;Medium;False;True
6.8;0.32;0.34;6.0;0.05;5.0;129.0;0.9579587672524976;3.19;0.4;0.610738255033557;5;Medium;False;True
6.7;0.24;0.33;12.3;0.046;31.0;145.0;0.9608462145565843;3.36;0.4;0.6375838926174496;5;Medium;False;True
7.4;0.18;0.36;13.1;0.056;72.0;163.0;0.9624824346955668;3.42;0.35;0.610738255033557;6;Medium;False;True
6.0;0.16;0.3;6.7;0.043;43.0;153.0;0.9577662707655585;3.63;0.46;0.7114093959731543;5;Medium;False;True
6.8;0.28;0.35;2.3;0.042;16.0;85.0;0.9534350998094285;3.19;0.56;0.8322147651006712;6;Medium;False;True
6.2;0.34;0.3;11.1;0.047;28.0;237.0;0.9606537180696452;3.18;0.49;0.5838926174496644;5;Medium;False;True
6.0;0.27;0.15;1.5;0.056;35.0;128.0;0.9563225471135152;3.12;0.45;0.5906040268456376;5;Medium;False;True
8.5;0.24;0.47;15.2;0.057;40.0;234.0;0.9629636759129145;3.02;0.66;0.6040268456375839;5;Medium;False;True
8.1;0.24;0.33;10.2;0.048;46.0;141.0;0.9597874838784192;3.16;0.48;0.6912751677852349;6;Medium;False;True
7.7;0.23;0.31;10.7;0.038;59.0;186.0;0.9594987391480105;3.12;0.55;0.6375838926174496;6;Medium;False;True
6.5;0.22;0.25;17.1;0.05;44.0;138.0;0.9625786829390364;3.3;0.37;0.5906040268456376;5;Medium;False;True
5.7;0.33;0.15;1.9;0.05;20.0;93.0;0.956130050626576;3.38;0.62;0.6644295302013423;5;Medium;False;True
6.8;0.2;0.27;1.2;0.034;19.0;68.0;0.9530501068355502;3.14;0.37;0.785234899328859;4;Low;False;True
7.7;0.26;0.32;1.2;0.04;26.0;117.0;0.9557450576526978;3.21;0.56;0.7248322147651007;5;Medium;False;True
6.4;0.2;0.32;3.1;0.041;18.0;126.0;0.9542050857571849;3.43;0.42;0.8053691275167785;6;Medium;False;True
8.0;0.16;0.36;1.5;0.033;14.0;122.0;0.9568037883308629;3.2;0.39;0.6912751677852349;4;Low;False;True
6.8;0.25;0.27;10.7;0.076;47.0;154.0;0.9593062426610715;3.05;0.38;0.6040268456375839;5;Medium;False;True
7.7;0.39;0.28;4.9;0.035;36.0;109.0;0.9545900787310632;3.19;0.58;0.8187919463087248;7;High;False;True
6.9;0.26;0.33;12.6;0.051;59.0;173.0;0.9605574698261756;3.39;0.38;0.6644295302013423;5;Medium;False;True
6.0;0.28;0.22;12.15;0.048;42.0;163.0;0.9583437602263759;3.2;0.46;0.6778523489932885;5;Medium;False;True
6.5;0.43;0.28;12.0;0.056;23.0;174.0;0.961134959286993;3.31;0.55;0.6241610738255033;5;Medium;False;True
9.1;0.33;0.38;1.7;0.062;50.5;344.0;0.9584400084698455;3.1;0.7;0.6375838926174496;5;Medium;False;True
5.9;0.5;0.05;2.6;0.054;36.0;146.0;0.9574775260351499;3.43;0.5;0.6174496644295301;6;Medium;False;True
6.8;0.28;0.39;1.4;0.036;15.0;115.0;0.9545900787310632;3.27;0.72;0.785234899328859;5;Medium;False;True
7.0;0.35;0.24;1.9;0.04;21.0;144.0;0.9550713199484109;3.35;0.38;0.7382550335570469;5;Medium;False;True
7.1;0.22;0.32;16.9;0.056;49.0;158.0;0.9622899382086277;3.37;0.38;0.6442953020134228;6;Medium;False;True
8.3;0.24;0.27;2.1;0.03;22.0;162.0;0.9542050857571849;2.99;0.68;0.7986577181208053;6;Medium;False;True
6.8;0.26;0.32;7.0;0.041;38.0;118.0;0.9566112918439238;3.25;0.52;0.7248322147651007;6;Medium;False;True
7.2;0.16;0.26;7.1;0.054;41.0;224.0;0.9592099944176019;3.38;0.55;0.6778523489932885;5;Medium;False;True
7.9;0.18;0.36;5.9;0.058;31.0;132.0;0.957670022522089;3.25;0.52;0.7315436241610739;6;Medium;False;True
5.5;0.24;0.32;8.7;0.06;19.0;102.0;0.9567075400873933;3.27;0.31;0.697986577181208;5;Medium;False;True
7.1;0.33;0.64;13.2;0.056;12.0;105.0;0.9597874838784192;3.05;0.39;0.6174496644295301;5;Medium;False;True
7.7;0.28;0.35;15.3;0.056;31.0;117.0;0.9622899382086277;3.27;0.5;0.6442953020134228;5;Medium;False;True
7.5;0.26;0.52;13.2;0.047;64.0;179.0;0.9607499663131147;3.1;0.46;0.6040268456375839;5;Medium;False;True
6.5;0.14;0.32;2.7;0.037;18.0;89.0;0.9551675681918804;3.4;0.74;0.7718120805369127;7;High;False;True
8.2;0.21;0.32;10.65;0.053;53.0;145.0;0.9597874838784192;3.17;0.48;0.6845637583892616;6;Medium;False;True
7.2;0.2;0.31;10.0;0.054;49.0;165.0;0.9595949873914801;3.4;0.42;0.6644295302013423;6;Medium;False;True
7.2;0.115;0.3;6.8;0.056;26.0;105.0;0.9580550154959672;3.44;0.4;0.6442953020134228;6;Medium;False;True
6.4;0.29;0.2;15.6;0.04;20.0;142.0;0.9588250014437236;3.1;0.54;0.7114093959731543;5;Medium;False;True
6.8;0.24;0.34;5.1;0.038;31.0;99.0;0.9548788234614718;3.24;0.46;0.7919463087248323;6;Medium;False;True
7.0;0.24;0.34;3.0;0.035;36.0;102.0;0.953338851565959;3.18;0.43;0.8187919463087248;6;Medium;False;True
7.0;0.22;0.33;2.1;0.052;15.0;76.0;0.9557450576526978;3.2;0.41;0.7114093959731543;6;Medium;False;True
7.5;0.18;0.39;1.9;0.054;23.0;91.0;0.9568037883308629;3.27;0.45;0.6912751677852349;6;Medium;False;True
9.8;0.93;0.45;8.6;0.052;34.0;187.0;0.9619049452347495;3.12;0.59;0.6845637583892616;4;Low;False;True
7.8;0.29;0.33;8.75;0.035;33.0;181.0;0.9588250014437236;3.11;0.46;0.7181208053691275;5;Medium;False;True
7.9;0.28;0.32;3.6;0.038;9.0;76.0;0.9547825752180022;3.05;0.31;0.785234899328859;4;Low;False;True
8.5;0.25;0.27;4.7;0.031;31.0;92.0;0.9549750717049413;3.01;0.33;0.8053691275167785;6;Medium;False;True
7.4;0.18;0.27;1.3;0.048;26.0;105.0;0.9567075400873933;3.52;0.66;0.7114093959731543;6;Medium;False;True
6.3;0.24;0.37;1.8;0.031;6.0;61.0;0.9525688656182025;3.3;0.34;0.8187919463087248;4;Low;False;True
6.0;0.33;0.38;9.7;0.04;29.0;124.0;0.9580550154959672;3.47;0.48;0.7382550335570469;6;Medium;False;True
6.8;0.37;0.28;4.0;0.03;29.0;79.0;0.9528576103486112;3.23;0.46;0.8322147651006712;7;High;False;True
9.9;0.49;0.23;2.4;0.087;19.0;115.0;0.9574775260351499;2.77;0.44;0.6308724832214765;6;Medium;False;True
8.4;0.22;0.28;18.8;0.028;55.0;130.0;0.9605574698261756;2.96;0.35;0.7785234899328859;5;Medium;False;True
7.0;0.35;0.31;1.8;0.069;15.0;162.0;0.9570925330612716;3.18;0.47;0.6308724832214765;5;Medium;False;True
7.4;0.19;0.3;12.8;0.053;48.5;229.0;0.961134959286993;3.14;0.49;0.610738255033557;7;High;False;True
6.9;0.32;0.13;7.8;0.042;11.0;117.0;0.9586325049567845;3.23;0.37;0.6174496644295301;5;Medium;False;True
7.6;0.32;0.58;16.75;0.05;43.0;163.0;0.9623861864520973;3.15;0.54;0.6174496644295301;5;Medium;False;True
7.4;0.19;0.3;12.8;0.053;48.5;212.0;0.961134959286993;3.14;0.49;0.610738255033557;7;High;False;True
6.0;0.34;0.24;5.4;0.06;23.0;126.0;0.9577662707655585;3.25;0.44;0.6040268456375839;7;High;False;True
7.7;0.24;0.31;1.3;0.047;33.0;106.0;0.9557450576526978;3.22;0.55;0.7248322147651007;6;Medium;False;True
8.0;0.36;0.43;10.1;0.053;29.0;146.0;0.9607499663131147;3.4;0.46;0.6375838926174496;6;Medium;False;True
7.4;0.29;0.25;3.8;0.044;30.0;114.0;0.9547825752180022;3.11;0.4;0.7382550335570469;6;Medium;False;True
6.6;0.32;0.27;10.9;0.041;37.0;146.0;0.9589212496871932;3.24;0.47;0.6711409395973155;5;Medium;False;True
6.3;0.3;0.24;6.6;0.04;38.0;141.0;0.957670022522089;3.22;0.47;0.6375838926174496;5;Medium;False;True
6.4;0.33;0.24;9.8;0.041;29.0;109.0;0.9582475119829064;3.29;0.47;0.6778523489932885;6;Medium;False;True
7.5;0.18;0.31;11.7;0.051;24.0;94.0;0.9595949873914801;3.19;0.44;0.6375838926174496;7;High;False;True
6.5;0.39;0.81;1.2;0.217;14.0;74.0;0.9563225471135152;3.08;0.53;0.6375838926174496;5;Medium;False;True
6.8;0.25;0.18;1.4;0.056;13.0;137.0;0.9562262988700456;3.11;0.42;0.6375838926174496;5;Medium;False;True
6.4;0.18;0.32;9.6;0.052;24.0;90.0;0.9589212496871932;3.35;0.49;0.6308724832214765;6;Medium;False;True
7.1;0.18;0.32;12.2;0.048;36.0;125.0;0.9593062426610715;2.92;0.54;0.6308724832214765;6;Medium;False;True
7.6;0.27;0.42;2.6;0.044;29.0;110.0;0.9540125892702458;3.31;0.51;0.8523489932885905;6;Medium;False;True
9.2;0.23;0.35;10.7;0.037;34.0;145.0;0.9606537180696452;3.09;0.32;0.6510067114093959;5;Medium;False;True
7.9;0.28;0.41;4.9;0.058;31.0;153.0;0.9592099944176019;3.27;0.51;0.6510067114093959;6;Medium;False;True
7.0;0.22;0.26;1.1;0.037;20.0;71.0;0.9530501068355502;3.1;0.38;0.785234899328859;6;Medium;False;True
7.3;0.18;0.29;1.0;0.036;26.0;101.0;0.9528576103486112;3.09;0.37;0.785234899328859;6;Medium;False;True
7.1;0.26;0.19;8.2;0.051;53.0;187.0;0.9586325049567845;3.16;0.52;0.6510067114093959;5;Medium;False;True
6.6;0.25;0.42;11.3;0.049;77.0;231.0;0.9592099944176019;3.24;0.52;0.6375838926174496;6;Medium;False;True
6.4;0.24;0.23;7.3;0.069;31.0;157.0;0.9588250014437236;3.25;0.53;0.610738255033557;5;Medium;False;True
6.0;0.28;0.27;2.3;0.051;23.0;147.0;0.9567075400873933;3.23;0.67;0.6912751677852349;6;Medium;False;True
7.8;0.24;0.38;2.1;0.058;14.0;167.0;0.9567075400873933;3.21;0.55;0.6644295302013423;5;Medium;False;True
7.6;0.27;0.33;2.0;0.059;19.0;175.0;0.9570925330612716;3.22;0.56;0.6644295302013423;5;Medium;False;True
7.7;0.39;0.34;10.0;0.056;35.0;178.0;0.9599799803653583;3.26;0.6;0.6845637583892616;5;Medium;False;True
8.9;0.24;0.33;15.75;0.035;16.0;132.0;0.9586325049567845;3.0;0.37;0.8120805369127516;6;Medium;False;True
6.6;0.23;0.24;3.9;0.045;36.0;138.0;0.9549750717049413;3.15;0.64;0.7583892617449665;7;High;False;True
7.1;0.26;0.3;2.0;0.031;13.0;128.0;0.9544938304875936;3.19;0.49;0.7651006711409396;5;Medium;False;True
7.0;0.32;0.35;1.5;0.039;24.0;125.0;0.9545900787310632;3.17;0.64;0.8187919463087248;6;Medium;False;True
7.4;0.24;0.26;1.6;0.058;53.0;150.0;0.9563225471135152;3.18;0.5;0.6644295302013423;7;High;False;True
6.9;0.21;0.33;1.4;0.056;35.0;136.0;0.9565150436004543;3.63;0.78;0.6912751677852349;6;Medium;False;True
7.4;0.17;0.29;1.4;0.047;23.0;107.0;0.9566112918439238;3.52;0.65;0.697986577181208;6;Medium;False;True
8.5;0.28;0.34;13.8;0.041;32.0;161.0;0.9606537180696452;3.13;0.4;0.6644295302013423;6;Medium;False;True
7.8;0.3;0.37;1.3;0.051;16.0;96.0;0.9568037883308629;3.32;0.62;0.6711409395973155;5;Medium;False;True
8.1;0.25;0.38;3.8;0.051;18.0;129.0;0.9555525611657587;3.21;0.38;0.7718120805369127;6;Medium;False;True
7.7;0.28;0.29;6.9;0.041;29.0;163.0;0.9578625190090281;3.44;0.6;0.7046979865771812;6;Medium;False;True
6.5;0.24;0.36;2.2;0.027;36.0;134.0;0.9526651138616721;3.28;0.36;0.8389261744966443;7;High;False;True
7.0;0.22;0.32;1.6;0.045;40.0;120.0;0.9542050857571849;2.98;0.44;0.7046979865771812;6;Medium;False;True
8.0;0.45;0.28;10.8;0.051;25.0;157.0;0.9583437602263759;3.06;0.47;0.7651006711409396;7;High;False;True
6.9;0.23;0.33;12.8;0.056;44.0;169.0;0.9605574698261756;3.42;0.42;0.6577181208053692;6;Medium;False;True
7.6;0.23;0.26;15.3;0.067;32.0;166.0;0.961134959286993;3.03;0.44;0.6174496644295301;4;Low;False;True
7.7;0.28;0.58;12.1;0.046;60.0;177.0;0.9608462145565843;3.08;0.46;0.5973154362416108;5;Medium;False;True
7.7;0.27;0.61;12.0;0.046;64.0;179.0;0.9607499663131147;3.07;0.46;0.5973154362416108;5;Medium;False;True
7.1;0.2;0.36;11.6;0.042;45.0;124.0;0.9595949873914801;2.92;0.59;0.6375838926174496;7;High;False;True
6.9;0.25;0.35;9.2;0.034;42.0;150.0;0.9573812777916804;3.21;0.36;0.7718120805369127;6;Medium;False;True
8.4;0.2;0.31;2.8;0.054;16.0;89.0;0.9568615372769447;2.96;0.45;0.6375838926174496;6;Medium;False;True
6.5;0.39;0.35;1.6;0.049;10.0;164.0;0.9578240197116403;3.35;0.51;0.6510067114093959;5;Medium;False;True
7.2;0.23;0.38;6.1;0.067;20.0;90.0;0.9576315232247011;3.17;0.79;0.6510067114093959;5;Medium;False;True
6.9;0.44;0.42;8.5;0.048;10.0;147.0;0.9599799803653583;3.32;0.46;0.6375838926174496;6;Medium;False;True
7.1;0.28;0.19;7.8;0.04;48.0;184.0;0.9584303836454984;3.16;0.5;0.6308724832214765;5;Medium;False;True
6.4;0.34;0.2;14.9;0.06;37.0;162.0;0.9608462145565843;3.13;0.45;0.6040268456375839;4;Low;False;True
6.1;0.15;0.29;6.2;0.046;39.0;151.0;0.9573909026160272;3.6;0.44;0.7114093959731543;6;Medium;False;True
7.2;0.29;0.18;8.2;0.042;41.0;180.0;0.9590559972280506;3.16;0.49;0.610738255033557;5;Medium;False;True
6.1;0.23;0.45;10.6;0.094;49.0;169.0;0.9595853625671332;3.05;0.54;0.5906040268456376;5;Medium;False;True
6.7;0.23;0.42;11.2;0.047;52.0;171.0;0.9601532272036035;3.54;0.74;0.697986577181208;5;Medium;False;True
7.0;0.36;0.14;11.6;0.043;35.0;228.0;0.960268725095767;3.13;0.51;0.5973154362416108;5;Medium;False;True
7.5;0.31;0.24;7.1;0.031;28.0;141.0;0.9566786656143526;3.16;0.38;0.7114093959731543;7;High;False;True
7.4;0.2;0.29;1.7;0.047;16.0;100.0;0.9551964426649214;3.28;0.45;0.7114093959731543;6;Medium;False;True
6.3;0.27;0.18;7.7;0.048;45.0;186.0;0.9588250014437236;3.23;0.47;0.6040268456375839;5;Medium;False;True
9.2;0.34;0.54;17.3;0.06;46.0;235.0;0.9642341527267126;3.08;0.61;0.5906040268456376;6;Medium;False;True
7.4;0.18;0.29;1.4;0.042;34.0;101.0;0.956553542897842;3.54;0.6;0.7046979865771812;7;High;False;True
7.2;0.29;0.2;7.7;0.046;51.0;174.0;0.9584592581185394;3.16;0.52;0.6375838926174496;5;Medium;False;True
6.2;0.26;0.19;3.4;0.049;47.0;172.0;0.9551675681918804;3.14;0.43;0.697986577181208;6;Medium;False;True
7.3;0.21;0.21;1.6;0.046;35.0;133.0;0.9573427784942925;3.38;0.46;0.6711409395973155;6;Medium;False;True
7.1;0.14;0.35;1.4;0.039;24.0;128.0;0.9548980731101657;2.97;0.68;0.697986577181208;5;Medium;False;True
7.2;0.39;0.54;1.4;0.157;34.0;132.0;0.9571791564803942;3.11;0.53;0.6040268456375839;6;Medium;False;True
7.6;0.48;0.28;10.4;0.049;57.0;205.0;0.960056978960134;3.24;0.45;0.6241610738255033;5;Medium;False;True
6.5;0.36;0.31;4.1;0.061;20.0;134.0;0.9574294019134151;3.18;0.45;0.6040268456375839;6;Medium;False;True
8.5;0.25;0.31;2.8;0.032;11.0;61.0;0.9546767021501857;3.06;0.44;0.7718120805369127;6;Medium;False;True
6.9;0.3;0.21;15.7;0.056;49.0;159.0;0.9608173400835435;3.11;0.48;0.6040268456375839;5;Medium;False;True
6.6;0.19;0.43;10.9;0.045;53.0;154.0;0.9600954782575217;3.52;0.77;0.697986577181208;6;Medium;False;True
9.4;0.42;0.32;6.5;0.027;20.0;167.0;0.9574679012108028;3.08;0.43;0.7114093959731543;5;Medium;False;True
6.3;0.2;0.3;5.9;0.034;35.0;152.0;0.9590367475793566;3.47;0.4;0.5704697986577181;6;Medium;False;True
8.5;0.19;0.56;17.3;0.055;47.0;169.0;0.9629348014398736;3.07;0.67;0.6241610738255033;6;Medium;False;True
7.3;0.19;0.25;1.4;0.051;41.0;107.0;0.9565342932491482;3.53;0.66;0.7046979865771812;7;High;False;True
6.7;0.25;0.26;13.5;0.06;50.0;156.0;0.9604034726366243;3.39;0.46;0.6644295302013423;6;Medium;False;True
6.2;0.25;0.28;8.5;0.035;28.0;108.0;0.9575352749812316;3.4;0.42;0.697986577181208;6;Medium;False;True
6.1;0.46;0.32;6.2;0.053;10.0;94.0;0.9580261410229263;3.35;0.47;0.6778523489932885;5;Medium;False;True
7.5;0.29;0.26;14.95;0.067;47.0;178.0;0.96092321315136;3.04;0.49;0.6174496644295301;4;Low;False;True
6.7;0.31;0.18;7.7;0.043;57.0;200.0;0.958305260928988;3.17;0.44;0.6308724832214765;6;Medium;False;True
7.4;0.14;0.3;1.3;0.033;25.0;91.0;0.9554370632735952;3.53;0.39;0.7114093959731543;6;Medium;False;True
7.1;0.4;0.52;1.3;0.148;45.0;149.0;0.9573620281429864;3.08;0.56;0.5838926174496644;5;Medium;False;True
6.4;0.16;0.25;1.3;0.047;20.0;77.0;0.9560338023831064;3.61;0.54;0.6845637583892616;6;Medium;False;True
6.3;0.16;0.22;1.3;0.046;18.0;66.0;0.9558124314231266;3.61;0.55;0.6912751677852349;6;Medium;False;True
7.4;0.33;0.26;15.6;0.049;67.0;210.0;0.9615873260312999;3.06;0.68;0.6375838926174496;5;Medium;False;True
6.6;0.41;0.24;4.9;0.158;47.0;144.0;0.9573909026160272;3.17;0.49;0.6308724832214765;5;Medium;False;True
6.7;0.43;0.23;5.0;0.157;49.0;145.0;0.9573909026160272;3.17;0.49;0.6308724832214765;5;Medium;False;True
7.3;0.4;0.28;6.5;0.037;26.0;97.0;0.9542820843519606;3.16;0.58;0.8456375838926175;7;High;False;True
7.4;0.18;0.24;1.4;0.047;21.0;106.0;0.9565439180734951;3.52;0.64;0.7046979865771812;7;High;False;True
8.6;0.17;0.28;2.7;0.047;38.0;150.0;0.95637067123525;3.1;0.56;0.7248322147651007;6;Medium;False;True
6.5;0.32;0.23;1.2;0.054;39.0;208.0;0.9554755625709831;3.18;0.46;0.6644295302013423;6;Medium;False;True
7.0;0.32;0.31;6.4;0.031;38.0;115.0;0.9551194440701457;3.38;0.58;0.8187919463087248;7;High;False;True
7.5;0.42;0.19;6.9;0.041;62.0;150.0;0.9577470211168646;3.23;0.37;0.6711409395973155;6;Medium;False;True
6.9;0.28;0.31;7.2;0.04;47.0;168.0;0.9572850295482108;3.29;0.57;0.7114093959731543;7;High;False;True
6.5;0.29;0.42;10.6;0.042;66.0;202.0;0.9593447419584592;3.24;0.53;0.6375838926174496;6;Medium;False;True
6.3;0.41;0.18;3.5;0.027;23.0;109.0;0.9530308571868563;3.34;0.54;0.8590604026845637;8;High;False;True
7.3;0.3;0.33;2.3;0.043;28.0;125.0;0.9536660955937555;3.34;0.44;0.8456375838926175;7;High;False;True
6.6;0.22;0.28;12.05;0.058;25.0;125.0;0.9610964599896051;3.45;0.45;0.6308724832214765;5;Medium;False;True
6.0;0.26;0.18;7.0;0.055;50.0;194.0;0.9585458815376618;3.21;0.43;0.6040268456375839;5;Medium;False;True
6.9;0.44;0.18;11.8;0.051;26.0;126.0;0.9600762286088279;3.23;0.48;0.610738255033557;5;Medium;False;True
7.5;0.42;0.2;1.4;0.06;15.0;168.0;0.9570925330612716;3.06;0.4;0.6308724832214765;6;Medium;False;True
7.0;0.36;0.3;5.0;0.04;40.0;143.0;0.9545227049606344;3.33;0.42;0.8187919463087248;7;High;False;True
5.6;0.295;0.2;2.2;0.049;18.0;134.0;0.9564957939517603;3.21;0.68;0.6711409395973155;5;Medium;False;True
6.8;0.21;0.55;14.6;0.053;34.0;159.0;0.9606055939479105;2.93;0.44;0.6174496644295301;5;Medium;False;True
9.4;0.28;0.3;1.6;0.045;36.0;139.0;0.9579972665498855;3.11;0.49;0.6241610738255033;5;Medium;False;True
8.1;0.28;0.34;1.3;0.035;11.0;126.0;0.9550905695971048;3.14;0.5;0.6577181208053692;6;Medium;False;True
7.0;0.22;0.26;2.8;0.036;44.0;132.0;0.9536083466476737;3.34;0.41;0.8053691275167785;7;High;False;True
6.8;0.32;0.3;3.3;0.029;15.0;80.0;0.9534447246337754;3.33;0.63;0.8456375838926175;7;High;False;True
7.0;0.19;0.33;6.3;0.032;42.0;127.0;0.9546093283797571;3.31;0.38;0.8187919463087248;6;Medium;False;True
7.7;0.42;0.38;8.1;0.061;49.0;144.0;0.9592099944176019;3.4;0.58;0.7382550335570469;6;Medium;False;True
7.4;0.2;0.31;1.6;0.038;34.0;116.0;0.9540125892702458;3.25;0.39;0.8053691275167785;7;High;False;True
7.5;0.24;0.62;10.6;0.045;51.0;153.0;0.9603553485148896;3.16;0.44;0.5906040268456376;5;Medium;False;True
7.5;0.26;0.59;11.8;0.046;58.0;164.0;0.960692217367033;3.17;0.46;0.5973154362416108;4;Low;False;True
6.6;0.4;0.32;1.7;0.035;39.0;84.0;0.9537815934859188;3.59;0.48;0.8523489932885905;7;High;False;True
8.0;0.2;0.3;8.1;0.037;42.0;130.0;0.9565054187761073;3.1;0.67;0.7919463087248323;6;Medium;False;True
4.6;0.445;0.0;1.4;0.053;11.0;178.0;0.9569577855204142;3.79;0.55;0.6845637583892616;5;Medium;False;True
6.1;0.41;0.04;1.3;0.036;23.0;121.0;0.9550520702997171;3.24;0.61;0.6644295302013423;6;Medium;False;True
7.6;0.2;0.34;1.8;0.041;42.0;148.0;0.9560819265048413;3.35;0.66;0.7449664429530201;6;Medium;False;True
6.9;0.3;0.21;7.2;0.045;54.0;190.0;0.9585843808350497;3.22;0.48;0.6308724832214765;5;Medium;False;True
7.0;0.35;0.17;1.1;0.049;7.0;119.0;0.955716183179657;3.13;0.36;0.6510067114093959;6;Medium;False;True
6.9;0.35;0.55;11.95;0.038;22.0;111.0;0.9594698646749698;3.11;0.29;0.6510067114093959;5;Medium;False;True
7.6;0.3;0.4;2.2;0.054;29.0;175.0;0.9571406571830063;3.19;0.53;0.6577181208053692;5;Medium;False;True
7.5;0.38;0.29;12.7;0.05;25.0;209.0;0.961134959286993;3.25;0.59;0.6241610738255033;6;Medium;False;True
7.5;0.3;0.32;1.4;0.032;31.0;161.0;0.9543398332980423;2.95;0.42;0.7046979865771812;5;Medium;False;True
6.3;0.4;0.32;10.6;0.049;38.0;209.0;0.9606537180696452;3.47;0.59;0.6241610738255033;6;Medium;False;True
6.8;0.37;0.28;1.9;0.024;64.0;106.0;0.9527902365781824;3.45;0.6;0.8456375838926175;8;High;False;True
7.5;0.23;0.35;17.8;0.058;128.0;212.0;0.9648020173631832;3.44;0.43;0.5973154362416108;5;Medium;False;True
8.3;0.27;0.34;10.2;0.048;50.0;118.0;0.9597489845810314;3.18;0.51;0.6912751677852349;5;Medium;False;True
6.8;0.26;0.22;4.8;0.041;110.0;198.0;0.9570636585882307;3.29;0.67;0.7114093959731543;5;Medium;False;True
6.5;0.28;0.35;9.8;0.067;61.0;180.0;0.9597874838784192;3.15;0.57;0.6040268456375839;4;Low;False;True
7.2;0.34;0.3;8.4;0.051;40.0;167.0;0.9601339775549096;3.48;0.62;0.6510067114093959;5;Medium;False;True
7.0;0.23;0.26;7.2;0.041;21.0;90.0;0.9577566459412116;3.22;0.55;0.6375838926174496;6;Medium;False;True
7.7;0.29;0.29;4.8;0.06;27.0;156.0;0.9583630098750698;3.49;0.59;0.6912751677852349;6;Medium;False;True
7.7;0.4;0.27;4.5;0.034;27.0;95.0;0.9545419546093283;3.21;0.59;0.825503355704698;8;High;False;True
6.7;0.17;0.27;1.4;0.032;39.0;149.0;0.9553023157327378;3.4;0.52;0.7046979865771812;5;Medium;False;True
8.1;0.24;0.26;11.0;0.043;41.0;211.0;0.9593639916071531;3.11;0.49;0.6711409395973155;6;Medium;False;True
7.7;0.28;0.63;11.1;0.039;58.0;179.0;0.9604612215827061;3.08;0.44;0.5906040268456376;4;Low;False;True
7.5;0.23;0.29;2.6;0.031;24.0;98.0;0.9547248262719206;3.0;0.54;0.7315436241610739;6;Medium;False;True
8.3;0.26;0.31;2.0;0.029;14.0;141.0;0.9535987218233267;2.95;0.77;0.8187919463087248;6;Medium;False;True
7.9;0.46;0.4;10.1;0.168;19.0;184.0;0.9603842229879305;3.06;0.62;0.6375838926174496;5;Medium;False;True
7.9;0.31;0.22;13.3;0.048;46.0;212.0;0.9619241948834434;3.47;0.59;0.6711409395973155;5;Medium;False;True
7.9;0.25;0.34;11.4;0.04;53.0;202.0;0.9596719859862557;3.11;0.57;0.6442953020134228;6;Medium;False;True
6.1;0.28;0.16;1.3;0.06;36.0;126.0;0.9562551733430865;3.13;0.46;0.5838926174496644;6;Medium;False;True
7.0;0.18;0.26;1.4;0.044;46.0;89.0;0.9553215653814318;3.39;0.48;0.7181208053691275;7;High;False;True
6.5;0.21;0.28;1.4;0.046;26.0;66.0;0.9547729503936553;3.43;0.48;0.7449664429530201;6;Medium;False;True
7.6;0.48;0.33;7.0;0.024;14.0;130.0;0.9545900787310632;3.25;0.45;0.8389261744966443;7;High;False;True
7.1;0.34;0.32;2.0;0.051;29.0;130.0;0.9562647981674334;3.3;0.5;0.697986577181208;6;Medium;False;True
8.9;0.21;0.37;1.2;0.028;20.0;93.0;0.9552060674892683;3.2;0.37;0.7718120805369127;5;Medium;False;True
7.4;0.32;0.27;12.9;0.04;60.0;221.0;0.9608558393809313;3.05;0.66;0.6308724832214765;5;Medium;False;True
6.0;0.495;0.27;5.0;0.157;17.0;129.0;0.9566690407900055;3.03;0.36;0.6241610738255033;5;Medium;False;True
8.1;0.25;0.34;10.1;0.05;30.0;121.0;0.959825983175807;3.17;0.49;0.6778523489932885;6;Medium;False;True
8.2;0.25;0.46;3.75;0.05;14.0;102.0;0.9579010183064159;3.28;0.58;0.6510067114093959;5;Medium;False;True
6.5;0.18;0.29;1.7;0.035;39.0;144.0;0.9554563129222892;3.49;0.5;0.7046979865771812;6;Medium;False;True
6.7;0.24;0.26;12.6;0.053;44.0;182.0;0.9605767194748696;3.42;0.42;0.6510067114093959;5;Medium;False;True
6.6;0.32;0.24;1.3;0.06;42.5;204.0;0.9577855204142525;3.59;0.51;0.6174496644295301;5;Medium;False;True
7.6;0.32;0.35;1.6;0.092;24.0;138.0;0.9570732834125778;3.19;0.44;0.6577181208053692;5;Medium;False;True
7.4;0.33;0.44;7.6;0.05;40.0;227.0;0.959392866080194;3.12;0.52;0.6040268456375839;5;Medium;False;True
7.2;0.3;0.3;8.1;0.05;40.0;188.0;0.9591329958228262;3.15;0.49;0.610738255033557;6;Medium;False;True
7.4;0.34;0.3;14.9;0.037;70.0;169.0;0.9595757377427862;3.25;0.37;0.697986577181208;6;Medium;False;True
6.1;0.16;0.29;6.0;0.03;29.0;144.0;0.9574197770890681;3.68;0.46;0.7181208053691275;6;Medium;False;True
6.3;0.1;0.24;6.0;0.039;25.0;107.0;0.9577758955899055;3.59;0.49;0.7046979865771812;7;High;False;True
6.2;0.45;0.73;7.2;0.099;47.0;202.0;0.9584592581185394;3.21;0.43;0.6174496644295301;5;Medium;False;True
6.0;0.33;0.18;3.0;0.036;5.0;85.0;0.9540607133919805;3.28;0.4;0.7718120805369127;4;Low;False;True
7.6;0.48;0.37;1.2;0.034;5.0;57.0;0.9553215653814318;3.05;0.54;0.697986577181208;3;Low;False;True
7.2;0.2;0.3;2.0;0.039;43.0;188.0;0.9539163410267762;3.3;0.41;0.8053691275167785;6;Medium;False;True
7.0;0.32;0.29;4.9;0.036;41.0;150.0;0.9544745808388997;3.38;0.43;0.8187919463087248;6;Medium;False;True
7.0;0.22;0.29;8.9;0.05;24.0;90.0;0.9582090126855185;3.29;0.46;0.6577181208053692;6;Medium;False;True
9.4;0.23;0.56;16.45;0.063;52.5;282.0;0.9634256674815684;3.1;0.51;0.6241610738255033;5;Medium;False;True
6.4;0.27;0.19;2.0;0.084;21.0;191.0;0.9578240197116403;3.49;0.63;0.6442953020134228;4;Low;False;True
6.4;0.27;0.19;1.9;0.085;21.0;196.0;0.9578240197116403;3.49;0.64;0.6375838926174496;4;Low;False;True
7.0;0.23;0.42;5.1;0.042;37.0;144.0;0.9578432693603341;3.5;0.59;0.6845637583892616;6;Medium;False;True
6.9;0.15;0.28;4.4;0.029;14.0;107.0;0.9561974243970047;3.24;0.46;0.697986577181208;8;High;False;True
6.7;0.26;0.29;5.8;0.025;26.0;74.0;0.9556488094092283;3.28;0.53;0.7382550335570469;6;Medium;False;True
7.6;0.2;0.68;12.9;0.042;56.0;160.0;0.9609520876244009;3.05;0.41;0.5838926174496644;5;Medium;False;True
6.9;0.3;0.29;1.3;0.053;24.0;189.0;0.956341796762209;3.29;0.54;0.6644295302013423;4;Low;False;True
6.9;0.3;0.3;1.3;0.053;24.0;186.0;0.9563321719378621;3.29;0.54;0.6644295302013423;4;Low;False;True
7.6;0.21;0.35;1.2;0.041;7.0;106.0;0.9542050857571849;3.06;0.45;0.7583892617449665;4;Low;False;True
6.8;0.46;0.26;2.7;0.042;28.0;83.0;0.9539548403241641;3.38;0.51;0.8053691275167785;8;High;False;True
7.0;0.28;0.26;1.7;0.042;34.0;130.0;0.9552638164353501;3.43;0.5;0.7181208053691275;8;High;False;True
6.5;0.24;0.29;8.2;0.043;32.0;156.0;0.9572176557777821;3.13;0.7;0.6778523489932885;6;Medium;False;True
6.4;0.17;0.34;1.5;0.091;42.0;135.0;0.9565150436004543;3.25;0.49;0.6442953020134228;7;High;False;True
6.4;0.17;0.34;1.5;0.093;43.0;136.0;0.9565150436004543;3.25;0.49;0.6442953020134228;6;Medium;False;True
6.3;0.695;0.55;12.9;0.056;58.0;252.0;0.9606152187722573;3.29;0.49;0.5838926174496644;5;Medium;False;True
7.0;0.27;0.29;3.9;0.059;28.0;199.0;0.9587287532002541;3.54;0.59;0.6912751677852349;5;Medium;False;True
8.4;0.3;0.25;17.75;0.047;25.0;218.0;0.962636431885118;2.98;0.66;0.610738255033557;5;Medium;False;True
6.5;0.19;0.27;4.9;0.037;13.0;101.0;0.9543975822441241;3.17;0.41;0.7919463087248323;6;Medium;False;True
8.0;0.36;0.39;1.6;0.024;26.0;93.0;0.953974089972858;3.15;0.49;0.7986577181208053;6;Medium;False;True
6.1;0.16;0.24;1.4;0.046;17.0;77.0;0.95592792931529;3.66;0.57;0.6912751677852349;6;Medium;False;True
9.2;0.19;0.42;2.0;0.047;16.0;104.0;0.9578336445359872;3.09;0.66;0.6711409395973155;4;Low;False;True
9.2;0.16;0.49;2.0;0.044;18.0;107.0;0.9578047700629464;3.1;0.53;0.6845637583892616;4;Low;False;True
8.0;0.26;0.28;8.2;0.038;72.0;202.0;0.958305260928988;3.12;0.56;0.6711409395973155;6;Medium;False;True
8.8;0.33;0.36;2.1;0.034;19.0;125.0;0.9544553311902058;2.96;0.98;0.8523489932885905;6;Medium;False;True
9.8;0.16;0.46;1.8;0.046;23.0;130.0;0.9585073822402741;3.04;0.67;0.6442953020134228;5;Medium;False;True
6.6;0.23;0.18;8.5;0.044;59.0;188.0;0.9582282623342124;3.16;0.49;0.6375838926174496;5;Medium;False;True
7.9;0.44;0.26;4.45;0.033;23.0;100.0;0.9539837147972049;3.17;0.52;0.8523489932885905;6;Medium;False;True
7.6;0.31;0.27;5.8;0.036;23.0;109.0;0.9566979152630465;3.34;0.54;0.7382550335570469;6;Medium;False;True
7.5;0.705;0.1;13.0;0.044;44.0;214.0;0.9599896051897053;3.1;0.5;0.610738255033557;5;Medium;False;True
7.1;0.21;0.28;2.7;0.034;23.0;111.0;0.9567556642091282;3.35;0.64;0.6845637583892616;4;Low;False;True
7.0;0.16;0.26;7.3;0.047;30.0;220.0;0.9588442510924176;3.38;0.58;0.6778523489932885;6;Medium;False;True
8.0;0.27;0.25;19.1;0.045;50.0;208.0;0.9629733007372615;3.05;0.5;0.6174496644295301;6;Medium;False;True
6.3;0.38;0.17;8.8;0.08;50.0;212.0;0.9605863442992165;3.47;0.66;0.6308724832214765;4;Low;False;True
6.2;0.38;0.18;7.4;0.095;28.0;195.0;0.9602975995688079;3.53;0.71;0.6174496644295301;4;Low;False;True
8.2;0.24;0.3;2.3;0.05;23.0;106.0;0.9566786656143526;2.98;0.5;0.6711409395973155;5;Medium;False;True
7.0;0.16;0.26;6.85;0.047;30.0;220.0;0.9588442510924176;3.38;0.58;0.6778523489932885;6;Medium;False;True
7.3;0.815;0.09;11.4;0.044;45.0;204.0;0.9597201101079905;3.15;0.46;0.6040268456375839;5;Medium;False;True
6.3;0.41;0.16;0.9;0.032;25.0;98.0;0.9554948122196769;3.16;0.42;0.6375838926174496;5;Medium;False;True
6.1;0.36;0.41;19.35;0.07;67.0;207.0;0.9636181639685075;3.39;0.53;0.610738255033557;5;Medium;False;True
8.1;0.4;0.32;7.9;0.031;23.0;118.0;0.9545515794336753;3.05;0.46;0.8926174496644296;7;High;False;True
6.8;0.26;0.43;11.75;0.045;53.0;198.0;0.9594987391480105;3.26;0.55;0.6375838926174496;5;Medium;False;True
6.2;0.44;0.18;7.7;0.096;28.0;210.0;0.960278349920114;3.56;0.72;0.6174496644295301;5;Medium;False;True
7.2;0.24;0.29;3.0;0.036;17.0;117.0;0.95681341315521;3.36;0.68;0.6778523489932885;6;Medium;False;True
7.3;0.22;0.26;1.5;0.04;32.0;172.0;0.9547248262719206;3.27;0.48;0.7516778523489932;6;Medium;False;True
8.1;0.34;0.28;7.5;0.04;70.0;230.0;0.9582282623342124;3.14;0.55;0.6577181208053692;6;Medium;False;True
6.4;0.28;0.17;8.3;0.042;61.0;195.0;0.9584111339968046;3.22;0.46;0.6308724832214765;5;Medium;False;True
6.3;0.29;0.14;7.05;0.045;50.0;177.0;0.9582860112802941;3.23;0.42;0.6040268456375839;5;Medium;False;True
6.4;0.27;0.17;8.4;0.044;60.0;198.0;0.9584207588211515;3.21;0.47;0.6308724832214765;5;Medium;False;True
7.4;0.35;0.2;13.9;0.054;63.0;229.0;0.9614044543687077;3.11;0.5;0.5973154362416108;6;Medium;False;True
8.3;0.28;0.27;17.5;0.045;48.0;253.0;0.9626171822364242;3.02;0.56;0.610738255033557;6;Medium;False;True
6.4;0.35;0.35;5.6;0.034;9.0;148.0;0.9571021578856186;3.17;0.5;0.6577181208053692;4;Low;False;True
6.9;0.43;0.28;9.4;0.056;29.0;183.0;0.9585747560107029;3.17;0.43;0.6308724832214765;5;Medium;False;True
8.0;0.26;0.28;4.8;0.05;34.0;150.0;0.9570636585882307;3.13;0.5;0.6711409395973155;6;Medium;False;True
7.3;0.27;0.37;9.7;0.042;36.0;130.0;0.9604612215827061;3.48;0.75;0.6644295302013423;6;Medium;False;True
6.8;0.46;0.26;6.3;0.147;49.0;159.0;0.9570347841151899;3.14;0.47;0.6711409395973155;5;Medium;False;True
7.2;0.2;0.28;1.6;0.028;13.0;168.0;0.9548114496910431;3.17;1.06;0.7718120805369127;6;Medium;False;True
7.6;0.285;0.32;14.6;0.063;32.0;201.0;0.9605574698261756;3.0;0.45;0.6174496644295301;5;Medium;False;True
6.6;0.32;0.33;2.5;0.052;40.0;219.5;0.9558990548422491;3.15;0.6;0.6711409395973155;5;Medium;False;True
6.6;0.34;0.34;2.6;0.051;40.5;210.0;0.9558798051935552;3.15;0.61;0.6711409395973155;5;Medium;False;True
6.6;0.32;0.33;2.5;0.052;40.0;210.0;0.9558990548422491;3.15;0.6;0.6711409395973155;5;Medium;False;True
6.5;0.27;0.26;8.2;0.042;21.0;133.0;0.958748002848948;3.43;0.64;0.6577181208053692;6;Medium;False;True
6.6;0.26;0.27;1.5;0.04;19.0;114.0;0.9556969335309631;3.36;0.62;0.7046979865771812;6;Medium;False;True
6.7;0.27;0.26;2.3;0.043;61.0;181.0;0.9566497911413117;3.45;0.63;0.7114093959731543;6;Medium;False;True
6.6;0.56;0.15;10.0;0.037;38.0;157.0;0.9590367475793566;3.28;0.52;0.6308724832214765;5;Medium;False;True
7.3;0.19;0.27;1.6;0.027;35.0;136.0;0.9552445667866561;3.38;0.54;0.7382550335570469;7;High;False;True
6.3;0.2;0.26;1.6;0.027;36.0;141.0;0.9554370632735952;3.53;0.56;0.7248322147651007;6;Medium;False;True
7.1;0.29;0.3;16.0;0.036;58.0;201.0;0.9620396927756069;3.3;0.67;0.6040268456375839;5;Medium;False;True
7.8;0.32;0.33;10.4;0.031;47.0;194.0;0.9595179887967045;3.07;0.58;0.6442953020134228;6;Medium;False;True
8.1;0.33;0.36;7.4;0.037;36.0;156.0;0.9585555063620089;3.19;0.54;0.7114093959731543;6;Medium;False;True
6.6;0.33;0.24;16.05;0.045;31.0;147.0;0.9607692159618086;3.08;0.52;0.6174496644295301;5;Medium;False;True
8.2;0.26;0.33;2.6;0.053;11.0;71.0;0.9567267897360873;2.89;0.49;0.6375838926174496;5;Medium;False;True
8.3;0.25;0.33;2.5;0.053;12.0;72.0;0.9567460393847812;2.89;0.48;0.6375838926174496;5;Medium;False;True
7.0;0.26;0.26;10.8;0.039;37.0;184.0;0.9604323471096653;3.47;0.58;0.6912751677852349;7;High;False;True
6.0;0.26;0.15;1.2;0.053;35.0;124.0;0.9561974243970047;3.08;0.46;0.5906040268456376;5;Medium;False;True
7.5;0.28;0.78;12.1;0.041;53.0;161.0;0.96092321315136;2.98;0.44;0.5838926174496644;5;Medium;False;True
7.5;0.27;0.79;11.95;0.04;51.0;159.0;0.9609328379757069;2.98;0.44;0.5838926174496644;5;Medium;False;True
7.0;0.28;0.32;1.7;0.038;27.0;128.0;0.9564669194787195;3.2;0.62;0.6845637583892616;6;Medium;False;True
5.2;0.16;0.34;0.8;0.029;26.0;77.0;0.9543494581223892;3.25;0.51;0.6778523489932885;6;Medium;False;True
6.8;0.34;0.1;1.4;0.049;29.0;118.0;0.9563225471135152;3.21;0.41;0.6375838926174496;5;Medium;False;True
7.6;0.25;0.34;1.3;0.056;34.0;176.0;0.9570347841151899;3.1;0.51;0.6375838926174496;5;Medium;False;True
5.6;0.35;0.4;6.3;0.022;23.0;174.0;0.9549750717049413;3.54;0.5;0.7785234899328859;7;High;False;True
8.8;0.24;0.23;10.3;0.032;12.0;97.0;0.9583533850507228;3.13;0.4;0.7181208053691275;6;Medium;False;True
6.0;0.29;0.21;15.55;0.043;20.0;142.0;0.959190744768908;3.11;0.54;0.6778523489932885;6;Medium;False;True
6.1;0.27;0.31;1.5;0.035;17.0;83.0;0.9535890969989798;3.32;0.44;0.7449664429530201;7;High;False;True
7.4;0.56;0.09;1.5;0.071;19.0;117.0;0.9576315232247011;3.22;0.53;0.6577181208053692;5;Medium;False;True
6.8;0.29;0.49;1.4;0.142;52.0;148.0;0.9564187953569847;3.08;0.49;0.6040268456375839;6;Medium;False;True
6.3;0.27;0.37;7.9;0.047;58.0;215.0;0.9580742651446611;3.19;0.48;0.6375838926174496;6;Medium;False;True
6.6;0.24;0.3;13.0;0.052;18.0;143.0;0.9607980904348495;3.37;0.49;0.6308724832214765;6;Medium;False;True
6.8;0.32;0.3;1.0;0.049;22.0;113.0;0.9556391845848814;3.24;0.61;0.6845637583892616;5;Medium;False;True
6.4;0.37;0.37;4.85;0.041;39.5;216.5;0.957015534466496;3.1;0.5;0.6577181208053692;6;Medium;False;True
6.2;0.26;0.37;7.1;0.047;54.0;201.0;0.9578913934820689;3.19;0.48;0.6375838926174496;6;Medium;False;True
6.4;0.3;0.16;7.5;0.05;55.0;191.0;0.958536256713315;3.17;0.49;0.6040268456375839;5;Medium;False;True
8.0;0.28;0.32;7.6;0.045;61.0;204.0;0.9580838899690081;3.1;0.55;0.6778523489932885;6;Medium;False;True
6.7;0.24;0.32;10.3;0.079;37.0;122.0;0.9592292440662957;3.02;0.45;0.5906040268456376;5;Medium;False;True
7.9;0.27;0.27;1.7;0.034;25.0;122.0;0.9537045948911432;2.97;0.51;0.7986577181208053;6;Medium;False;True
6.1;0.28;0.24;19.95;0.074;32.0;174.0;0.9617316983965043;3.19;0.44;0.6241610738255033;6;Medium;False;True
7.7;0.39;0.49;7.7;0.036;11.0;110.0;0.9592099944176019;3.33;0.76;0.6711409395973155;6;Medium;False;True
6.0;0.2;0.24;5.3;0.075;49.0;201.0;0.9573427784942925;3.21;0.43;0.6375838926174496;5;Medium;False;True
7.6;0.31;0.23;12.7;0.054;20.0;139.0;0.960903963502666;3.16;0.5;0.6510067114093959;4;Low;False;True
6.3;0.18;0.22;1.5;0.043;45.0;155.0;0.9551483185431866;3.19;0.48;0.6845637583892616;5;Medium;False;True
8.6;0.23;0.25;11.3;0.031;13.0;96.0;0.9590656220523974;3.11;0.4;0.7248322147651007;5;Medium;False;True
6.8;0.21;0.36;18.1;0.046;32.0;133.0;0.9624824346955668;3.27;0.48;0.5906040268456376;5;Medium;False;True
6.9;0.26;0.31;7.0;0.039;37.0;175.0;0.9564765443030664;3.32;0.49;0.7651006711409396;6;Medium;False;True
6.4;0.31;0.4;6.4;0.039;39.0;191.0;0.9577951452385993;3.14;0.52;0.6577181208053692;5;Medium;False;True
8.6;0.34;0.36;1.4;0.045;11.0;119.0;0.9582090126855185;3.17;0.47;0.6308724832214765;4;Low;False;True
8.5;0.3;0.28;3.1;0.054;54.0;174.0;0.9580838899690081;3.21;0.43;0.6308724832214765;6;Medium;False;True
7.4;0.4;0.41;14.1;0.053;37.0;194.0;0.9613852047200138;3.2;0.63;0.6308724832214765;6;Medium;False;True
6.6;0.32;0.34;7.7;0.044;63.0;212.0;0.9579202679551099;3.22;0.48;0.6510067114093959;6;Medium;False;True
7.1;0.34;0.31;5.2;0.032;36.0;140.0;0.9544553311902058;3.35;0.47;0.825503355704698;7;High;False;True
6.6;0.26;0.25;11.6;0.045;45.0;178.0;0.9595083639723575;3.33;0.43;0.6577181208053692;6;Medium;False;True
8.0;0.27;0.57;10.4;0.053;18.0;134.0;0.9599029817705826;3.12;0.68;0.6040268456375839;5;Medium;False;True
6.2;0.28;0.45;7.5;0.045;46.0;203.0;0.9583726346994167;3.26;0.46;0.6174496644295301;6;Medium;False;True
6.2;0.3;0.49;11.2;0.058;68.0;215.0;0.959171495120214;3.19;0.6;0.6308724832214765;6;Medium;False;True
5.6;0.175;0.29;0.8;0.043;20.0;67.0;0.9539355906754702;3.28;0.48;0.6644295302013423;6;Medium;False;True
6.9;0.34;0.36;1.4;0.032;13.0;145.0;0.9549173227588597;3.07;0.52;0.6577181208053692;5;Medium;False;True
6.9;0.34;0.3;4.7;0.029;34.0;148.0;0.9544457063658588;3.36;0.49;0.825503355704698;7;High;False;True
7.1;0.12;0.3;3.1;0.018;15.0;37.0;0.952896109645999;3.02;0.52;0.7986577181208053;7;High;False;True
7.1;0.32;0.29;4.0;0.038;33.0;170.0;0.9573139040212516;3.27;0.64;0.6845637583892616;6;Medium;False;True
7.3;0.51;0.29;11.3;0.034;61.0;224.0;0.9594313653775819;3.14;0.56;0.6375838926174496;6;Medium;False;True
6.3;0.24;0.55;8.1;0.04;67.0;216.0;0.9585940056593967;3.24;0.5;0.6174496644295301;5;Medium;False;True
7.5;0.41;0.23;14.8;0.054;28.0;174.0;0.9615007026121773;3.18;0.49;0.6510067114093959;5;Medium;False;True
6.5;0.18;0.33;1.4;0.029;35.0;138.0;0.9539548403241641;3.36;0.6;0.7718120805369127;7;High;False;True
7.3;0.17;0.24;8.1;0.121;32.0;162.0;0.9577470211168646;3.17;0.38;0.697986577181208;8;High;False;True
8.2;0.2;0.38;3.5;0.053;41.0;174.0;0.9558028065987796;3.22;0.41;0.7785234899328859;5;Medium;False;True
7.3;0.16;0.35;1.5;0.036;29.0;108.0;0.9561493002752699;3.27;0.51;0.6845637583892616;6;Medium;False;True
6.4;0.16;0.37;1.5;0.037;27.0;109.0;0.9561781747483109;3.38;0.5;0.6577181208053692;6;Medium;False;True
6.6;0.42;0.13;12.8;0.044;26.0;158.0;0.9602879747444609;3.24;0.47;0.6040268456375839;5;Medium;False;True
5.8;0.3;0.12;1.6;0.036;57.0;163.0;0.9551579433675336;3.38;0.59;0.7046979865771812;6;Medium;False;True
6.7;0.54;0.27;7.1;0.049;8.0;178.0;0.9576892721707829;3.16;0.38;0.6308724832214765;4;Low;False;True
6.4;0.22;0.3;11.2;0.046;53.0;149.0;0.9574679012108028;3.21;0.34;0.7248322147651007;5;Medium;False;True
6.8;0.23;0.3;1.7;0.043;19.0;95.0;0.954849948988431;3.17;0.46;0.7181208053691275;7;High;False;True
9.0;0.26;0.34;6.7;0.029;21.0;162.0;0.9576411480490481;3.08;0.5;0.7114093959731543;6;Medium;False;True
6.5;0.23;0.25;17.3;0.046;15.0;110.0;0.9608269649078903;3.15;0.42;0.6174496644295301;6;Medium;False;True
5.9;0.28;0.14;8.6;0.032;30.0;142.0;0.9580742651446611;3.28;0.44;0.6375838926174496;6;Medium;False;True
6.2;0.27;0.18;1.5;0.028;20.0;111.0;0.9550520702997171;3.41;0.5;0.6711409395973155;5;Medium;False;True
9.0;0.29;0.34;12.1;0.03;34.0;177.0;0.9596527363375618;3.13;0.47;0.7114093959731543;5;Medium;False;True
8.9;0.27;0.34;10.7;0.029;19.5;166.0;0.9592966178367245;3.13;0.48;0.7114093959731543;5;Medium;False;True
6.9;0.32;0.3;1.8;0.036;28.0;117.0;0.9554466880979422;3.24;0.48;0.7382550335570469;6;Medium;False;True
7.2;0.22;0.24;1.4;0.041;17.0;159.0;0.9547440759206144;3.25;0.53;0.7516778523489932;6;Medium;False;True
6.7;0.5;0.38;7.5;0.046;26.0;175.0;0.9592292440662957;3.32;0.54;0.6442953020134228;5;Medium;False;True
6.2;0.33;0.14;4.8;0.052;27.0;128.0;0.9574294019134151;3.21;0.48;0.6308724832214765;5;Medium;False;True
6.3;0.26;0.42;7.1;0.045;62.0;209.0;0.958093514793355;3.2;0.53;0.6375838926174496;6;Medium;False;True
7.5;0.2;0.47;16.9;0.052;51.0;188.0;0.9619434445321373;3.09;0.62;0.6241610738255033;5;Medium;False;True
6.6;0.36;0.52;11.3;0.046;8.0;110.0;0.9592099944176019;3.07;0.46;0.6308724832214765;5;Medium;False;True
6.3;0.13;0.42;1.1;0.043;63.0;146.0;0.9534928487555102;3.13;0.72;0.7516778523489932;7;High;False;True
6.4;0.15;0.44;1.2;0.043;67.0;150.0;0.9535313480528981;3.14;0.73;0.7516778523489932;7;High;False;True
7.6;0.23;0.64;12.9;0.033;54.0;170.0;0.9605574698261756;3.0;0.53;0.5906040268456376;5;Medium;False;True
5.7;0.255;0.65;1.2;0.079;17.0;137.0;0.9558124314231266;3.2;0.42;0.6308724832214765;5;Medium;False;True
6.9;0.32;0.26;2.3;0.03;11.0;103.0;0.9538778417293885;3.06;0.42;0.7449664429530201;6;Medium;False;True
6.9;0.28;0.22;10.0;0.052;36.0;131.0;0.9595564880940922;3.08;0.46;0.6442953020134228;5;Medium;False;True
6.6;0.41;0.16;1.4;0.037;28.0;160.0;0.9544649560145527;2.95;0.45;0.7114093959731543;6;Medium;False;True
7.3;0.37;0.16;14.9;0.048;59.0;240.0;0.9615392019095651;3.13;0.45;0.5973154362416108;5;Medium;False;True
6.9;0.21;0.24;1.8;0.021;17.0;80.0;0.9527806117538355;3.15;0.46;0.825503355704698;7;High;False;True
6.6;0.24;0.28;1.8;0.028;39.0;132.0;0.9546093283797571;3.34;0.46;0.7651006711409396;5;Medium;False;True
6.8;0.28;0.36;7.0;0.043;60.0;207.0;0.9582090126855185;3.16;0.49;0.6442953020134228;6;Medium;False;True
6.6;0.24;0.24;8.6;0.034;25.0;135.0;0.9584592581185394;3.33;0.59;0.6912751677852349;6;Medium;False;True
7.0;0.16;0.32;1.1;0.032;29.0;80.0;0.9525881152668965;3.23;0.36;0.8120805369127516;6;Medium;False;True
7.0;0.14;0.28;1.3;0.026;10.0;56.0;0.9562455485187394;3.46;0.45;0.6644295302013423;5;Medium;False;True
6.3;0.34;0.36;4.9;0.035;31.0;185.0;0.9572850295482108;3.15;0.49;0.6510067114093959;5;Medium;False;True
6.8;0.26;0.24;1.9;0.043;70.0;154.0;0.9554851873953301;3.18;0.52;0.7046979865771812;5;Medium;False;True
6.7;0.17;0.42;10.4;0.038;85.0;182.0;0.9589020000384993;3.04;0.44;0.5973154362416108;6;Medium;False;True
6.5;0.27;0.4;10.0;0.039;74.0;227.0;0.9584592581185394;3.18;0.5;0.6308724832214765;5;Medium;False;True
6.7;0.25;0.36;8.6;0.037;63.0;206.0;0.9581801382124776;3.18;0.5;0.6442953020134228;5;Medium;False;True
5.8;0.3;0.27;1.7;0.014;45.0;104.0;0.9520298754547729;3.4;0.56;0.8456375838926175;7;High;False;True
6.4;0.28;0.56;1.7;0.156;49.0;106.0;0.9562647981674334;3.1;0.37;0.6174496644295301;6;Medium;False;True
7.7;0.3;0.26;18.95;0.053;36.0;174.0;0.9622514389112399;3.2;0.5;0.697986577181208;5;Medium;False;True
6.8;0.18;0.3;12.8;0.062;19.0;171.0;0.9606344684209512;3.0;0.52;0.6040268456375839;7;High;False;True
5.1;0.14;0.25;0.7;0.039;15.0;89.0;0.9546863269745327;3.22;0.43;0.6174496644295301;6;Medium;False;True
7.2;0.615;0.1;1.4;0.068;25.0;154.0;0.957660397697742;3.2;0.48;0.6510067114093959;4;Low;False;True
6.9;0.13;0.28;13.3;0.05;47.0;132.0;0.9591618702958671;3.34;0.42;0.6778523489932885;6;Medium;False;True
6.7;0.34;0.3;8.5;0.059;24.0;152.0;0.9587768773219888;3.46;0.64;0.7382550335570469;7;High;False;True
7.3;0.32;0.29;1.5;0.038;32.0;144.0;0.9557065583553099;3.2;0.55;0.7248322147651007;5;Medium;False;True
6.3;0.21;0.29;11.7;0.048;49.0;147.0;0.9574967756838438;3.22;0.38;0.7248322147651007;5;Medium;False;True
5.4;0.5;0.13;5.0;0.028;12.0;107.0;0.9536179714720205;3.48;0.88;0.9060402684563759;7;High;False;True
8.2;0.52;0.34;1.2;0.042;18.0;167.0;0.9563802960595968;3.24;0.39;0.7114093959731543;5;Medium;False;True
7.8;0.28;0.31;2.1;0.046;28.0;208.0;0.9570347841151899;3.23;0.64;0.6577181208053692;5;Medium;False;True
6.4;0.22;0.34;1.4;0.023;56.0;115.0;0.952453367726039;3.18;0.7;0.785234899328859;6;Medium;False;True
6.9;0.32;0.27;16.0;0.034;58.0;185.0;0.9618856955860556;3.34;0.6;0.6040268456375839;6;Medium;False;True
6.8;0.11;0.42;1.1;0.042;51.0;132.0;0.9534254749850815;3.18;0.74;0.7583892617449665;7;High;False;True
6.2;0.26;0.32;15.3;0.031;64.0;185.0;0.9608943386783191;3.31;0.61;0.6308724832214765;5;Medium;False;True
6.7;0.3;0.29;2.8;0.025;37.0;107.0;0.954387957419777;3.31;0.63;0.7583892617449665;7;High;False;True
7.1;0.2;0.3;0.9;0.019;4.0;28.0;0.9521934974686712;3.2;0.36;0.8053691275167785;6;Medium;False;True
7.2;0.2;0.36;2.5;0.028;22.0;157.0;0.9565150436004543;3.48;0.49;0.7114093959731543;6;Medium;False;True
8.9;0.26;0.33;8.1;0.024;47.0;202.0;0.9582282623342124;3.13;0.46;0.7248322147651007;6;Medium;False;True
7.5;0.25;0.32;8.2;0.024;53.0;209.0;0.9582763864559471;3.12;0.46;0.7248322147651007;6;Medium;False;True
6.3;0.27;0.46;11.1;0.053;44.0;177.0;0.9595083639723575;3.18;0.67;0.6308724832214765;5;Medium;False;True
6.5;0.3;0.39;7.8;0.038;61.0;219.0;0.958536256713315;3.19;0.5;0.6308724832214765;5;Medium;False;True
6.6;0.36;0.52;10.1;0.05;29.0;140.0;0.9589020000384993;3.07;0.4;0.6308724832214765;5;Medium;False;True
6.15;0.21;0.37;3.2;0.021;20.0;80.0;0.9535890969989798;3.39;0.47;0.8053691275167785;5;Medium;False;True
6.5;0.18;0.41;14.2;0.039;47.0;129.0;0.9593832412558471;3.28;0.72;0.6912751677852349;7;High;False;True
6.6;0.26;0.21;2.9;0.026;48.0;126.0;0.9537142197154902;3.22;0.38;0.7583892617449665;7;High;False;True
6.6;0.35;0.35;6.0;0.063;31.0;150.0;0.9580261410229263;3.1;0.47;0.6308724832214765;6;Medium;False;True
6.5;0.28;0.28;20.4;0.041;40.0;144.0;0.9626749311825059;3.14;0.38;0.5838926174496644;5;Medium;False;True
4.5;0.19;0.21;0.95;0.033;89.0;159.0;0.9560530520318004;3.34;0.42;0.5369127516778524;5;Medium;False;True
8.0;0.24;0.26;1.7;0.033;36.0;136.0;0.9558990548422491;3.44;0.51;0.697986577181208;7;High;False;True
7.8;0.17;0.23;1.7;0.029;39.0;128.0;0.9554755625709831;3.37;0.41;0.7181208053691275;7;High;False;True
7.0;0.24;0.24;9.0;0.03;42.0;219.0;0.958978998633275;3.47;0.46;0.6845637583892616;6;Medium;False;True
5.8;0.6;0.0;1.3;0.044;72.0;197.0;0.9548018248666962;3.56;0.43;0.7315436241610739;5;Medium;False;True
5.9;0.445;0.26;1.4;0.027;23.0;109.0;0.9542820843519606;3.3;0.36;0.7046979865771812;6;Medium;False;True
6.7;0.28;0.28;2.4;0.012;36.0;100.0;0.9534735991068163;3.26;0.39;0.785234899328859;7;High;False;True
6.8;0.44;0.2;16.0;0.065;61.0;186.0;0.9613659550713198;3.13;0.45;0.5771812080536912;5;Medium;False;True
7.2;0.24;0.27;11.4;0.034;40.0;174.0;0.9602975995688079;3.2;0.44;0.6040268456375839;5;Medium;False;True
8.7;0.31;0.73;14.35;0.044;27.0;191.0;0.9626075574120772;2.96;0.88;0.5838926174496644;5;Medium;False;True
8.2;0.32;0.26;2.1;0.062;26.0;87.0;0.9526073649155903;3.1;0.47;0.8590604026845637;6;Medium;False;True
7.5;0.13;0.38;1.1;0.023;42.0;104.0;0.9539355906754702;3.28;0.53;0.7919463087248323;6;Medium;False;True
9.2;0.14;0.37;1.1;0.034;36.0;84.0;0.9541665864597971;3.05;0.55;0.7785234899328859;6;Medium;False;True
7.4;0.2;0.37;1.2;0.028;28.0;89.0;0.9541280871624093;3.14;0.61;0.7919463087248323;6;Medium;False;True
6.1;0.15;0.35;15.8;0.042;55.0;158.0;0.9590367475793566;3.24;0.37;0.7114093959731543;5;Medium;False;True
7.6;0.23;0.4;5.2;0.066;14.0;91.0;0.9575545246299255;3.17;0.8;0.6510067114093959;5;Medium;False;True
8.1;0.33;0.22;5.2;0.047;24.0;151.0;0.9579298927794567;3.22;0.47;0.6912751677852349;5;Medium;False;True
7.15;0.17;0.24;9.6;0.119;56.0;178.0;0.9584207588211515;3.15;0.44;0.6845637583892616;6;Medium;False;True
6.7;0.12;0.3;5.2;0.048;38.0;113.0;0.9562455485187394;3.33;0.44;0.6778523489932885;7;High;False;True
5.7;0.18;0.36;1.2;0.046;9.0;71.0;0.9547729503936553;3.7;0.68;0.7315436241610739;7;High;False;True
5.8;0.15;0.28;0.8;0.037;43.0;127.0;0.9547633255693083;3.24;0.51;0.6241610738255033;5;Medium;False;True
6.6;0.23;0.29;14.45;0.057;29.0;144.0;0.9601339775549096;3.33;0.54;0.6845637583892616;6;Medium;False;True
7.0;0.34;0.39;6.9;0.066;43.0;162.0;0.9582571368072532;3.11;0.53;0.6375838926174496;5;Medium;False;True
6.4;0.68;0.26;3.4;0.069;25.0;146.0;0.9561974243970047;3.18;0.4;0.6241610738255033;5;Medium;False;True
7.3;0.22;0.31;2.3;0.018;45.0;80.0;0.9522416215904059;3.06;0.34;0.8657718120805369;7;High;False;True
6.4;0.28;0.27;11.0;0.042;45.0;148.0;0.9604227222853182;3.14;0.46;0.5838926174496644;5;Medium;False;True
6.9;0.4;0.22;5.95;0.081;76.0;303.0;0.9596431115132149;3.4;0.57;0.6308724832214765;5;Medium;False;True
6.8;0.19;0.23;5.1;0.034;71.0;204.0;0.9569000365743324;3.23;0.69;0.6778523489932885;5;Medium;False;True
7.1;0.23;0.24;5.4;0.039;60.0;196.0;0.9574775260351499;3.19;0.78;0.6711409395973155;4;Low;False;True
6.45;0.14;0.42;1.2;0.05;51.0;129.0;0.953974089972858;3.27;0.69;0.7449664429530201;7;High;False;True
6.5;0.15;0.44;12.6;0.052;65.0;158.0;0.9594794894993166;3.26;0.7;0.6912751677852349;7;High;False;True
7.1;0.15;0.34;1.0;0.033;27.0;73.0;0.9526073649155903;3.24;0.41;0.8187919463087248;6;Medium;False;True
6.7;0.33;0.34;6.6;0.067;35.0;156.0;0.9580742651446611;3.11;0.48;0.6241610738255033;6;Medium;False;True
7.2;0.3;0.26;1.5;0.041;46.0;178.0;0.9543398332980423;3.19;0.56;0.7583892617449665;6;Medium;False;True
7.0;0.23;0.33;1.0;0.043;46.0;110.0;0.9539933396215519;3.04;0.65;0.7248322147651007;6;Medium;False;True
8.0;0.13;0.25;1.1;0.033;15.0;86.0;0.9532811026198772;2.98;0.39;0.7516778523489932;8;High;False;True
6.2;0.21;0.34;6.6;0.03;36.0;91.0;0.9542050857571849;3.32;0.45;0.8389261744966443;7;High;False;True
8.3;0.4;0.41;8.2;0.05;15.0;122.0;0.9604612215827061;3.39;0.49;0.6241610738255033;5;Medium;False;True
5.9;0.34;0.31;2.0;0.03;38.0;142.0;0.9518181293191399;3.4;0.41;0.8657718120805369;7;High;False;True
6.6;0.12;0.25;1.4;0.039;21.0;131.0;0.9539548403241641;3.2;0.45;0.7516778523489932;7;High;False;True
9.6;0.655;0.21;2.0;0.039;21.0;120.0;0.9546670773258388;3.0;1.0;0.8456375838926175;6;Medium;False;True
6.8;0.26;0.4;7.5;0.046;45.0;179.0;0.9584688829428862;3.2;0.49;0.6241610738255033;5;Medium;False;True
5.9;0.3;0.3;2.0;0.03;38.0;142.0;0.9518181293191399;3.41;0.41;0.8657718120805369;7;High;False;True
7.0;0.15;0.3;13.3;0.049;46.0;120.0;0.9596334866888679;3.2;0.36;0.6375838926174496;7;High;False;True
7.9;0.37;0.31;2.85;0.037;5.0;24.0;0.9539163410267762;3.19;0.36;0.7986577181208053;6;Medium;False;True
7.2;0.35;0.25;5.6;0.032;23.0;120.0;0.9560723016804943;2.93;0.66;0.6912751677852349;7;High;False;True
7.2;0.32;0.24;5.6;0.033;23.0;120.0;0.9560723016804943;2.92;0.66;0.6912751677852349;7;High;False;True
7.6;0.1;0.33;1.0;0.031;33.0;93.0;0.953762343837225;3.06;0.68;0.7516778523489932;6;Medium;False;True
6.2;0.25;0.31;3.2;0.03;32.0;150.0;0.9529923578894686;3.18;0.31;0.8053691275167785;6;Medium;False;True
7.1;0.31;0.17;1.0;0.042;21.0;144.0;0.9557835569500857;3.13;0.4;0.6442953020134228;5;Medium;False;True
7.6;0.18;0.28;7.1;0.041;29.0;110.0;0.9591329958228262;3.2;0.42;0.6174496644295301;6;Medium;False;True
8.0;0.17;0.29;2.4;0.029;52.0;119.0;0.9523186201851815;3.03;0.33;0.8657718120805369;6;Medium;False;True
7.2;0.19;0.27;11.2;0.061;46.0;149.0;0.9602879747444609;2.99;0.59;0.6241610738255033;6;Medium;False;True
7.6;0.32;0.25;9.5;0.03;15.0;136.0;0.9563899208839439;3.1;0.44;0.8120805369127516;6;Medium;False;True
6.6;0.21;0.29;1.8;0.026;35.0;128.0;0.954618953204104;3.37;0.48;0.7516778523489932;6;Medium;False;True
7.0;0.16;0.36;2.6;0.029;28.0;98.0;0.9540703382163276;3.11;0.37;0.7516778523489932;7;High;False;True
6.6;0.24;0.38;8.0;0.042;56.0;187.0;0.9584111339968046;3.21;0.46;0.6174496644295301;5;Medium;False;True
6.9;0.3;0.25;3.3;0.041;26.0;124.0;0.9569770351691081;3.18;0.5;0.6241610738255033;6;Medium;False;True
6.2;0.28;0.27;10.3;0.03;26.0;108.0;0.9565920421952299;3.2;0.36;0.7181208053691275;6;Medium;False;True
6.9;0.31;0.32;1.2;0.024;20.0;166.0;0.9548595738127779;3.05;0.54;0.6577181208053692;6;Medium;False;True
6.7;0.23;0.25;1.6;0.036;28.0;143.0;0.9553215653814318;3.3;0.54;0.6912751677852349;6;Medium;False;True
5.7;0.23;0.28;9.65;0.025;26.0;121.0;0.9552638164353501;3.28;0.38;0.7583892617449665;6;Medium;False;True
6.5;0.22;0.5;16.4;0.048;36.0;182.0;0.961558451558259;3.02;0.49;0.5906040268456376;6;Medium;False;True
7.0;0.18;0.37;1.5;0.043;16.0;104.0;0.9549365724075536;3.18;0.5;0.7248322147651007;5;Medium;False;True
6.5;0.46;0.31;5.0;0.027;15.0;72.0;0.9544457063658588;3.26;0.6;0.7718120805369127;7;High;False;True
6.5;0.23;0.36;16.3;0.038;43.0;133.0;0.9617509480451982;3.26;0.41;0.5906040268456376;5;Medium;False;True
6.6;0.26;0.38;6.5;0.17;68.0;201.0;0.9582475119829064;3.19;0.38;0.6308724832214765;6;Medium;False;True
6.7;0.26;0.39;6.4;0.171;64.0;200.0;0.9582667616316002;3.19;0.38;0.6308724832214765;6;Medium;False;True
7.5;0.28;0.39;10.2;0.045;59.0;209.0;0.9597874838784192;3.16;0.63;0.6442953020134228;6;Medium;False;True
6.8;0.23;0.42;7.4;0.044;56.0;189.0;0.9584400084698455;3.22;0.48;0.6241610738255033;6;Medium;False;True
7.8;0.25;0.34;13.7;0.044;66.0;184.0;0.9622514389112399;3.22;0.75;0.5973154362416108;5;Medium;False;True
5.6;0.2;0.22;1.3;0.049;25.0;155.0;0.9557065583553099;3.74;0.43;0.6711409395973155;5;Medium;False;True
6.4;0.21;0.44;7.4;0.045;47.0;182.0;0.9583437602263759;3.24;0.46;0.610738255033557;5;Medium;False;True
6.8;0.24;0.37;7.45;0.043;59.0;188.0;0.9584303836454984;3.2;0.5;0.6308724832214765;6;Medium;False;True
7.8;0.25;0.28;7.2;0.04;46.0;179.0;0.9580646403203141;3.14;0.6;0.6778523489932885;6;Medium;False;True
6.8;0.16;0.29;10.4;0.046;59.0;143.0;0.9578432693603341;3.2;0.4;0.7248322147651007;6;Medium;False;True
5.2;0.28;0.29;1.1;0.028;18.0;69.0;0.9544745808388997;3.24;0.54;0.6711409395973155;6;Medium;False;True
7.5;0.18;0.31;6.5;0.029;53.0;160.0;0.9555140618683708;3.03;0.38;0.7315436241610739;6;Medium;False;True
7.5;0.26;0.3;4.6;0.027;29.0;92.0;0.9536757204181023;3.15;0.38;0.8053691275167785;7;High;False;True
8.2;0.37;0.64;13.9;0.043;22.0;171.0;0.9612600820035034;2.99;0.8;0.6241610738255033;5;Medium;False;True
7.6;0.4;0.27;5.2;0.03;32.0;101.0;0.9545130801362876;3.22;0.62;0.825503355704698;7;High;False;True
7.5;0.26;0.25;1.7;0.038;29.0;129.0;0.9558605555448613;3.45;0.56;0.697986577181208;6;Medium;False;True
6.9;0.23;0.32;16.4;0.045;62.0;153.0;0.9597874838784192;3.22;0.42;0.7046979865771812;5;Medium;False;True
5.3;0.2;0.31;3.6;0.036;22.0;91.0;0.9555333115170648;3.41;0.5;0.6577181208053692;6;Medium;False;True
6.5;0.17;0.31;1.5;0.041;34.0;121.0;0.9537430941885311;3.06;0.46;0.7046979865771812;6;Medium;False;True
6.5;0.35;0.28;12.4;0.051;86.0;213.0;0.9588250014437236;3.16;0.51;0.6644295302013423;6;Medium;False;True
6.5;0.29;0.31;1.7;0.035;24.0;79.0;0.9533677260389998;3.27;0.69;0.7651006711409396;7;High;False;True
6.8;0.3;0.22;6.2;0.06;41.0;190.0;0.9611157096382991;3.18;0.51;0.6174496644295301;5;Medium;False;True
7.9;0.51;0.36;6.2;0.051;30.0;173.0;0.9609424628000538;3.09;0.53;0.6510067114093959;5;Medium;False;True
7.9;0.51;0.34;2.6;0.049;13.0;135.0;0.9560819265048413;3.09;0.51;0.6711409395973155;5;Medium;False;True
7.1;0.29;0.28;9.3;0.048;50.0;141.0;0.9575737742786194;3.13;0.49;0.6912751677852349;6;Medium;False;True
7.4;0.2;0.28;9.1;0.047;29.0;95.0;0.9579780169011916;3.16;0.47;0.6577181208053692;7;High;False;True
6.9;0.615;0.42;12.0;0.067;24.0;131.0;0.9598548576488479;3.19;0.34;0.6241610738255033;5;Medium;False;True
6.8;0.32;0.28;4.8;0.034;25.0;100.0;0.953107855781632;3.08;0.47;0.8322147651006712;7;High;False;True
6.3;0.2;0.19;12.3;0.048;54.0;145.0;0.9592869930123775;3.16;0.42;0.6241610738255033;6;Medium;False;True
8.0;0.23;0.28;2.7;0.048;49.0;165.0;0.9578625190090281;3.26;0.72;0.6375838926174496;6;Medium;False;True
6.7;0.27;0.33;3.6;0.034;9.0;45.0;0.9542435850545727;3.08;0.4;0.7046979865771812;6;Medium;False;True
6.7;0.44;0.22;4.3;0.032;19.0;99.0;0.9530019827138154;3.26;0.53;0.8590604026845637;7;High;False;True
7.0;0.34;0.3;1.8;0.045;44.0;142.0;0.9542050857571849;2.99;0.45;0.7248322147651007;6;Medium;False;True
7.3;0.26;0.33;11.8;0.057;48.0;127.0;0.9595276136210514;3.1;0.55;0.6711409395973155;6;Medium;False;True
5.8;0.17;0.34;1.8;0.045;96.0;170.0;0.9531944792007545;3.38;0.9;0.7919463087248323;8;High;False;True
6.8;0.17;0.36;1.4;0.036;38.0;108.0;0.952915359294693;3.19;0.66;0.8053691275167785;6;Medium;False;True
7.1;0.43;0.3;6.6;0.025;15.0;138.0;0.9540703382163276;3.18;0.46;0.8456375838926175;6;Medium;False;True
5.8;0.315;0.27;1.55;0.026;15.0;70.0;0.9527998614025295;3.37;0.4;0.7986577181208053;8;High;False;True
5.9;0.17;0.28;0.7;0.027;5.0;28.0;0.9527132379834068;3.13;0.32;0.7114093959731543;5;Medium;False;True
6.6;0.34;0.18;6.4;0.082;47.0;240.0;0.9596912356349496;3.42;0.48;0.6174496644295301;5;Medium;False;True
8.6;0.33;0.34;11.8;0.059;42.0;240.0;0.961346705422626;3.17;0.52;0.6711409395973155;6;Medium;False;True
5.6;0.12;0.26;4.3;0.038;18.0;97.0;0.957448651562109;3.36;0.46;0.6174496644295301;5;Medium;False;True
5.8;0.13;0.26;5.1;0.039;19.0;103.0;0.957458276386456;3.36;0.47;0.6241610738255033;6;Medium;False;True
7.7;0.18;0.35;5.8;0.055;25.0;144.0;0.9584015091724576;3.24;0.54;0.6845637583892616;6;Medium;False;True
7.7;0.16;0.36;5.9;0.054;25.0;148.0;0.9584207588211515;3.25;0.54;0.6845637583892616;6;Medium;False;True
6.0;0.26;0.15;1.3;0.06;51.0;154.0;0.9562647981674334;3.14;0.51;0.5838926174496644;5;Medium;False;True
7.3;0.32;0.35;1.4;0.05;8.0;163.0;0.9552060674892683;3.24;0.42;0.7181208053691275;5;Medium;False;True
7.7;0.3;0.34;1.2;0.048;4.0;119.0;0.9536660955937555;3.18;0.34;0.8120805369127516;6;Medium;False;True
7.9;0.16;0.3;7.4;0.05;58.0;152.0;0.958748002848948;3.12;0.37;0.6375838926174496;6;Medium;False;True
6.4;0.27;0.29;10.8;0.028;17.0;118.0;0.9562840478161273;3.18;0.37;0.7516778523489932;6;Medium;False;True
6.9;0.16;0.37;1.8;0.034;36.0;95.0;0.9523956187799572;2.93;0.59;0.8053691275167785;6;Medium;False;True
6.4;0.44;0.44;14.4;0.048;29.0;228.0;0.9620493175999538;3.26;0.54;0.5906040268456376;7;High;False;True
6.3;0.2;0.24;1.7;0.052;36.0;135.0;0.9564572946543725;3.8;0.66;0.7248322147651007;6;Medium;False;True
6.2;0.29;0.32;3.6;0.026;39.0;138.0;0.9520876244008546;3.31;0.37;0.8791946308724832;7;High;False;True
7.6;0.39;0.32;3.6;0.035;22.0;93.0;0.9542435850545727;3.08;0.6;0.8389261744966443;7;High;False;True
7.0;0.36;0.32;10.05;0.045;37.0;131.0;0.9562455485187394;3.09;0.33;0.785234899328859;8;High;False;True
7.0;0.36;0.32;10.5;0.045;35.0;135.0;0.9562262988700456;3.09;0.33;0.7785234899328859;8;High;False;True
7.6;0.2;0.36;1.9;0.043;24.0;111.0;0.9551386937188396;3.29;0.54;0.7583892617449665;6;Medium;False;True
6.7;0.2;0.37;1.65;0.025;42.0;103.0;0.9530693564842442;3.11;0.45;0.7651006711409396;5;Medium;False;True
6.2;0.235;0.34;1.9;0.036;4.0;117.0;0.9531656047277137;3.4;0.44;0.8187919463087248;5;Medium;False;True
7.8;0.965;0.6;65.8;0.074;8.0;160.0;1.0;3.39;0.69;0.785234899328859;6;Medium;False;True
7.1;0.2;0.31;6.85;0.053;32.0;211.0;0.9585073822402741;3.31;0.59;0.697986577181208;6;Medium;False;True
7.1;0.2;0.31;7.4;0.053;32.0;211.0;0.9585073822402741;3.31;0.59;0.697986577181208;6;Medium;False;True
6.4;0.24;0.25;20.2;0.083;35.0;157.0;0.9622514389112399;3.17;0.5;0.610738255033557;5;Medium;False;True
8.0;0.3;0.36;11.0;0.034;8.0;70.0;0.9562647981674334;3.05;0.41;0.8187919463087248;6;Medium;False;True
6.9;0.4;0.42;6.2;0.066;41.0;176.0;0.9581705133881306;3.12;0.54;0.6308724832214765;5;Medium;False;True
6.9;0.4;0.43;6.2;0.065;42.0;178.0;0.9581705133881306;3.11;0.53;0.6308724832214765;5;Medium;False;True
6.6;0.25;0.51;8.0;0.047;61.0;189.0;0.9586710042541724;3.22;0.49;0.6174496644295301;5;Medium;False;True
6.8;0.26;0.44;8.2;0.046;52.0;183.0;0.9584785077672332;3.2;0.51;0.6308724832214765;5;Medium;False;True
6.5;0.37;0.3;2.2;0.033;39.0;107.0;0.9518373789678338;3.22;0.53;0.9060402684563759;7;High;False;True
6.8;0.35;0.53;10.1;0.053;37.0;151.0;0.9589212496871932;3.07;0.4;0.6308724832214765;5;Medium;False;True
6.4;0.22;0.32;7.2;0.028;15.0;83.0;0.9557450576526978;3.13;0.55;0.7315436241610739;8;High;False;True
6.9;0.31;0.32;1.6;0.036;34.0;114.0;0.9535120984042041;3.19;0.45;0.7651006711409396;7;High;False;True
6.7;0.16;0.37;1.3;0.036;45.0;125.0;0.9525111166721207;3.19;0.51;0.8322147651006712;7;High;False;True
5.6;0.15;0.31;5.3;0.038;8.0;79.0;0.9550713199484109;3.3;0.39;0.7046979865771812;6;Medium;False;True
5.5;0.15;0.32;14.0;0.031;16.0;99.0;0.9570636585882307;3.26;0.38;0.7718120805369127;8;High;False;True
7.3;0.2;0.26;1.6;0.04;36.0;123.0;0.9551483185431866;3.34;0.44;0.7248322147651007;6;Medium;False;True
7.5;0.17;0.71;11.8;0.038;52.0;148.0;0.9605670946505226;3.03;0.46;0.5973154362416108;5;Medium;False;True
7.5;0.18;0.72;9.6;0.039;53.0;151.0;0.9605767194748696;3.03;0.46;0.5973154362416108;5;Medium;False;True
7.0;0.27;0.48;6.1;0.042;60.0;184.0;0.958305260928988;3.2;0.5;0.6308724832214765;6;Medium;False;True
5.8;0.32;0.31;2.7;0.049;25.0;153.0;0.9535024735798572;3.44;0.73;0.8187919463087248;7;High;False;True
7.8;0.26;0.31;3.6;0.025;22.0;100.0;0.9534928487555102;2.99;0.47;0.8120805369127516;7;High;False;True
7.4;0.3;0.32;1.7;0.03;23.0;128.0;0.9556488094092283;3.17;0.66;0.7315436241610739;5;Medium;False;True
6.7;0.16;0.34;1.6;0.026;27.0;109.0;0.956130050626576;3.34;0.58;0.6778523489932885;6;Medium;False;True
6.7;0.19;0.39;1.0;0.032;14.0;71.0;0.952010625806079;3.31;0.38;0.87248322147651;7;High;False;True
6.6;0.36;0.24;0.9;0.038;15.0;72.0;0.9534928487555102;3.23;0.39;0.7382550335570469;5;Medium;False;True
7.2;0.17;0.41;1.6;0.052;24.0;126.0;0.9550520702997171;3.19;0.49;0.7248322147651007;5;Medium;False;True
6.0;0.11;0.47;10.6;0.052;69.0;148.0;0.9584400084698455;2.91;0.34;0.6241610738255033;4;Low;False;True
6.0;0.21;0.34;2.0;0.042;63.0;123.0;0.9533581012146528;3.44;0.42;0.7651006711409396;6;Medium;False;True
6.7;0.325;0.82;1.2;0.152;49.0;120.0;0.9558605555448613;2.99;0.38;0.6174496644295301;5;Medium;False;True
6.6;0.4;0.46;6.2;0.056;42.0;241.0;0.959402490904541;3.5;0.6;0.6644295302013423;5;Medium;False;True
6.5;0.2;0.24;9.2;0.044;25.0;150.0;0.9576892721707829;3.22;0.44;0.7046979865771812;5;Medium;False;True
7.6;0.27;0.34;5.0;0.04;18.0;56.0;0.9536660955937555;3.06;0.48;0.8322147651006712;6;Medium;False;True
7.2;0.26;0.4;6.3;0.047;52.0;172.0;0.9583726346994167;3.18;0.53;0.6375838926174496;6;Medium;False;True
6.3;0.25;0.22;3.3;0.048;41.0;161.0;0.9553215653814318;3.16;0.5;0.7046979865771812;6;Medium;False;True
6.5;0.22;0.45;8.0;0.053;52.0;196.0;0.958536256713315;3.23;0.48;0.610738255033557;6;Medium;False;True
6.4;0.14;0.31;1.2;0.034;53.0;138.0;0.9536660955937555;3.38;0.35;0.7718120805369127;7;High;False;True
7.1;0.26;0.32;16.2;0.044;31.0;170.0;0.9590559972280506;3.17;0.37;0.7516778523489932;5;Medium;False;True
6.6;0.22;0.34;11.6;0.05;59.0;140.0;0.9579202679551099;3.22;0.4;0.7248322147651007;5;Medium;False;True
6.6;0.45;0.43;7.2;0.064;31.0;186.0;0.9580550154959672;3.12;0.44;0.6308724832214765;5;Medium;False;True
6.6;0.17;0.3;1.1;0.031;13.0;73.0;0.9537719686615719;3.17;0.58;0.7382550335570469;6;Medium;False;True
7.2;0.44;0.28;3.4;0.048;22.0;112.0;0.9546670773258388;3.21;0.37;0.7583892617449665;7;High;False;True
6.2;0.15;0.27;1.4;0.041;51.0;117.0;0.9537238445398372;3.28;0.38;0.7516778523489932;6;Medium;False;True
7.3;0.26;0.3;9.3;0.05;35.0;154.0;0.9584496332941923;3.21;0.5;0.697986577181208;6;Medium;False;True
6.9;0.15;0.29;2.3;0.033;14.0;82.0;0.9541280871624093;3.1;0.58;0.7516778523489932;7;High;False;True
5.8;0.22;0.29;0.9;0.034;34.0;89.0;0.9522416215904059;3.14;0.36;0.7449664429530201;7;High;False;True
6.5;0.37;0.33;3.5;0.036;23.0;92.0;0.9541665864597971;3.18;0.38;0.7516778523489932;6;Medium;False;True
5.5;0.375;0.38;1.7;0.036;17.0;98.0;0.9542243354058788;3.29;0.39;0.7046979865771812;6;Medium;False;True
5.9;0.2;0.4;1.3;0.047;23.0;92.0;0.9550905695971048;3.2;0.45;0.6711409395973155;6;Medium;False;True
5.9;0.22;0.38;1.3;0.046;24.0;90.0;0.9550905695971048;3.2;0.47;0.6711409395973155;6;Medium;False;True
8.0;0.22;0.31;5.6;0.049;24.0;97.0;0.9557450576526978;3.1;0.42;0.7315436241610739;5;Medium;False;True
6.5;0.22;0.29;7.4;0.028;16.0;87.0;0.9558509307205144;3.15;0.56;0.7315436241610739;7;High;False;True
5.8;0.2;0.34;1.0;0.035;40.0;86.0;0.9527902365781824;3.5;0.42;0.785234899328859;5;Medium;False;True
6.6;0.31;0.07;1.5;0.033;55.0;144.0;0.9548595738127779;3.16;0.42;0.6711409395973155;5;Medium;False;True
7.7;0.43;0.37;10.0;0.169;22.0;210.0;0.9603264740418487;3.02;0.64;0.6375838926174496;5;Medium;False;True
6.7;0.24;0.29;14.9;0.053;55.0;136.0;0.9609328379757069;3.03;0.52;0.6040268456375839;5;Medium;False;True
7.3;0.23;0.34;9.3;0.052;19.0;86.0;0.9583822595237637;3.04;0.56;0.6711409395973155;5;Medium;False;True
7.9;0.2;0.39;1.0;0.041;37.0;154.0;0.953752719012878;3.08;0.43;0.7986577181208053;5;Medium;False;True
5.3;0.16;0.39;1.0;0.028;40.0;101.0;0.9543590829467362;3.57;0.59;0.7114093959731543;6;Medium;False;True
6.4;0.21;0.28;5.9;0.047;29.0;101.0;0.9555333115170648;3.15;0.4;0.7382550335570469;6;Medium;False;True
6.9;0.33;0.26;5.0;0.027;46.0;143.0;0.9551675681918804;3.25;0.43;0.7516778523489932;7;High;False;True
5.6;0.18;0.58;1.25;0.034;29.0;129.0;0.9527036131590599;3.51;0.6;0.8053691275167785;7;High;False;True
6.6;0.29;0.31;3.9;0.027;39.0;96.0;0.9531944792007545;3.24;0.6;0.8456375838926175;8;High;False;True
6.6;0.21;0.36;0.8;0.034;48.0;113.0;0.9544457063658588;3.24;0.68;0.7046979865771812;6;Medium;False;True
7.3;0.21;0.33;1.0;0.037;66.0;144.0;0.9550713199484109;3.11;0.52;0.6845637583892616;6;Medium;False;True
5.1;0.11;0.32;1.6;0.028;12.0;90.0;0.9529346089433868;3.57;0.52;0.8187919463087248;6;Medium;False;True
6.5;0.15;0.32;1.3;0.036;19.0;76.0;0.9525111166721207;3.18;0.41;0.825503355704698;6;Medium;False;True
5.6;0.19;0.46;1.1;0.032;33.0;115.0;0.9537238445398372;3.36;0.5;0.697986577181208;6;Medium;False;True
6.7;0.48;0.32;1.4;0.021;22.0;121.0;0.951798879670446;3.15;0.53;0.8523489932885905;7;High;False;True
6.2;0.23;0.23;1.2;0.018;18.0;128.0;0.9545708290823692;3.05;0.28;0.7114093959731543;5;Medium;False;True
6.0;0.17;0.29;5.0;0.028;25.0;108.0;0.9535890969989798;3.14;0.34;0.825503355704698;6;Medium;False;True
6.7;0.15;0.38;1.7;0.037;20.0;84.0;0.9533003522685711;3.09;0.53;0.7651006711409396;6;Medium;False;True
4.2;0.17;0.36;1.8;0.029;93.0;161.0;0.9528479855242642;3.65;0.89;0.8053691275167785;7;High;False;True
5.8;0.21;0.32;1.6;0.045;38.0;95.0;0.9523378698338755;3.23;0.94;0.8322147651006712;8;High;False;True
5.4;0.23;0.36;1.5;0.03;74.0;121.0;0.9526266145642842;3.24;0.99;0.8120805369127516;7;High;False;True
6.4;0.22;0.31;13.9;0.04;57.0;135.0;0.9593254923097654;3.21;0.38;0.7181208053691275;5;Medium;False;True
6.5;0.15;0.55;5.9;0.045;75.0;162.0;0.9574967756838438;2.97;0.4;0.6241610738255033;5;Medium;False;True
5.9;0.32;0.33;2.1;0.027;35.0;138.0;0.9523282450095286;3.37;0.42;0.8523489932885905;6;Medium;False;True
5.7;0.37;0.3;1.1;0.029;24.0;88.0;0.9517315059000173;3.18;0.39;0.785234899328859;6;Medium;False;True
7.9;0.25;0.35;6.7;0.039;22.0;64.0;0.956341796762209;2.93;0.49;0.7181208053691275;5;Medium;False;True
7.2;0.21;0.28;2.7;0.033;38.0;94.0;0.9535794721746328;2.99;0.43;0.7919463087248323;7;High;False;True
7.0;0.24;0.3;6.7;0.039;37.0;125.0;0.9570540337638839;3.2;0.39;0.6644295302013423;5;Medium;False;True
6.8;0.475;0.33;3.95;0.047;16.0;81.0;0.9527421124564477;3.23;0.53;0.8993288590604027;7;High;False;True
7.0;0.28;0.32;7.75;0.032;30.0;114.0;0.9543783325954301;3.12;0.64;0.8590604026845637;7;High;False;True
6.9;0.4;0.3;10.6;0.033;24.0;87.0;0.9554081888005544;3.15;0.45;0.8590604026845637;6;Medium;False;True
6.6;0.41;0.31;1.6;0.042;18.0;101.0;0.9547344510962675;3.13;0.41;0.7046979865771812;5;Medium;False;True
6.4;0.2;0.28;2.5;0.032;24.0;84.0;0.9544745808388997;3.31;0.55;0.7718120805369127;5;Medium;False;True
8.5;0.22;0.34;0.7;0.04;5.0;25.0;0.9545900787310632;3.04;0.37;0.7046979865771812;4;Low;False;True
8.4;0.36;0.36;11.1;0.032;21.0;132.0;0.9558701803692082;2.95;0.39;0.87248322147651;6;Medium;False;True
5.2;0.285;0.29;5.15;0.035;64.0;138.0;0.9523763691312633;3.19;0.34;0.8322147651006712;8;High;False;True
6.9;0.2;0.3;4.7;0.041;40.0;148.0;0.9559375541396369;3.16;0.35;0.6845637583892616;6;Medium;False;True
6.7;0.42;0.46;9.7;0.054;67.0;234.0;0.9610194613948295;3.23;0.5;0.6040268456375839;5;Medium;False;True
6.2;0.16;0.34;1.7;0.038;85.0;153.0;0.9537238445398372;3.33;0.86;0.8053691275167785;7;High;False;True
6.4;0.125;0.36;1.4;0.044;22.0;68.0;0.9529923578894686;3.15;0.5;0.785234899328859;7;High;False;True
6.4;0.44;0.26;2.0;0.054;20.0;180.0;0.9578625190090281;3.58;0.57;0.6711409395973155;5;Medium;False;True
7.0;0.31;0.39;7.5;0.055;42.0;218.0;0.9591329958228262;3.37;0.54;0.6912751677852349;5;Medium;False;True
8.6;0.18;0.28;0.8;0.032;25.0;78.0;0.9538585920806946;2.99;0.38;0.7449664429530201;5;Medium;False;True
6.2;0.21;0.26;13.1;0.05;59.0;150.0;0.9602879747444609;3.31;0.46;0.6040268456375839;5;Medium;False;True
6.1;0.16;0.37;1.1;0.031;37.0;97.0;0.9549750717049413;3.4;0.58;0.7046979865771812;6;Medium;False;True
6.5;0.22;0.32;2.2;0.028;36.0;92.0;0.9535890969989798;3.27;0.59;0.7986577181208053;7;High;False;True
6.2;0.36;0.14;8.9;0.036;38.0;155.0;0.9588442510924176;3.27;0.5;0.6308724832214765;5;Medium;False;True
5.7;0.21;0.25;1.1;0.035;26.0;81.0;0.9530501068355502;3.31;0.52;0.7651006711409396;6;Medium;False;True
6.4;0.25;0.32;0.9;0.034;40.0;114.0;0.9539548403241641;3.31;0.58;0.7248322147651007;7;High;False;True
7.6;0.31;0.26;1.7;0.073;40.0;157.0;0.9565150436004543;3.1;0.46;0.6577181208053692;5;Medium;False;True
6.6;0.26;0.46;6.9;0.047;59.0;183.0;0.9585747560107029;3.2;0.45;0.6241610738255033;5;Medium;False;True
6.2;0.2;0.31;1.0;0.031;22.0;73.0;0.9531944792007545;3.24;0.52;0.7583892617449665;6;Medium;False;True
6.2;0.18;0.3;1.0;0.031;23.0;73.0;0.9531656047277137;3.23;0.52;0.7583892617449665;6;Medium;False;True
6.1;0.37;0.2;7.6;0.031;49.0;170.0;0.9582282623342124;3.22;0.48;0.6375838926174496;5;Medium;False;True
7.7;0.18;0.3;1.2;0.046;49.0;199.0;0.9568326628039038;3.03;0.38;0.6241610738255033;5;Medium;False;True
6.9;0.14;0.38;1.0;0.041;22.0;81.0;0.9532714777955302;3.03;0.54;0.7651006711409396;6;Medium;False;True
6.0;0.44;0.26;3.1;0.053;57.0;128.0;0.952684363510366;3.22;0.39;0.8523489932885905;6;Medium;False;True
7.1;0.36;0.4;1.95;0.033;26.0;118.0;0.952222371941712;3.2;0.45;0.9060402684563759;7;High;False;True
5.7;0.28;0.28;2.2;0.019;15.0;65.0;0.9530501068355502;3.06;0.52;0.7516778523489932;6;Medium;False;True
6.4;0.16;0.32;8.75;0.038;38.0;118.0;0.9571791564803942;3.19;0.41;0.7181208053691275;5;Medium;False;True
7.4;0.28;0.4;11.9;0.032;13.0;92.0;0.9589116248628462;3.01;0.46;0.7248322147651007;4;Low;False;True
6.7;0.39;0.31;2.7;0.054;27.0;202.0;0.9574775260351499;3.46;0.57;0.7046979865771812;6;Medium;False;True
6.5;0.44;0.47;5.45;0.014;44.0;137.0;0.9527036131590599;3.13;0.32;0.87248322147651;8;High;False;True
6.9;0.22;0.31;6.3;0.029;41.0;131.0;0.9559953030857187;3.08;0.49;0.7248322147651007;6;Medium;False;True
6.6;0.22;0.29;14.4;0.046;39.0;118.0;0.9608847138539721;3.05;0.5;0.610738255033557;6;Medium;False;True
7.7;0.25;0.3;7.8;0.038;67.0;196.0;0.9581993878611715;3.1;0.5;0.6778523489932885;5;Medium;False;True
5.2;0.155;0.33;1.6;0.028;13.0;59.0;0.9526169897399372;3.3;0.84;0.7986577181208053;8;High;False;True
7.0;0.31;0.31;9.1;0.036;45.0;140.0;0.9549365724075536;2.98;0.31;0.8053691275167785;7;High;False;True
5.6;0.21;0.4;1.3;0.041;81.0;147.0;0.9529538585920807;3.22;0.95;0.7785234899328859;8;High;False;True
6.4;0.25;0.32;11.3;0.038;69.0;192.0;0.9583726346994167;3.14;0.5;0.6845637583892616;6;Medium;False;True
5.3;0.21;0.29;0.7;0.028;11.0;66.0;0.9549269475832066;3.3;0.4;0.6577181208053692;5;Medium;False;True
7.1;0.27;0.28;1.25;0.023;3.0;89.0;0.9527902365781824;2.95;0.3;0.7651006711409396;4;Low;False;True
5.2;0.17;0.27;0.7;0.03;11.0;68.0;0.9549558220562474;3.3;0.41;0.6577181208053692;5;Medium;False;True
7.0;0.12;0.29;10.3;0.039;41.0;98.0;0.9582860112802941;3.19;0.38;0.6577181208053692;8;High;False;True
7.1;0.29;0.34;7.8;0.036;49.0;128.0;0.9566786656143526;3.21;0.4;0.7181208053691275;6;Medium;False;True
7.2;0.3;0.3;8.7;0.022;14.0;111.0;0.9584015091724576;3.11;0.61;0.7114093959731543;5;Medium;False;True
6.8;0.26;0.46;8.3;0.037;49.0;173.0;0.9586421297811314;3.17;0.47;0.6241610738255033;5;Medium;False;True
4.9;0.33;0.31;1.2;0.016;39.0;150.0;0.9500952857610347;3.33;0.59;0.9395973154362416;8;High;False;True
5.1;0.29;0.28;8.3;0.026;27.0;107.0;0.9558220562474734;3.36;0.37;0.7382550335570469;6;Medium;False;True
6.8;0.26;0.48;6.2;0.049;55.0;182.0;0.9584592581185394;3.21;0.45;0.6308724832214765;6;Medium;False;True
6.0;0.28;0.52;5.0;0.078;30.0;139.0;0.9576122735760073;3.1;0.36;0.6040268456375839;6;Medium;False;True
6.0;0.28;0.25;1.8;0.042;8.0;108.0;0.9556488094092283;3.08;0.55;0.6040268456375839;5;Medium;False;True
7.2;0.2;0.22;1.6;0.044;17.0;101.0;0.9573909026160272;3.37;0.53;0.6711409395973155;5;Medium;False;True
6.1;0.27;0.25;1.8;0.041;9.0;109.0;0.9556488094092283;3.08;0.54;0.6040268456375839;5;Medium;False;True
6.4;0.29;0.3;2.9;0.036;25.0;79.0;0.9532137288494484;3.29;0.6;0.8322147651006712;7;High;False;True
7.4;0.35;0.24;6.0;0.042;28.0;123.0;0.9557835569500857;3.14;0.44;0.7583892617449665;5;Medium;False;True
8.1;0.12;0.38;0.9;0.034;36.0;86.0;0.953107855781632;2.8;0.55;0.8053691275167785;6;Medium;False;True
6.4;0.12;0.3;1.1;0.031;37.0;94.0;0.9527228628077538;3.01;0.56;0.785234899328859;6;Medium;False;True
7.3;0.4;0.26;5.45;0.016;26.0;90.0;0.9523859939556103;2.84;0.54;0.8859060402684563;7;High;False;True
7.7;0.11;0.34;14.05;0.04;41.0;114.0;0.958959748984581;3.07;0.59;0.7382550335570469;7;High;False;True
6.9;0.23;0.41;8.0;0.03;30.0;114.0;0.9563995457082908;3.22;0.54;0.7382550335570469;6;Medium;False;True
6.9;0.38;0.38;13.1;0.112;14.0;94.0;0.9604804712314;3.02;0.48;0.6174496644295301;5;Medium;False;True
7.5;0.38;0.29;4.9;0.021;38.0;113.0;0.953107855781632;3.08;0.48;0.87248322147651;7;High;False;True
5.8;0.19;0.24;1.3;0.044;38.0;128.0;0.956341796762209;3.77;0.6;0.7114093959731543;5;Medium;False;True
5.5;0.34;0.26;2.2;0.021;31.0;119.0;0.9520779995765077;3.55;0.49;0.87248322147651;8;High;False;True
6.6;0.23;0.3;14.9;0.051;33.0;118.0;0.9608943386783191;3.04;0.54;0.6040268456375839;6;Medium;False;True
8.4;0.31;0.31;0.95;0.021;52.0;148.0;0.9532233536737955;2.93;0.32;0.7718120805369127;5;Medium;False;True
6.7;0.2;0.3;1.4;0.025;17.0;76.0;0.9538585920806946;3.11;0.44;0.7382550335570469;6;Medium;False;True
7.3;0.26;0.24;1.7;0.05;10.0;112.0;0.9556103101118404;3.11;0.43;0.6644295302013423;5;Medium;False;True
6.3;0.22;0.22;5.6;0.039;31.0;128.0;0.9557065583553099;3.12;0.46;0.697986577181208;6;Medium;False;True
7.5;0.19;0.4;7.1;0.056;50.0;110.0;0.9580550154959672;3.06;0.52;0.6644295302013423;6;Medium;False;True
8.0;0.14;0.33;1.2;0.045;71.0;162.0;0.9542050857571849;3.07;0.47;0.7382550335570469;6;Medium;False;True
6.8;0.32;0.39;9.6;0.026;34.0;124.0;0.9556103101118404;3.18;0.35;0.8120805369127516;6;Medium;False;True
6.6;0.23;0.2;11.4;0.044;45.0;131.0;0.9586710042541724;2.96;0.51;0.6510067114093959;6;Medium;False;True
6.7;0.36;0.26;7.9;0.034;39.0;123.0;0.9540029644458988;2.99;0.3;0.8187919463087248;7;High;False;True
6.1;0.38;0.42;5.0;0.016;31.0;113.0;0.9529249841190398;3.15;0.31;0.8322147651006712;7;High;False;True
8.5;0.23;0.28;11.1;0.033;30.0;97.0;0.9577373962925176;3.03;0.39;0.7046979865771812;7;High;False;True
7.0;0.2;0.31;8.0;0.05;29.0;213.0;0.9585940056593967;3.28;0.57;0.697986577181208;6;Medium;False;True
6.0;0.26;0.32;3.8;0.029;48.0;180.0;0.9529634834164277;3.15;0.34;0.8053691275167785;6;Medium;False;True
6.9;0.3;0.3;10.55;0.037;4.0;28.0;0.954628578028451;3.07;0.32;0.8523489932885905;6;Medium;False;True
6.7;0.18;0.28;10.2;0.039;29.0;115.0;0.9573716529673333;3.11;0.45;0.7315436241610739;7;High;False;True
6.8;0.18;0.28;9.8;0.039;29.0;113.0;0.9567652890334751;3.11;0.45;0.7315436241610739;7;High;False;True
7.2;0.19;0.31;6.3;0.034;17.0;103.0;0.9557931817744326;3.15;0.52;0.7651006711409396;7;High;False;True
6.2;0.16;0.32;1.1;0.036;74.0;184.0;0.9537815934859188;3.22;0.41;0.7382550335570469;6;Medium;False;True
5.0;0.27;0.32;4.5;0.032;58.0;178.0;0.952434118077345;3.45;0.31;0.8456375838926175;7;High;False;True
6.3;0.37;0.28;6.3;0.034;45.0;152.0;0.9548788234614718;3.29;0.46;0.7785234899328859;7;High;False;True
6.6;0.2;0.27;10.9;0.038;29.0;130.0;0.9576315232247011;3.11;0.44;0.7046979865771812;7;High;False;True
6.6;0.28;0.34;0.8;0.037;42.0;119.0;0.9517026314269764;3.03;0.37;0.8389261744966443;6;Medium;False;True
6.5;0.35;0.36;0.8;0.034;32.0;111.0;0.9522993705364876;3.11;0.5;0.8120805369127516;8;High;False;True
6.9;0.25;0.33;1.2;0.035;35.0;158.0;0.9536468459450615;3.02;0.58;0.7583892617449665;6;Medium;False;True
6.0;0.32;0.3;1.3;0.025;18.0;112.0;0.9509518951279139;3.07;0.64;0.8926174496644296;7;High;False;True
6.3;0.18;0.36;1.2;0.034;26.0;111.0;0.9535698473502858;3.16;0.51;0.7382550335570469;6;Medium;False;True
6.9;0.3;0.36;0.9;0.037;40.0;156.0;0.9525496159695086;3.08;0.36;0.8120805369127516;6;Medium;False;True
5.0;0.3;0.33;3.7;0.03;54.0;173.0;0.9516063831835069;3.36;0.3;0.87248322147651;7;High;False;True
6.5;0.2;0.5;18.1;0.054;50.0;221.0;0.9619145700590964;2.94;0.64;0.5906040268456376;6;Medium;False;True
6.7;0.25;0.31;1.35;0.061;30.5;218.0;0.9565920421952299;3.16;0.53;0.6375838926174496;5;Medium;False;True
6.6;0.22;0.36;5.5;0.029;30.0;105.0;0.954840324164084;3.2;0.47;0.7919463087248323;6;Medium;False;True
6.8;0.25;0.37;3.1;0.026;29.0;93.0;0.9531944792007545;3.14;0.45;0.8187919463087248;6;Medium;False;True
7.0;0.13;0.37;12.85;0.042;36.0;105.0;0.9584496332941923;3.05;0.55;0.7181208053691275;6;Medium;False;True
7.0;0.45;0.34;19.8;0.04;12.0;67.0;0.9601724768522975;3.07;0.38;0.7382550335570469;6;Medium;False;True
7.2;0.32;0.3;8.25;0.02;14.0;104.0;0.956341796762209;2.99;0.44;0.7651006711409396;6;Medium;False;True
5.9;0.34;0.3;3.8;0.035;57.0;135.0;0.9530116075381625;3.09;0.34;0.8053691275167785;6;Medium;False;True
6.8;0.22;0.31;6.9;0.037;33.0;121.0;0.9545515794336753;3.02;0.39;0.7986577181208053;8;High;False;True
8.4;0.32;0.35;11.7;0.029;3.0;46.0;0.9570829082369247;3.02;0.34;0.7919463087248323;6;Medium;False;True
6.8;0.27;0.29;4.6;0.046;6.0;88.0;0.9572657798995169;3.34;0.48;0.7114093959731543;4;Low;False;True
8.0;0.74;0.21;4.0;0.05;24.0;133.0;0.9568807869256385;3.06;0.38;0.6510067114093959;5;Medium;False;True
5.4;0.22;0.29;1.2;0.045;69.0;152.0;0.9545708290823692;3.76;0.63;0.7382550335570469;7;High;False;True
8.4;0.22;0.3;8.9;0.024;17.0;118.0;0.957246530250823;2.99;0.34;0.7046979865771812;6;Medium;False;True
7.4;0.32;0.22;11.7;0.035;44.0;150.0;0.9584207588211515;3.1;0.45;0.697986577181208;5;Medium;False;True
7.5;0.18;0.37;6.2;0.05;21.0;138.0;0.958112764442049;3.2;0.55;0.7046979865771812;6;Medium;False;True
7.1;0.47;0.29;14.8;0.024;22.0;142.0;0.9578432693603341;3.12;0.48;0.8053691275167785;8;High;False;True
5.8;0.19;0.25;10.8;0.042;33.0;124.0;0.9590752468767445;3.22;0.41;0.6174496644295301;6;Medium;False;True
6.7;0.14;0.46;1.6;0.036;15.0;92.0;0.9553985639762074;3.37;0.49;0.7315436241610739;5;Medium;False;True
6.8;0.24;0.38;8.3;0.045;50.0;185.0;0.9584207588211515;3.15;0.5;0.6375838926174496;6;Medium;False;True
6.9;0.25;0.47;8.4;0.042;36.0;156.0;0.9586710042541724;3.15;0.55;0.6308724832214765;6;Medium;False;True
6.0;0.24;0.33;2.5;0.026;31.0;85.0;0.9529923578894686;3.13;0.5;0.7583892617449665;7;High;False;True
6.8;0.29;0.34;3.5;0.054;26.0;189.0;0.9575641494542725;3.42;0.58;0.697986577181208;5;Medium;False;True
6.3;0.33;0.42;17.2;0.037;57.0;170.0;0.9613659550713198;3.26;0.57;0.6308724832214765;6;Medium;False;True
6.5;0.23;0.45;2.1;0.027;43.0;104.0;0.9533773508633467;3.02;0.52;0.7583892617449665;6;Medium;False;True
6.3;0.27;0.29;12.2;0.044;59.0;196.0;0.9603842229879305;3.14;0.4;0.5906040268456376;6;Medium;False;True
6.3;0.2;0.37;11.8;0.045;58.0;130.0;0.9578528941846811;3.2;0.35;0.7248322147651007;5;Medium;False;True
6.2;0.33;0.41;16.8;0.037;58.0;173.0;0.961346705422626;3.25;0.57;0.6308724832214765;6;Medium;False;True
7.2;0.21;1.0;1.1;0.154;46.0;114.0;0.9558413058961673;2.95;0.43;0.6174496644295301;6;Medium;False;True
6.0;0.27;0.3;14.7;0.044;15.0;144.0;0.9592677433636836;3.12;0.53;0.6912751677852349;6;Medium;False;True
5.7;0.12;0.26;5.5;0.034;21.0;99.0;0.9559760534370247;3.09;0.57;0.6644295302013423;6;Medium;False;True
6.9;0.24;0.37;6.1;0.027;38.0;112.0;0.9536853452424493;3.19;0.34;0.8322147651006712;6;Medium;False;True
7.7;0.18;0.53;1.2;0.041;42.0;167.0;0.9536275962963676;3.11;0.44;0.7986577181208053;5;Medium;False;True
7.1;0.17;0.43;1.3;0.023;33.0;132.0;0.9535024735798572;3.11;0.56;0.785234899328859;6;Medium;False;True
7.5;0.33;0.38;8.7;0.126;49.0;199.0;0.9597008604592967;2.98;0.57;0.6308724832214765;5;Medium;False;True
6.2;0.255;0.24;1.7;0.039;138.5;272.0;0.9572080309534351;3.53;0.53;0.6442953020134228;4;Low;False;True
5.6;0.2;0.66;10.2;0.043;78.0;175.0;0.9571887813047413;2.98;0.43;0.697986577181208;7;High;False;True
7.6;0.17;0.36;4.5;0.042;26.0;102.0;0.9569674103447612;3.09;0.47;0.6375838926174496;5;Medium;False;True
5.8;0.15;0.31;5.9;0.036;7.0;73.0;0.9543205836493484;3.2;0.43;0.7986577181208053;6;Medium;False;True
6.3;0.25;0.44;1.7;0.024;36.0;116.0;0.952231996766059;3.18;0.4;0.8389261744966443;6;Medium;False;True
6.9;0.28;0.41;1.4;0.016;6.0;55.0;0.9516641321295886;3.16;0.4;0.8993288590604027;5;Medium;False;True
7.2;0.27;0.37;5.4;0.026;27.0;114.0;0.9545323297849814;3.13;0.84;0.8523489932885905;5;Medium;False;True
6.2;0.25;0.38;7.9;0.045;54.0;208.0;0.9583630098750698;3.17;0.46;0.610738255033557;5;Medium;False;True
8.5;0.19;0.48;1.1;0.026;23.0;58.0;0.954628578028451;2.9;0.5;0.7046979865771812;6;Medium;False;True
6.2;0.25;0.54;7.0;0.046;58.0;176.0;0.957227280602129;3.19;0.7;0.697986577181208;5;Medium;False;True
6.8;0.28;0.43;7.6;0.03;30.0;110.0;0.9544360815415118;3.08;0.59;0.8389261744966443;8;High;False;True
7.4;0.21;0.8;12.3;0.038;77.0;183.0;0.9603457236905426;2.95;0.48;0.6040268456375839;5;Medium;False;True
7.0;0.15;0.38;15.3;0.045;54.0;120.0;0.9600762286088279;3.18;0.42;0.6577181208053692;6;Medium;False;True
7.3;0.28;0.42;1.2;0.033;29.0;142.0;0.9548306993397371;3.17;0.43;0.7181208053691275;4;Low;False;True
6.1;0.18;0.38;2.3;0.033;28.0;111.0;0.9524918670234268;3.16;0.49;0.8322147651006712;6;Medium;False;True
7.0;0.53;0.43;6.1;0.029;6.0;76.0;0.9539933396215519;3.08;0.5;0.8389261744966443;8;High;False;True
6.5;0.36;0.38;10.2;0.028;20.0;82.0;0.9554948122196769;3.1;0.43;0.8120805369127516;7;High;False;True
7.5;0.25;0.47;4.1;0.041;95.0;163.0;0.954628578028451;2.92;0.59;0.7583892617449665;6;Medium;False;True
6.7;0.24;0.41;2.9;0.039;48.0;122.0;0.9533581012146528;3.25;0.43;0.8053691275167785;5;Medium;False;True
6.6;0.25;0.33;8.5;0.042;29.0;141.0;0.958112764442049;3.28;0.6;0.697986577181208;5;Medium;False;True
6.4;0.15;0.4;1.5;0.042;23.0;87.0;0.9525881152668965;3.11;0.46;0.8187919463087248;7;High;False;True
6.3;0.28;0.3;3.1;0.039;24.0;115.0;0.9569000365743324;3.05;0.43;0.5771812080536912;5;Medium;False;True
7.1;0.28;0.35;3.5;0.028;35.0;91.0;0.9530693564842442;2.96;0.33;0.8120805369127516;5;Medium;False;True
6.6;0.35;0.34;4.9;0.032;9.0;125.0;0.955292690908391;3.32;0.81;0.8053691275167785;5;Medium;False;True
6.0;0.35;0.51;1.2;0.029;10.0;102.0;0.9531463550790198;3.46;0.42;0.7986577181208053;6;Medium;False;True
5.8;0.31;0.32;4.5;0.024;28.0;94.0;0.9519528768599973;3.25;0.52;0.919463087248322;7;High;False;True
6.6;0.17;0.35;2.6;0.03;33.0;78.0;0.9542628347032667;3.22;0.72;0.7583892617449665;6;Medium;False;True
8.5;0.23;0.4;9.9;0.036;24.0;88.0;0.9577662707655585;3.02;0.42;0.7046979865771812;6;Medium;False;True
6.1;0.2;0.34;9.5;0.041;38.0;201.0;0.957670022522089;3.14;0.44;0.6778523489932885;3;Low;False;True
6.3;0.37;0.37;1.5;0.024;12.0;76.0;0.9516641321295886;2.94;0.39;0.825503355704698;6;Medium;False;True
6.2;0.36;0.38;3.2;0.031;20.0;89.0;0.952434118077345;3.06;0.33;0.8053691275167785;7;High;False;True
6.3;0.28;0.47;11.2;0.04;61.0;183.0;0.9585555063620089;3.12;0.51;0.6375838926174496;6;Medium;False;True
7.6;0.27;0.52;3.2;0.043;28.0;152.0;0.9540992126893684;3.02;0.53;0.7651006711409396;6;Medium;False;True
7.0;0.25;0.45;2.3;0.045;40.0;118.0;0.9534735991068163;3.16;0.48;0.7986577181208053;7;High;False;True
9.7;0.24;0.49;4.9;0.032;3.0;18.0;0.9563995457082908;2.85;0.54;0.6711409395973155;6;Medium;False;True
6.8;0.13;0.39;1.4;0.034;19.0;102.0;0.9540222140945928;3.23;0.6;0.7583892617449665;7;High;False;True
6.6;0.78;0.5;1.5;0.045;30.0;133.0;0.9538585920806946;3.25;0.48;0.785234899328859;5;Medium;False;True
5.1;0.33;0.27;6.7;0.022;44.0;129.0;0.9549846965292884;3.36;0.39;0.7382550335570469;7;High;False;True
6.7;0.34;0.4;2.1;0.033;34.0;111.0;0.9521261236982425;2.97;0.48;0.8187919463087248;7;High;False;True
6.7;0.14;0.51;4.3;0.028;57.0;124.0;0.9545515794336753;2.91;0.54;0.7181208053691275;7;High;False;True
7.0;0.26;0.34;10.9;0.038;25.0;84.0;0.957015534466496;3.11;0.34;0.7315436241610739;6;Medium;False;True
6.5;0.29;0.26;7.0;0.04;18.0;113.0;0.9563802960595968;3.17;0.38;0.6845637583892616;6;Medium;False;True
7.6;0.21;0.49;2.5;0.047;20.0;130.0;0.9545708290823692;3.15;0.48;0.7449664429530201;5;Medium;False;True
7.7;0.26;0.51;2.6;0.045;26.0;159.0;0.9540703382163276;3.0;0.5;0.7516778523489932;6;Medium;False;True
7.7;0.25;0.49;2.5;0.047;31.0;169.0;0.9552830660840439;3.07;0.57;0.7114093959731543;6;Medium;False;True
7.6;0.35;0.46;14.7;0.047;33.0;151.0;0.9596816108106028;3.03;0.53;0.6912751677852349;5;Medium;False;True
6.9;0.3;0.36;4.5;0.054;31.0;203.0;0.9577951452385993;3.4;0.57;0.697986577181208;4;Low;False;True
6.7;0.24;0.46;2.2;0.033;19.0;111.0;0.9532907274442242;3.1;0.62;0.7986577181208053;6;Medium;False;True
6.5;0.23;0.39;1.9;0.036;41.0;98.0;0.9528576103486112;3.19;0.43;0.7986577181208053;7;High;False;True
7.6;0.23;0.34;1.6;0.043;24.0;129.0;0.9557931817744326;3.12;0.7;0.697986577181208;5;Medium;False;True
6.5;0.24;0.39;17.3;0.052;22.0;126.0;0.9614044543687077;3.11;0.47;0.6174496644295301;6;Medium;False;True
6.3;0.17;0.32;4.2;0.04;37.0;117.0;0.9546093283797571;3.24;0.43;0.7583892617449665;6;Medium;False;True
6.7;0.21;0.37;2.5;0.034;35.0;89.0;0.9541088375137153;3.25;0.5;0.7382550335570469;7;High;False;True
5.9;0.28;0.39;1.4;0.031;47.0;147.0;0.9512791391557104;3.08;0.64;0.8657718120805369;7;High;False;True
5.9;0.19;0.37;0.8;0.027;3.0;21.0;0.9525688656182025;3.09;0.31;0.7248322147651007;5;Medium;False;True
6.2;0.25;0.42;8.0;0.049;53.0;206.0;0.9584977574159271;3.16;0.47;0.610738255033557;6;Medium;False;True
5.6;0.18;0.27;1.7;0.03;31.0;103.0;0.9518181293191399;3.35;0.37;0.8657718120805369;6;Medium;False;True
5.5;0.18;0.22;5.5;0.037;10.0;86.0;0.9543590829467362;3.46;0.44;0.8187919463087248;5;Medium;False;True
7.4;0.23;0.38;8.6;0.052;41.0;150.0;0.9579972665498855;3.06;0.46;0.6912751677852349;5;Medium;False;True
7.2;0.17;0.37;6.9;0.059;47.0;128.0;0.9559568037883308;3.08;0.46;0.7382550335570469;7;High;False;True
7.6;0.3;0.38;2.1;0.043;10.0;98.0;0.9557065583553099;3.17;0.65;0.7382550335570469;5;Medium;False;True
5.0;0.24;0.21;2.2;0.039;31.0;100.0;0.9538008431346128;3.69;0.62;0.785234899328859;6;Medium;False;True
6.1;0.21;0.38;1.5;0.039;37.0;122.0;0.9525881152668965;3.2;0.43;0.8053691275167785;6;Medium;False;True
6.5;0.33;0.38;2.5;0.047;30.0;148.0;0.9525111166721207;3.17;0.43;0.8523489932885905;6;Medium;False;True
6.3;0.35;0.26;17.6;0.061;59.0;198.0;0.9616931990991164;3.11;0.49;0.5906040268456376;5;Medium;False;True
6.6;0.25;0.35;2.9;0.034;38.0;121.0;0.9529346089433868;3.19;0.4;0.8590604026845637;6;Medium;False;True
6.5;0.16;0.33;4.8;0.043;45.0;114.0;0.9547825752180022;3.18;0.44;0.7516778523489932;6;Medium;False;True
6.6;0.39;0.39;11.9;0.057;51.0;221.0;0.9610483358678704;3.26;0.51;0.5973154362416108;6;Medium;False;True
5.6;0.19;0.27;0.9;0.04;52.0;103.0;0.953107855781632;3.5;0.39;0.7516778523489932;5;Medium;False;True
6.2;0.25;0.39;1.3;0.051;42.0;135.0;0.9534350998094285;3.23;0.4;0.7449664429530201;6;Medium;False;True
6.9;0.22;0.43;6.4;0.042;34.0;115.0;0.9556776838822691;3.05;0.51;0.7248322147651007;6;Medium;False;True
6.2;0.19;0.29;4.3;0.045;33.0;126.0;0.959190744768908;3.18;0.42;0.6241610738255033;6;Medium;False;True
5.9;0.33;0.32;8.1;0.038;9.0;34.0;0.9539163410267762;3.22;0.36;0.8523489932885905;7;High;False;True
7.8;0.17;0.5;1.3;0.045;35.0;140.0;0.9532426033224893;3.16;0.4;0.8053691275167785;6;Medium;False;True
5.5;0.19;0.27;0.9;0.04;52.0;103.0;0.953107855781632;3.5;0.39;0.7516778523489932;5;Medium;False;True
6.2;0.23;0.36;17.2;0.039;37.0;130.0;0.9619626941808312;3.23;0.43;0.5906040268456376;6;Medium;False;True
7.2;0.32;0.4;8.7;0.038;45.0;154.0;0.958324510577682;3.2;0.47;0.697986577181208;6;Medium;False;True
5.8;0.39;0.47;7.5;0.027;12.0;88.0;0.9535313480528981;3.38;0.45;0.9395973154362416;6;Medium;False;True
7.6;0.25;1.23;4.6;0.035;51.0;294.0;0.9530308571868563;3.03;0.43;0.8791946308724832;6;Medium;False;True
5.8;0.29;0.33;3.7;0.029;30.0;88.0;0.9527998614025295;3.25;0.42;0.825503355704698;6;Medium;False;True
7.2;0.4;0.38;2.2;0.03;40.0;109.0;0.9535794721746328;3.27;0.46;0.8456375838926175;6;Medium;False;True
6.8;0.39;0.34;7.4;0.02;38.0;133.0;0.9548980731101657;3.18;0.44;0.8053691275167785;7;High;False;True
6.1;0.17;0.42;15.1;0.033;28.0;124.0;0.9594409902019287;2.87;0.47;0.6375838926174496;5;Medium;False;True
7.1;0.36;0.37;4.8;0.019;39.0;114.0;0.9532041040251016;3.08;0.49;0.8523489932885905;7;High;False;True
6.9;0.19;0.32;7.9;0.042;30.0;130.0;0.957246530250823;3.4;0.39;0.7046979865771812;6;Medium;False;True
6.5;0.34;0.46;1.0;0.023;6.0;80.0;0.9515582590617722;3.15;0.54;0.8657718120805369;6;Medium;False;True
7.8;0.3;0.36;4.6;0.024;20.0;198.0;0.9549943213536353;3.06;0.66;0.7986577181208053;6;Medium;False;True
6.1;0.68;0.52;1.4;0.037;32.0;123.0;0.9530693564842442;3.24;0.45;0.8053691275167785;6;Medium;False;True
5.2;0.34;0.37;6.2;0.031;42.0;133.0;0.9535890969989798;3.25;0.41;0.8389261744966443;6;Medium;False;True
5.6;0.28;0.4;6.1;0.034;36.0;118.0;0.9542435850545727;3.21;0.43;0.8120805369127516;7;High;False;True
6.2;0.19;0.38;5.1;0.019;22.0;82.0;0.9524822421990798;3.05;0.36;0.8389261744966443;6;Medium;False;True
5.7;0.16;0.26;6.3;0.043;28.0;113.0;0.9563225471135152;3.06;0.58;0.6644295302013423;6;Medium;False;True
7.6;0.17;0.46;0.9;0.036;63.0;147.0;0.9540703382163276;3.02;0.41;0.7181208053691275;6;Medium;False;True
7.3;0.2;0.39;2.3;0.048;24.0;87.0;0.9532811026198772;2.94;0.35;0.8053691275167785;6;Medium;False;True
6.7;0.33;0.36;6.6;0.042;34.0;116.0;0.9540414637432867;2.97;0.31;0.8187919463087248;8;High;False;True
6.7;0.33;0.34;7.5;0.036;39.0;124.0;0.9540414637432867;2.99;0.32;0.8322147651006712;8;High;False;True
6.9;0.36;0.35;8.6;0.038;37.0;125.0;0.9543975822441241;3.0;0.32;0.8322147651006712;8;High;False;True
7.8;0.21;0.34;11.9;0.039;55.0;140.0;0.958536256713315;3.02;0.31;0.6912751677852349;6;Medium;False;True
5.6;0.41;0.22;7.1;0.05;44.0;154.0;0.9558413058961673;3.3;0.4;0.7046979865771812;5;Medium;False;True
7.6;0.15;0.35;4.3;0.051;23.0;98.0;0.9569192862230264;3.1;0.44;0.6375838926174496;6;Medium;False;True
8.5;0.2;0.4;1.1;0.046;31.0;106.0;0.9547248262719206;3.0;0.35;0.7046979865771812;4;Low;False;True
6.5;0.24;0.38;1.0;0.027;31.0;90.0;0.9521453733469364;3.24;0.36;0.825503355704698;6;Medium;False;True
8.3;0.16;0.37;7.9;0.025;38.0;107.0;0.9558028065987796;2.93;0.37;0.7986577181208053;6;Medium;False;True
5.5;0.12;0.33;1.0;0.038;23.0;131.0;0.9544360815415118;3.25;0.45;0.6577181208053692;5;Medium;False;True
6.2;0.1;0.41;1.0;0.04;17.0;76.0;0.9527421124564477;3.14;0.56;0.7651006711409396;7;High;False;True
6.5;0.21;0.4;7.3;0.041;49.0;115.0;0.9554370632735952;3.21;0.43;0.7382550335570469;6;Medium;False;True
8.7;0.3;0.59;1.7;0.046;10.0;70.0;0.9564476698300256;3.06;0.56;0.7248322147651007;4;Low;False;True
6.7;0.18;0.37;1.3;0.027;42.0;125.0;0.9522704960634468;3.24;0.37;0.8590604026845637;7;High;False;True
7.0;0.17;0.36;6.4;0.055;42.0;123.0;0.955918304490943;3.11;0.5;0.7382550335570469;8;High;False;True
6.6;0.19;0.33;1.8;0.035;42.0;148.0;0.9547440759206144;3.15;0.36;0.6845637583892616;5;Medium;False;True
5.8;0.28;0.3;1.5;0.026;31.0;114.0;0.9523956187799572;3.32;0.6;0.8389261744966443;7;High;False;True
7.6;0.24;0.44;3.8;0.037;49.0;146.0;0.9539163410267762;3.06;0.37;0.7785234899328859;6;Medium;False;True
5.7;0.16;0.32;1.2;0.036;7.0;89.0;0.9539259658511232;3.26;0.48;0.7382550335570469;5;Medium;False;True
7.0;0.21;0.42;5.3;0.037;36.0;123.0;0.955947178963984;3.14;0.52;0.7315436241610739;6;Medium;False;True
6.4;0.22;0.38;9.1;0.044;35.0;127.0;0.9559953030857187;2.97;0.3;0.7382550335570469;7;High;False;True
7.9;0.34;0.44;6.5;0.027;47.0;126.0;0.9540510885676337;2.96;0.37;0.8389261744966443;6;Medium;False;True
6.8;0.21;0.4;6.3;0.032;40.0;121.0;0.9549173227588597;3.18;0.53;0.8053691275167785;7;High;False;True
5.2;0.31;0.36;5.1;0.031;46.0;145.0;0.9525688656182025;3.14;0.31;0.8322147651006712;7;High;False;True
5.6;0.42;0.34;2.4;0.022;34.0;97.0;0.9520395002791199;3.22;0.38;0.8590604026845637;7;High;False;True
6.8;0.28;0.34;7.5;0.035;34.0;177.0;0.9595179887967045;3.33;0.43;0.610738255033557;5;Medium;False;True
6.8;0.45;0.36;5.0;0.033;28.0;156.0;0.9538200927833067;3.11;0.4;0.8322147651006712;7;High;False;True
6.6;0.29;0.39;6.75;0.031;22.0;98.0;0.9541088375137153;3.15;0.8;0.8657718120805369;7;High;False;True
6.8;0.21;0.42;1.2;0.045;24.0;126.0;0.9551098192457987;3.09;0.87;0.7315436241610739;6;Medium;False;True
6.8;0.25;0.24;1.6;0.045;39.0;164.0;0.9567267897360873;3.53;0.58;0.7248322147651007;5;Medium;False;True
6.4;0.21;0.34;16.05;0.04;56.0;142.0;0.9593832412558471;3.11;0.38;0.7114093959731543;5;Medium;False;True
5.8;0.33;0.23;5.0;0.053;29.0;106.0;0.9572657798995169;3.13;0.52;0.6040268456375839;5;Medium;False;True
8.2;0.3;0.44;12.4;0.043;52.0;154.0;0.9572080309534351;3.04;0.33;0.8053691275167785;6;Medium;False;True
6.4;0.24;0.32;0.95;0.041;23.0;131.0;0.9531752295520607;3.25;0.35;0.7919463087248323;5;Medium;False;True
7.5;0.18;0.45;4.6;0.041;67.0;158.0;0.9554563129222892;3.01;0.38;0.7114093959731543;6;Medium;False;True
5.2;0.335;0.2;1.7;0.033;17.0;74.0;0.9528768599973051;3.34;0.48;0.825503355704698;6;Medium;False;True
7.1;0.14;0.33;1.0;0.104;20.0;54.0;0.9534062253363875;3.19;0.64;0.7718120805369127;6;Medium;False;True
7.2;0.13;0.46;1.3;0.044;48.0;111.0;0.9540799630406744;2.97;0.45;0.7449664429530201;5;Medium;False;True
6.5;0.29;0.25;2.5;0.142;8.0;111.0;0.9554563129222892;3.0;0.44;0.6644295302013423;4;Low;False;True
6.2;0.35;0.31;2.6;0.036;37.0;92.0;0.9522608712390999;3.27;0.53;0.8590604026845637;7;High;False;True
9.0;0.38;0.53;2.1;0.102;19.0;76.0;0.952867235172958;2.93;0.57;0.8657718120805369;5;Medium;False;True
6.6;0.24;0.38;12.75;0.034;8.0;74.0;0.9565727925465359;3.1;0.57;0.8657718120805369;6;Medium;False;True
6.6;0.16;0.34;1.1;0.037;41.0;115.0;0.9527613621051416;3.01;0.68;0.8053691275167785;6;Medium;False;True
5.7;0.15;0.28;3.7;0.045;57.0;151.0;0.9541088375137153;3.22;0.27;0.7516778523489932;6;Medium;False;True
6.6;0.33;0.4;2.65;0.041;35.0;86.0;0.9520491251034668;3.11;0.39;0.8926174496644296;7;High;False;True
5.7;0.2;0.3;2.5;0.046;38.0;125.0;0.9555140618683708;3.34;0.5;0.6644295302013423;6;Medium;False;True
6.8;0.27;0.37;8.2;0.055;52.0;192.0;0.9584977574159271;3.11;0.52;0.6375838926174496;6;Medium;False;True
6.8;0.27;0.42;7.3;0.054;58.0;200.0;0.9582090126855185;3.12;0.49;0.6308724832214765;6;Medium;False;True
6.2;0.2;0.26;1.1;0.047;42.0;119.0;0.9543783325954301;3.48;0.6;0.7382550335570469;7;High;False;True
6.7;0.13;0.57;6.6;0.056;60.0;150.0;0.9581320140907429;2.96;0.43;0.6308724832214765;6;Medium;False;True
6.8;0.21;0.37;7.0;0.038;27.0;107.0;0.954840324164084;2.98;0.82;0.7718120805369127;6;Medium;False;True
6.7;0.31;0.32;14.5;0.038;6.0;79.0;0.9568230379795568;3.14;0.34;0.8389261744966443;5;Medium;False;True
6.2;0.2;0.29;11.8;0.035;21.0;93.0;0.9563610464109029;3.18;0.34;0.7986577181208053;6;Medium;False;True
6.6;0.25;0.34;3.0;0.054;22.0;141.0;0.9561108009778821;3.26;0.47;0.697986577181208;6;Medium;False;True
6.9;0.22;0.39;6.0;0.035;44.0;141.0;0.9540414637432867;3.11;0.33;0.8389261744966443;6;Medium;False;True
6.4;0.23;0.35;4.6;0.039;43.0;147.0;0.9549365724075536;3.18;0.4;0.7382550335570469;7;High;False;True
7.6;0.27;0.29;2.5;0.059;37.0;115.0;0.9560145527344126;3.09;0.37;0.6577181208053692;5;Medium;False;True
6.6;0.34;0.24;3.3;0.034;29.0;99.0;0.9531559799033668;3.1;0.4;0.825503355704698;7;High;False;True
6.4;0.16;0.42;1.0;0.036;29.0;113.0;0.9536275962963676;3.18;0.52;0.7382550335570469;6;Medium;False;True
5.8;0.3;0.42;1.1;0.036;19.0;113.0;0.9516160080078538;3.1;0.46;0.8456375838926175;7;High;False;True
7.0;0.29;0.35;1.4;0.036;42.0;109.0;0.9540029644458988;3.31;0.62;0.7785234899328859;6;Medium;False;True
6.7;0.21;0.36;8.55;0.02;20.0;86.0;0.9542628347032667;3.19;0.22;0.8993288590604027;7;High;False;True
6.8;0.22;0.41;6.7;0.034;39.0;116.0;0.9552156923136154;3.18;0.46;0.7718120805369127;6;Medium;False;True
7.7;0.27;0.49;3.8;0.037;46.0;139.0;0.953974089972858;3.04;0.38;0.7785234899328859;6;Medium;False;True
6.4;0.25;0.37;4.5;0.039;41.0;147.0;0.9548788234614718;3.18;0.4;0.7449664429530201;7;High;False;True
6.7;0.13;0.45;4.2;0.043;52.0;131.0;0.9544168318928179;3.06;0.54;0.7583892617449665;6;Medium;False;True
6.7;0.24;0.37;11.3;0.043;64.0;173.0;0.9589404993358871;3.08;0.53;0.6644295302013423;6;Medium;False;True
7.1;0.26;0.37;5.5;0.025;31.0;105.0;0.9536468459450615;3.06;0.33;0.8456375838926175;8;High;False;True
5.3;0.3;0.16;4.2;0.029;37.0;100.0;0.953338851565959;3.3;0.36;0.7919463087248323;8;High;False;True
7.1;0.38;0.4;2.2;0.042;54.0;201.0;0.9545612042580223;3.03;0.5;0.7651006711409396;5;Medium;False;True
7.4;0.19;0.31;14.5;0.045;39.0;193.0;0.961134959286993;3.1;0.5;0.6174496644295301;6;Medium;False;True
6.3;0.32;0.32;1.5;0.03;24.0;101.0;0.9521164988738956;3.21;0.42;0.87248322147651;5;Medium;False;True
7.6;0.19;0.32;18.75;0.047;32.0;193.0;0.9626171822364242;3.1;0.5;0.6241610738255033;7;High;False;True
6.5;0.26;0.31;3.6;0.03;36.0;92.0;0.953107855781632;3.22;0.62;0.8456375838926175;8;High;False;True
5.9;0.24;0.12;1.4;0.035;60.0;247.0;0.9563032974648212;3.34;0.44;0.6442953020134228;6;Medium;False;True
4.2;0.215;0.23;5.1;0.041;64.0;157.0;0.9594794894993166;3.42;0.44;0.5369127516778524;3;Low;False;True
8.1;0.24;0.32;10.5;0.03;34.0;105.0;0.9567749138578221;3.11;0.42;0.7919463087248323;6;Medium;False;True
5.8;0.23;0.2;2.0;0.043;39.0;154.0;0.9550328206510231;3.21;0.39;0.6845637583892616;6;Medium;False;True
7.5;0.33;0.36;2.6;0.051;26.0;126.0;0.9537912183102658;3.32;0.53;0.8523489932885905;6;Medium;False;True
6.6;0.38;0.36;9.2;0.061;42.0;214.0;0.9601724768522975;3.31;0.56;0.6308724832214765;5;Medium;False;True
6.4;0.15;0.29;1.8;0.044;21.0;115.0;0.9544553311902058;3.1;0.38;0.6845637583892616;5;Medium;False;True
6.5;0.32;0.34;5.7;0.044;27.0;91.0;0.954628578028451;3.28;0.6;0.8053691275167785;7;High;False;True
7.5;0.22;0.32;2.4;0.045;29.0;100.0;0.95415696163545;3.08;0.6;0.7583892617449665;7;High;False;True
6.4;0.23;0.32;1.9;0.038;40.0;118.0;0.9535698473502858;3.32;0.53;0.7919463087248323;7;High;False;True
6.1;0.22;0.31;1.4;0.039;40.0;129.0;0.9547152014475736;3.45;0.59;0.7315436241610739;5;Medium;False;True
6.5;0.48;0.02;0.9;0.043;32.0;99.0;0.9550328206510231;3.14;0.47;0.6577181208053692;4;Low;False;True
6.6;0.23;0.3;4.6;0.06;29.0;154.0;0.9542243354058788;3.23;0.49;0.8187919463087248;8;High;False;True
6.4;0.16;0.25;1.4;0.057;21.0;125.0;0.953733469364184;3.23;0.44;0.7449664429530201;7;High;False;True
7.4;0.16;0.32;1.4;0.065;23.0;140.0;0.9541473368111032;3.06;0.47;0.7651006711409396;6;Medium;False;True
6.5;0.32;0.3;2.3;0.051;20.0;127.0;0.9525111166721207;3.13;0.52;0.8590604026845637;6;Medium;False;True
6.7;0.12;0.36;2.3;0.039;43.0;125.0;0.955061695124064;3.07;0.67;0.6778523489932885;7;High;False;True
6.6;0.2;0.14;4.4;0.184;35.0;168.0;0.9566690407900055;2.93;0.45;0.6308724832214765;6;Medium;False;True
8.0;0.34;0.25;6.4;0.035;38.0;103.0;0.9542820843519606;2.91;0.23;0.8187919463087248;6;Medium;False;True
6.8;0.21;0.31;2.9;0.046;40.0;121.0;0.9541088375137153;3.07;0.65;0.7315436241610739;7;High;False;True
6.8;0.23;0.31;2.8;0.047;40.0;122.0;0.9540703382163276;3.06;0.64;0.7315436241610739;7;High;False;True
6.6;0.28;0.42;8.2;0.044;60.0;196.0;0.9582667616316002;3.14;0.48;0.6308724832214765;5;Medium;False;True
7.8;0.25;0.37;1.0;0.043;10.0;80.0;0.9540895878650215;3.08;0.38;0.7651006711409396;5;Medium;False;True
5.6;0.12;0.33;2.9;0.044;21.0;73.0;0.9518566286165276;3.17;0.32;0.8657718120805369;8;High;False;True
6.6;0.28;0.41;7.0;0.046;59.0;194.0;0.9582282623342124;3.14;0.48;0.6308724832214765;5;Medium;False;True
6.8;0.17;0.35;1.8;0.04;29.0;84.0;0.9524822421990798;2.91;0.57;0.8053691275167785;7;High;False;True
7.3;0.25;0.28;1.5;0.043;19.0;113.0;0.9561108009778821;3.38;0.56;0.6778523489932885;6;Medium;False;True
6.5;0.25;0.5;7.6;0.047;54.0;184.0;0.9583630098750698;3.17;0.45;0.6174496644295301;5;Medium;False;True
6.3;0.24;0.35;2.3;0.039;43.0;109.0;0.9533966005120407;3.34;0.44;0.7919463087248323;6;Medium;False;True
6.8;0.32;0.32;8.7;0.029;31.0;105.0;0.9542628347032667;3.0;0.34;0.825503355704698;7;High;False;True
6.6;0.24;0.28;6.7;0.032;26.0;91.0;0.9545130801362876;3.13;0.32;0.825503355704698;6;Medium;False;True
6.3;0.22;0.34;5.0;0.032;36.0;93.0;0.9529731082407746;3.27;0.36;0.9060402684563759;7;High;False;True
6.0;0.32;0.3;1.9;0.033;41.0;142.0;0.952010625806079;3.29;0.42;0.8590604026845637;7;High;False;True
6.3;0.19;0.29;2.0;0.022;33.0;96.0;0.9519143775626094;3.04;0.54;0.8590604026845637;7;High;False;True
9.4;0.24;0.29;8.5;0.037;124.0;208.0;0.9566594159656586;2.9;0.38;0.7382550335570469;3;Low;False;True
6.4;0.35;0.28;12.6;0.039;19.0;124.0;0.9580453906716202;3.2;0.43;0.7114093959731543;6;Medium;False;True
6.7;0.46;0.27;5.2;0.039;35.0;96.0;0.9540992126893684;3.16;0.44;0.8322147651006712;7;High;False;True
6.3;0.3;0.29;2.1;0.048;33.0;142.0;0.952434118077345;3.22;0.46;0.8657718120805369;7;High;False;True
6.0;0.19;0.29;1.1;0.047;67.0;152.0;0.9543975822441241;3.54;0.59;0.7449664429530201;7;High;False;True
5.9;0.24;0.28;1.3;0.032;36.0;95.0;0.9517892548460991;3.08;0.64;0.8657718120805369;7;High;False;True
7.3;0.145;0.33;1.1;0.042;14.0;64.0;0.9529731082407746;3.1;0.37;0.7919463087248323;7;High;False;True
6.6;0.435;0.38;9.2;0.058;66.0;243.0;0.9608750890296253;3.23;0.54;0.610738255033557;6;Medium;False;True
5.8;0.18;0.37;1.2;0.036;19.0;74.0;0.9514427611696087;3.09;0.49;0.8523489932885905;7;High;False;True
5.8;0.18;0.37;1.1;0.036;31.0;96.0;0.9522993705364876;3.16;0.48;0.8053691275167785;6;Medium;False;True
5.6;0.32;0.32;8.3;0.043;32.0;105.0;0.9554178136249013;3.24;0.47;0.7516778523489932;6;Medium;False;True
6.6;0.16;0.35;1.8;0.042;26.0;105.0;0.9524918670234268;3.19;0.75;0.8322147651006712;7;High;False;True
5.1;0.21;0.28;1.4;0.047;48.0;148.0;0.9544745808388997;3.5;0.49;0.697986577181208;5;Medium;False;True
7.5;0.29;0.36;15.7;0.05;29.0;124.0;0.959402490904541;3.06;0.54;0.697986577181208;5;Medium;False;True
6.0;0.26;0.33;4.35;0.04;15.0;80.0;0.952222371941712;3.29;0.5;0.8523489932885905;6;Medium;False;True
5.7;0.26;0.3;1.8;0.039;30.0;105.0;0.9528094862268763;3.48;0.52;0.8389261744966443;7;High;False;True
7.1;0.17;0.31;1.6;0.037;15.0;103.0;0.9538200927833067;3.14;0.5;0.8053691275167785;6;Medium;False;True
6.9;0.17;0.3;2.0;0.047;13.0;117.0;0.9543205836493484;3.16;0.51;0.7785234899328859;6;Medium;False;True
6.8;0.25;0.28;5.0;0.035;42.0;126.0;0.9533196019172651;3.12;0.38;0.8456375838926175;7;High;False;True
6.6;0.17;0.28;1.8;0.042;62.0;178.0;0.9548210745153901;3.15;0.42;0.6845637583892616;5;Medium;False;True
5.8;0.17;0.36;1.3;0.036;11.0;70.0;0.9548018248666962;3.43;0.68;0.697986577181208;7;High;False;True
6.4;0.24;0.29;1.0;0.038;18.0;122.0;0.9534350998094285;3.3;0.42;0.7718120805369127;5;Medium;False;True
6.7;0.21;0.34;1.4;0.049;36.0;112.0;0.953733469364184;3.02;0.5;0.7382550335570469;6;Medium;False;True
6.7;0.23;0.33;8.1;0.048;45.0;176.0;0.9574005274403743;3.11;0.52;0.6778523489932885;6;Medium;False;True
6.8;0.23;0.32;8.6;0.046;47.0;159.0;0.9572080309534351;3.08;0.52;0.7046979865771812;6;Medium;False;True
6.5;0.22;0.28;3.7;0.059;29.0;151.0;0.9545612042580223;3.23;0.41;0.8120805369127516;7;High;False;True
5.1;0.165;0.22;5.7;0.047;42.0;146.0;0.956130050626576;3.18;0.55;0.6644295302013423;6;Medium;False;True
6.6;0.425;0.25;2.35;0.034;23.0;87.0;0.9536468459450615;3.05;0.41;0.7651006711409396;6;Medium;False;True
6.9;0.38;0.29;13.65;0.048;52.0;189.0;0.9604034726366243;3.0;0.6;0.6375838926174496;6;Medium;False;True
7.2;0.27;0.28;15.2;0.046;6.0;41.0;0.9592581185393366;3.17;0.39;0.7315436241610739;6;Medium;False;True
7.6;0.17;0.27;4.6;0.05;23.0;98.0;0.9569192862230264;3.08;0.47;0.6375838926174496;6;Medium;False;True
6.2;0.3;0.31;1.2;0.048;19.0;125.0;0.9528479855242642;3.32;0.54;0.8456375838926175;6;Medium;False;True
6.5;0.26;0.32;6.65;0.059;34.0;104.0;0.9553023157327378;3.18;0.42;0.7449664429530201;5;Medium;False;True
6.9;0.36;0.28;13.55;0.048;51.0;189.0;0.9603842229879305;3.0;0.6;0.6375838926174496;7;High;False;True
6.8;0.18;0.24;9.8;0.058;64.0;188.0;0.9578625190090281;3.13;0.51;0.7114093959731543;6;Medium;False;True
6.7;0.18;0.24;10.3;0.057;64.0;185.0;0.9578528941846811;3.12;0.5;0.7114093959731543;6;Medium;False;True
6.6;0.16;0.21;6.7;0.055;43.0;157.0;0.956553542897842;3.15;0.52;0.7248322147651007;6;Medium;False;True
6.4;0.17;0.27;9.9;0.047;26.0;101.0;0.9585940056593967;3.34;0.5;0.6644295302013423;6;Medium;False;True
7.2;0.22;0.28;7.2;0.06;41.0;132.0;0.9562262988700456;3.08;0.59;0.7583892617449665;6;Medium;False;True
6.0;0.22;0.28;1.1;0.034;47.0;90.0;0.9515293845887313;3.22;0.38;0.8456375838926175;6;Medium;False;True
6.7;0.36;0.28;8.3;0.034;29.0;81.0;0.9543109588250014;2.96;0.39;0.8389261744966443;6;Medium;False;True
6.5;0.43;0.28;11.25;0.032;31.0;87.0;0.9549750717049413;3.02;0.38;0.8322147651006712;6;Medium;False;True
5.9;0.2;0.28;12.8;0.038;29.0;132.0;0.9569577855204142;3.31;0.57;0.7919463087248323;7;High;False;True
5.3;0.32;0.23;9.65;0.026;26.0;119.0;0.9544745808388997;3.18;0.53;0.8187919463087248;6;Medium;False;True
6.8;0.2;0.28;12.6;0.048;54.0;136.0;0.9582090126855185;3.19;0.37;0.7181208053691275;6;Medium;False;True
6.0;0.22;0.33;12.2;0.033;25.0;97.0;0.9562840478161273;3.17;0.42;0.7583892617449665;7;High;False;True
7.1;0.18;0.49;1.3;0.033;12.0;72.0;0.953550597701592;3.05;0.53;0.7583892617449665;7;High;False;True
6.0;0.2;0.26;1.1;0.033;38.0;67.0;0.9524148684286511;3.14;0.38;0.7718120805369127;6;Medium;False;True
7.6;0.2;0.26;4.8;0.033;26.0;76.0;0.9535890969989798;2.98;0.49;0.825503355704698;7;High;False;True
6.2;0.3;0.21;1.1;0.032;31.0;111.0;0.951798879670446;2.97;0.42;0.8187919463087248;6;Medium;False;True
6.0;0.29;0.25;1.4;0.033;30.0;114.0;0.9508748965331383;3.08;0.43;0.8859060402684563;6;Medium;False;True
6.6;0.18;0.28;1.7;0.041;53.0;161.0;0.954849948988431;3.13;0.45;0.6845637583892616;6;Medium;False;True
7.0;0.22;0.28;10.6;0.039;32.0;117.0;0.9562744229917804;3.05;0.55;0.7718120805369127;7;High;False;True
5.6;0.15;0.26;5.55;0.051;51.0;139.0;0.9560915513291882;3.47;0.5;0.7382550335570469;6;Medium;False;True
6.9;0.28;0.24;2.1;0.034;49.0;121.0;0.9517218810756704;2.98;0.43;0.8859060402684563;7;High;False;True
5.9;0.19;0.21;1.7;0.045;57.0;135.0;0.956139675450923;3.32;0.44;0.6375838926174496;5;Medium;False;True
7.8;0.22;0.26;9.0;0.047;38.0;132.0;0.9595949873914801;3.25;0.53;0.6845637583892616;6;Medium;False;True
7.0;0.4;0.25;1.8;0.05;51.0;189.0;0.9545323297849814;3.0;0.55;0.7651006711409396;6;Medium;False;True
6.1;0.28;0.27;4.7;0.03;56.0;140.0;0.9532618529711833;3.16;0.42;0.8389261744966443;8;High;False;True
7.6;0.36;0.49;11.3;0.046;87.0;221.0;0.9609424628000538;3.01;0.43;0.6174496644295301;5;Medium;False;True
6.5;0.28;0.34;3.6;0.04;29.0;121.0;0.9539259658511232;3.28;0.48;0.8120805369127516;7;High;False;True
6.9;0.19;0.35;6.9;0.045;51.0;125.0;0.9560338023831064;3.1;0.44;0.7181208053691275;7;High;False;True
6.4;0.22;0.32;4.9;0.046;50.0;156.0;0.9558990548422491;3.38;0.55;0.7516778523489932;6;Medium;False;True
6.8;0.23;0.3;6.95;0.044;42.0;179.0;0.9572850295482108;3.25;0.56;0.7114093959731543;6;Medium;False;True
6.4;0.32;0.31;1.9;0.037;34.0;126.0;0.9528576103486112;3.06;0.45;0.7919463087248323;6;Medium;False;True
8.8;0.39;0.35;1.8;0.096;22.0;80.0;0.9530116075381625;2.95;0.54;0.8456375838926175;6;Medium;False;True
6.6;0.24;0.3;11.3;0.026;11.0;77.0;0.9565246684248012;3.13;0.55;0.8590604026845637;7;High;False;True
6.9;0.29;0.3;8.2;0.026;35.0;112.0;0.9542435850545727;3.0;0.37;0.825503355704698;6;Medium;False;True
6.9;0.28;0.3;8.3;0.026;37.0;113.0;0.9541954609328379;2.99;0.38;0.825503355704698;8;High;False;True
6.7;0.38;0.26;9.55;0.036;35.0;91.0;0.9546863269745327;2.98;0.37;0.8322147651006712;6;Medium;False;True
8.0;0.28;0.3;8.4;0.03;35.0;115.0;0.9547055766232266;2.93;0.42;0.825503355704698;6;Medium;False;True
6.5;0.25;0.45;7.8;0.048;52.0;188.0;0.9584015091724576;3.2;0.53;0.610738255033557;5;Medium;False;True
6.6;0.26;0.46;7.8;0.047;48.0;186.0;0.9584400084698455;3.2;0.54;0.610738255033557;5;Medium;False;True
7.4;0.29;0.28;10.2;0.032;43.0;138.0;0.9577662707655585;3.1;0.47;0.7114093959731543;6;Medium;False;True
6.3;0.19;0.29;5.5;0.042;44.0;189.0;0.9557835569500857;3.19;0.47;0.6912751677852349;6;Medium;False;True
6.1;0.33;0.32;7.8;0.052;52.0;183.0;0.9591811199445609;3.39;0.65;0.6375838926174496;5;Medium;False;True
5.6;0.32;0.33;7.4;0.037;25.0;95.0;0.9554370632735952;3.25;0.49;0.7449664429530201;6;Medium;False;True
7.7;0.46;0.18;3.3;0.054;18.0;143.0;0.9566305414926177;3.12;0.51;0.7248322147651007;6;Medium;False;True
8.8;0.19;0.3;5.0;0.028;34.0;120.0;0.9551868178405744;2.94;0.47;0.7516778523489932;5;Medium;False;True
8.8;0.27;0.25;5.0;0.024;52.0;99.0;0.9552638164353501;2.87;0.49;0.7651006711409396;5;Medium;False;True
5.8;0.18;0.28;1.3;0.034;9.0;94.0;0.9537430941885311;3.21;0.52;0.7516778523489932;6;Medium;False;True
5.8;0.15;0.32;1.2;0.037;14.0;119.0;0.954176211284144;3.19;0.5;0.6845637583892616;6;Medium;False;True
7.1;0.32;0.3;9.9;0.041;63.0;192.0;0.9590367475793566;3.12;0.49;0.6845637583892616;6;Medium;False;True
6.2;0.23;0.35;0.7;0.051;24.0;111.0;0.9543975822441241;3.37;0.43;0.7382550335570469;3;Low;False;True
8.9;0.3;0.35;4.6;0.032;32.0;148.0;0.9572657798995169;3.15;0.45;0.7718120805369127;7;High;False;True
6.0;0.14;0.17;5.6;0.036;37.0;127.0;0.9564476698300256;3.05;0.57;0.6577181208053692;6;Medium;False;True
6.8;0.24;0.29;9.5;0.042;56.0;157.0;0.9584977574159271;3.11;0.51;0.6778523489932885;6;Medium;False;True
6.7;0.21;0.48;14.8;0.05;31.0;195.0;0.9619241948834434;2.95;0.75;0.5906040268456376;6;Medium;False;True
6.1;0.3;0.3;2.1;0.031;50.0;163.0;0.9523763691312633;3.39;0.43;0.8523489932885905;7;High;False;True
7.2;0.37;0.4;11.6;0.032;34.0;214.0;0.9589212496871932;3.1;0.51;0.6577181208053692;6;Medium;False;True
6.7;0.64;0.3;1.2;0.03;18.0;76.0;0.9520876244008546;3.16;0.6;0.8657718120805369;4;Low;False;True
7.6;0.28;0.49;20.15;0.06;30.0;145.0;0.96436890026757;3.01;0.44;0.5704697986577181;5;Medium;False;True
6.3;0.29;0.28;4.7;0.059;28.0;81.0;0.9532041040251016;3.24;0.56;0.8523489932885905;8;High;False;True
6.2;0.28;0.28;4.3;0.026;22.0;105.0;0.9518951279139155;2.98;0.64;0.8791946308724832;8;High;False;True
7.1;0.18;0.39;14.5;0.051;48.0;156.0;0.9619723190051781;3.35;0.78;0.610738255033557;5;Medium;False;True
6.4;0.32;0.27;4.9;0.034;18.0;122.0;0.9543975822441241;3.36;0.71;0.8389261744966443;6;Medium;False;True
7.1;0.17;0.4;14.55;0.047;47.0;156.0;0.9619530693564842;3.34;0.78;0.610738255033557;6;Medium;False;True
5.8;0.24;0.26;10.05;0.039;63.0;162.0;0.9564669194787195;3.33;0.5;0.7516778523489932;6;Medium;False;True
7.1;0.18;0.39;15.25;0.047;45.0;158.0;0.9619626941808312;3.34;0.77;0.610738255033557;6;Medium;False;True
7.8;0.29;0.29;3.15;0.044;41.0;117.0;0.9543302084736953;3.24;0.35;0.7718120805369127;5;Medium;False;True
6.2;0.255;0.27;1.3;0.037;30.0;86.0;0.9512598895070165;3.05;0.59;0.8657718120805369;7;High;False;True
8.2;0.34;0.29;5.2;0.076;19.0;92.0;0.9541858361084911;2.95;0.39;0.8389261744966443;6;Medium;False;True
6.5;0.24;0.28;1.1;0.034;26.0;83.0;0.9521646229956303;3.25;0.33;0.825503355704698;6;Medium;False;True
6.9;0.24;0.23;7.1;0.041;20.0;97.0;0.9552253171379622;3.1;0.85;0.7651006711409396;6;Medium;False;True
6.7;0.4;0.22;8.8;0.052;24.0;113.0;0.9584015091724576;3.22;0.45;0.6308724832214765;5;Medium;False;True
6.7;0.3;0.44;18.5;0.057;65.0;224.0;0.9620589424243008;3.11;0.53;0.610738255033557;5;Medium;False;True
6.8;0.17;0.32;1.4;0.04;35.0;106.0;0.953107855781632;3.16;0.66;0.8053691275167785;5;Medium;False;True
7.1;0.25;0.28;1.2;0.04;31.0;111.0;0.9545323297849814;3.18;0.53;0.7449664429530201;5;Medium;False;True
5.9;0.27;0.27;5.0;0.035;14.0;97.0;0.9534158501607346;3.1;0.33;0.7919463087248323;7;High;False;True
6.0;0.16;0.22;1.6;0.042;36.0;106.0;0.953338851565959;3.24;0.32;0.7651006711409396;6;Medium;False;True
6.7;0.3;0.44;18.75;0.057;65.0;224.0;0.9620589424243008;3.11;0.53;0.610738255033557;5;Medium;False;True
6.6;0.15;0.32;6.0;0.033;59.0;128.0;0.9547055766232266;3.19;0.71;0.8120805369127516;8;High;False;True
7.3;0.34;0.3;9.4;0.057;34.0;178.0;0.9581897630368246;3.15;0.44;0.697986577181208;6;Medium;False;True
6.0;0.17;0.29;9.7;0.044;33.0;98.0;0.9580165161985794;3.12;0.36;0.6174496644295301;6;Medium;False;True
6.7;0.47;0.29;4.75;0.034;29.0;134.0;0.9533966005120407;3.29;0.46;0.87248322147651;7;High;False;True
6.6;0.21;0.29;5.35;0.029;43.0;106.0;0.9539355906754702;2.93;0.43;0.7718120805369127;7;High;False;True
8.0;0.24;0.48;6.8;0.047;13.0;134.0;0.9587865021463359;3.23;0.7;0.6711409395973155;5;Medium;False;True
5.6;0.34;0.3;6.9;0.038;23.0;89.0;0.9554178136249013;3.25;0.49;0.7449664429530201;6;Medium;False;True
5.8;0.54;0.0;1.4;0.033;40.0;107.0;0.9520683747521607;3.26;0.35;0.8322147651006712;5;Medium;False;True
7.3;0.23;0.24;0.9;0.031;29.0;86.0;0.9521453733469364;2.9;0.38;0.8187919463087248;6;Medium;False;True
6.0;0.39;0.13;1.2;0.042;60.0;172.0;0.9539548403241641;3.06;0.52;0.7114093959731543;5;Medium;False;True
6.1;0.105;0.31;1.3;0.037;55.0;145.0;0.9540125892702458;3.41;0.41;0.7449664429530201;7;High;False;True
5.8;0.32;0.2;2.6;0.027;17.0;123.0;0.9522416215904059;3.36;0.78;0.9328859060402684;7;High;False;True
7.6;0.22;0.28;12.0;0.056;68.0;143.0;0.9608462145565843;2.99;0.3;0.6174496644295301;6;Medium;False;True
6.8;0.19;0.4;9.85;0.055;41.0;103.0;0.9579780169011916;2.98;0.56;0.7046979865771812;6;Medium;False;True
6.7;0.24;0.3;3.85;0.042;105.0;179.0;0.9546767021501857;3.04;0.59;0.7583892617449665;8;High;False;True
6.8;0.17;0.34;2.0;0.04;38.0;111.0;0.9528576103486112;3.24;0.45;0.8657718120805369;6;Medium;False;True
6.2;0.3;0.31;1.6;0.035;40.0;106.0;0.9520298754547729;3.26;0.39;0.8657718120805369;7;High;False;True
6.9;0.29;0.41;7.8;0.046;52.0;171.0;0.9580261410229263;3.12;0.51;0.6442953020134228;5;Medium;False;True
6.8;0.19;0.34;1.9;0.04;41.0;108.0;0.9528576103486112;3.25;0.45;0.8657718120805369;6;Medium;False;True
6.6;0.24;0.27;10.3;0.047;54.0;219.0;0.9599992300140522;3.04;0.45;0.5906040268456376;5;Medium;False;True
6.6;0.16;0.36;1.1;0.031;27.0;93.0;0.9517411307243643;3.23;0.34;0.8859060402684563;8;High;False;True
6.7;0.16;0.36;2.0;0.045;24.0;131.0;0.9555910604631465;3.3;0.59;0.7046979865771812;6;Medium;False;True
6.5;0.3;0.27;4.0;0.038;37.0;97.0;0.953107855781632;3.2;0.6;0.8456375838926175;8;High;False;True
6.5;0.22;0.19;1.1;0.064;36.0;191.0;0.955716183179657;3.05;0.5;0.6375838926174496;6;Medium;False;True
6.2;0.36;0.45;10.4;0.06;22.0;184.0;0.9597008604592967;3.31;0.56;0.6577181208053692;6;Medium;False;True
6.2;0.37;0.24;6.1;0.032;19.0;86.0;0.952222371941712;3.04;0.26;0.8993288590604027;8;High;False;True
7.6;0.31;0.24;1.8;0.037;39.0;150.0;0.9541088375137153;3.05;0.44;0.7919463087248323;7;High;False;True
5.9;0.32;0.28;4.7;0.039;34.0;94.0;0.9525111166721207;3.22;0.57;0.8791946308724832;7;High;False;True
5.8;0.22;0.3;1.1;0.047;36.0;131.0;0.9547825752180022;3.26;0.45;0.697986577181208;5;Medium;False;True
5.4;0.45;0.27;6.4;0.033;20.0;102.0;0.9523186201851815;3.22;0.27;0.8993288590604027;8;High;False;True
6.1;0.36;0.26;8.15;0.035;14.0;88.0;0.9531559799033668;3.06;0.27;0.87248322147651;7;High;False;True
7.5;0.21;0.32;4.8;0.056;39.0;113.0;0.9566401663169647;3.11;0.52;0.6845637583892616;7;High;False;True
6.9;0.28;0.33;1.2;0.039;16.0;98.0;0.9532426033224893;3.07;0.39;0.785234899328859;6;Medium;False;True
7.8;0.2;0.2;1.4;0.036;25.0;83.0;0.9537045948911432;3.03;0.46;0.785234899328859;6;Medium;False;True
6.7;0.28;0.31;7.4;0.041;7.0;81.0;0.9553023157327378;3.04;0.47;0.7651006711409396;8;High;False;True
8.0;0.2;0.44;1.0;0.057;24.0;111.0;0.9543783325954301;3.09;0.32;0.7516778523489932;6;Medium;False;True
6.0;0.28;0.27;15.5;0.036;31.0;134.0;0.956784538682169;3.19;0.44;0.87248322147651;7;High;False;True
6.7;0.24;0.36;8.4;0.042;42.0;123.0;0.9574101522647211;3.34;0.52;0.7315436241610739;6;Medium;False;True
6.3;0.22;0.28;2.4;0.042;38.0;102.0;0.9528383606999172;3.14;0.37;0.7785234899328859;7;High;False;True
6.0;0.24;0.28;3.95;0.038;61.0;134.0;0.9542628347032667;3.3;0.54;0.7583892617449665;7;High;False;True
7.7;0.43;1.0;19.95;0.032;42.0;164.0;0.9599992300140522;3.29;0.5;0.8053691275167785;6;Medium;False;True
6.4;0.3;0.36;2.0;0.052;18.0;141.0;0.9554851873953301;3.38;0.53;0.7046979865771812;6;Medium;False;True
6.1;0.33;0.3;3.0;0.036;30.0;124.0;0.9521068740495485;3.31;0.4;0.8791946308724832;7;High;False;True
6.7;0.29;0.45;14.3;0.054;30.0;181.0;0.9612215827061156;3.14;0.57;0.610738255033557;5;Medium;False;True
6.9;0.33;0.31;4.2;0.04;21.0;93.0;0.9524726173747329;3.18;0.48;0.8993288590604027;7;High;False;True
6.5;0.16;0.34;1.4;0.029;29.0;133.0;0.9538970913780823;3.33;0.64;0.7718120805369127;7;High;False;True
6.0;0.2;0.32;3.0;0.031;26.0;118.0;0.9541473368111032;3.38;0.68;0.7516778523489932;7;High;False;True
7.5;0.33;0.28;4.9;0.042;21.0;155.0;0.9565631677221891;3.36;0.57;0.7315436241610739;6;Medium;False;True
7.1;0.36;0.28;2.4;0.036;35.0;115.0;0.9522416215904059;3.19;0.44;0.9060402684563759;7;High;False;True
6.4;0.26;0.25;10.7;0.046;66.0;179.0;0.9586902539028662;3.17;0.55;0.6644295302013423;6;Medium;False;True
7.0;0.22;0.24;11.0;0.041;75.0;167.0;0.9577470211168646;2.98;0.56;0.7046979865771812;6;Medium;False;True
6.5;0.19;0.28;1.4;0.046;22.0;90.0;0.9532233536737955;3.18;0.51;0.785234899328859;7;High;False;True
6.3;0.21;0.31;1.2;0.043;30.0;117.0;0.9543783325954301;3.49;0.68;0.7382550335570469;6;Medium;False;True
7.9;0.35;0.28;12.9;0.032;13.0;63.0;0.9559375541396369;2.99;0.43;0.87248322147651;6;Medium;False;True
7.7;0.38;0.23;10.8;0.03;28.0;95.0;0.9544360815415118;2.93;0.41;0.9127516778523489;6;Medium;False;True
6.8;0.19;0.33;1.3;0.031;22.0;87.0;0.9527324876321007;3.08;0.62;0.825503355704698;7;High;False;True
7.2;0.33;0.34;2.0;0.044;61.0;171.0;0.9523474946582224;3.25;0.53;0.8926174496644296;7;High;False;True
6.6;0.29;0.29;1.8;0.036;38.0;102.0;0.9511155171418122;3.08;0.42;0.919463087248322;7;High;False;True
7.5;0.2;0.41;1.2;0.05;26.0;131.0;0.9541377119867562;3.19;0.52;0.7449664429530201;5;Medium;False;True
6.9;0.33;0.62;7.5;0.038;46.0;132.0;0.9542339602302258;3.23;0.43;0.8993288590604027;7;High;False;True
6.0;0.23;0.15;9.7;0.048;101.0;207.0;0.9583533850507228;3.05;0.3;0.610738255033557;5;Medium;False;True
5.9;0.23;0.24;3.8;0.038;61.0;152.0;0.9541954609328379;3.31;0.5;0.7583892617449665;7;High;False;True
6.6;0.32;0.41;7.2;0.048;55.0;178.0;0.9580261410229263;3.2;0.46;0.6308724832214765;5;Medium;False;True
5.3;0.36;0.27;6.3;0.028;40.0;132.0;0.9546478276771448;3.37;0.4;0.7785234899328859;6;Medium;False;True
8.9;0.27;0.28;0.8;0.024;29.0;128.0;0.9527036131590599;3.01;0.35;0.8322147651006712;6;Medium;False;True
7.6;0.23;0.29;8.6;0.053;65.0;146.0;0.9589212496871932;3.11;0.32;0.6577181208053692;6;Medium;False;True
6.9;0.75;0.13;6.3;0.036;19.0;50.0;0.9558605555448613;3.09;0.25;0.7449664429530201;4;Low;False;True
7.1;0.35;0.27;3.1;0.034;28.0;134.0;0.9525688656182025;3.26;0.38;0.8791946308724832;7;High;False;True
7.2;0.31;0.35;7.2;0.046;45.0;178.0;0.9581512637394368;3.14;0.53;0.6510067114093959;5;Medium;False;True
6.4;0.28;0.44;7.1;0.048;49.0;179.0;0.9579395176038038;3.15;0.48;0.6174496644295301;5;Medium;False;True
7.2;0.23;0.46;6.4;0.036;17.0;85.0;0.9555429363414117;3.1;0.78;0.785234899328859;6;Medium;False;True
6.6;0.22;0.3;14.7;0.045;50.0;136.0;0.9596334866888679;3.14;0.37;0.7114093959731543;6;Medium;False;True
7.2;0.24;0.28;1.9;0.032;30.0;92.0;0.9542050857571849;3.1;0.39;0.7315436241610739;6;Medium;False;True
6.2;0.27;0.47;1.2;0.146;28.0;105.0;0.9550135710023292;3.23;0.51;0.6778523489932885;5;Medium;False;True
6.5;0.28;0.25;4.8;0.029;54.0;128.0;0.9535698473502858;3.17;0.44;0.8187919463087248;7;High;False;True
7.2;0.27;0.31;1.2;0.031;27.0;80.0;0.9518181293191399;3.03;0.33;0.8523489932885905;6;Medium;False;True
7.8;0.28;0.25;3.4;0.024;27.0;99.0;0.9524629925503859;2.98;0.37;0.87248322147651;6;Medium;False;True
8.1;0.26;0.27;4.3;0.03;43.0;123.0;0.9548980731101657;3.16;0.33;0.7516778523489932;6;Medium;False;True
6.6;0.23;0.37;8.5;0.036;46.0;153.0;0.9584015091724576;3.2;0.48;0.6308724832214765;6;Medium;False;True
6.0;0.33;0.2;1.8;0.031;49.0;159.0;0.9546863269745327;3.41;0.53;0.7382550335570469;6;Medium;False;True
7.3;0.2;0.29;19.5;0.039;69.0;237.0;0.9628385531964041;3.1;0.48;0.6174496644295301;6;Medium;False;True
7.3;0.2;0.29;19.9;0.039;69.0;237.0;0.9628385531964041;3.1;0.48;0.6174496644295301;6;Medium;False;True
6.2;0.47;0.19;8.3;0.029;24.0;142.0;0.9547825752180022;3.22;0.45;0.825503355704698;6;Medium;False;True
7.2;0.14;0.32;1.1;0.022;48.0;116.0;0.9549558220562474;3.04;0.67;0.6711409395973155;6;Medium;False;True
5.7;0.22;0.22;16.65;0.044;39.0;110.0;0.9610868351652583;3.24;0.48;0.6040268456375839;6;Medium;False;True
8.1;0.2;0.28;0.9;0.023;49.0;87.0;0.9534543494581224;2.92;0.36;0.7449664429530201;6;Medium;False;True
5.8;0.14;0.15;6.1;0.042;27.0;123.0;0.956341796762209;3.06;0.6;0.6644295302013423;6;Medium;False;True
4.8;0.21;0.21;10.2;0.037;17.0;112.0;0.9559760534370247;3.66;0.48;0.8187919463087248;7;High;False;True
7.5;0.34;0.24;3.85;0.031;5.0;34.0;0.9538008431346128;3.01;0.36;0.7919463087248323;4;Low;False;True
6.6;0.64;0.28;4.4;0.032;19.0;78.0;0.9532041040251016;3.11;0.62;0.8657718120805369;6;Medium;False;True
7.0;0.48;0.12;4.5;0.05;23.0;86.0;0.9566882904386994;2.86;0.35;0.6040268456375839;5;Medium;False;True
7.6;0.37;0.34;3.2;0.028;42.0;162.0;0.9531463550790198;3.01;0.33;0.8322147651006712;6;Medium;False;True
8.0;0.25;0.27;9.7;0.036;15.0;85.0;0.9567652890334751;2.99;0.36;0.7516778523489932;6;Medium;False;True
7.6;0.38;0.28;4.2;0.029;7.0;112.0;0.9534350998094285;3.0;0.41;0.8456375838926175;6;Medium;False;True
6.9;0.26;0.27;4.2;0.031;20.0;80.0;0.9537142197154902;3.12;0.39;0.7718120805369127;6;Medium;False;True
7.8;0.15;0.34;1.1;0.035;31.0;93.0;0.9537815934859188;3.07;0.72;0.7583892617449665;7;High;False;True
5.9;0.655;0.0;5.6;0.033;8.0;31.0;0.9563225471135152;3.32;0.51;0.7046979865771812;4;Low;False;True
7.8;0.31;0.4;1.6;0.027;20.0;87.0;0.9539163410267762;3.15;0.48;0.7986577181208053;6;Medium;False;True
8.1;0.17;0.21;1.6;0.036;24.0;119.0;0.9566690407900055;3.18;0.52;0.6778523489932885;6;Medium;False;True
6.8;0.18;0.28;1.1;0.027;32.0;112.0;0.9537142197154902;3.15;0.45;0.7382550335570469;7;High;False;True
7.4;0.28;0.36;14.6;0.048;35.0;161.0;0.959402490904541;3.14;0.56;0.7114093959731543;5;Medium;False;True
7.3;0.23;0.27;2.6;0.035;39.0;120.0;0.9541858361084911;3.04;0.59;0.7583892617449665;7;High;False;True
6.7;0.22;0.22;1.2;0.038;5.0;124.0;0.9538008431346128;3.1;0.37;0.7516778523489932;4;Low;False;True
7.4;0.25;0.28;7.25;0.028;14.0;78.0;0.9551483185431866;2.94;0.37;0.7718120805369127;7;High;False;True
7.5;0.3;0.21;6.55;0.026;33.0;143.0;0.9552060674892683;2.92;0.35;0.7449664429530201;5;Medium;False;True
7.2;0.26;0.24;7.0;0.023;19.0;130.0;0.9545515794336753;3.14;0.49;0.8590604026845637;7;High;False;True
6.3;0.32;0.32;1.5;0.037;12.0;76.0;0.9527902365781824;3.3;0.46;0.825503355704698;6;Medium;False;True
7.7;0.24;0.3;1.4;0.041;15.0;102.0;0.9556488094092283;3.26;0.53;0.697986577181208;6;Medium;False;True
7.0;0.24;0.35;1.0;0.032;42.0;104.0;0.9527421124564477;3.16;0.37;0.785234899328859;7;High;False;True
5.8;0.28;0.28;4.2;0.044;52.0;158.0;0.9547825752180022;3.35;0.44;0.7181208053691275;7;High;False;True
6.8;0.19;0.71;17.5;0.042;21.0;114.0;0.9604034726366243;2.85;0.5;0.6375838926174496;6;Medium;False;True
6.6;0.19;0.35;1.5;0.037;37.0;107.0;0.952915359294693;3.18;0.68;0.8053691275167785;7;High;False;True
6.4;0.28;0.36;1.3;0.053;28.0;186.0;0.9548884482858189;3.31;0.45;0.7248322147651007;5;Medium;False;True
5.6;0.28;0.27;3.9;0.043;52.0;158.0;0.9548018248666962;3.35;0.44;0.7181208053691275;7;High;False;True
5.6;0.28;0.28;4.2;0.044;52.0;158.0;0.9547825752180022;3.35;0.44;0.7181208053691275;7;High;False;True
6.8;0.19;0.32;7.6;0.049;37.0;107.0;0.9560530520318004;3.12;0.44;0.7181208053691275;7;High;False;True
7.2;0.16;0.29;1.0;0.031;40.0;123.0;0.952453367726039;3.12;0.4;0.8120805369127516;7;High;False;True
6.6;0.17;0.28;1.1;0.034;55.0;108.0;0.9522704960634468;3.0;0.52;0.7986577181208053;7;High;False;True
6.6;0.19;0.28;11.8;0.042;54.0;137.0;0.9575930239273134;3.18;0.37;0.7248322147651007;6;Medium;False;True
5.8;0.2;0.24;1.4;0.033;65.0;169.0;0.9532714777955302;3.59;0.56;0.825503355704698;7;High;False;True
6.6;0.39;0.38;9.7;0.053;49.0;226.0;0.9604323471096653;3.3;0.57;0.6308724832214765;6;Medium;False;True
6.8;0.12;0.3;12.9;0.049;32.0;88.0;0.9591522454715201;3.2;0.35;0.6644295302013423;6;Medium;False;True
6.6;0.295;0.24;1.6;0.039;29.0;140.0;0.9557835569500857;3.35;0.61;0.697986577181208;7;High;False;True
6.6;0.26;0.24;7.2;0.038;28.0;137.0;0.9578625190090281;3.35;0.6;0.697986577181208;6;Medium;False;True
7.0;0.32;0.27;7.1;0.027;37.0;122.0;0.9544457063658588;3.15;0.6;0.8456375838926175;7;High;False;True
7.4;0.36;0.23;1.9;0.017;31.0;69.0;0.9520876244008546;2.93;0.36;0.8389261744966443;6;Medium;False;True
6.7;0.35;0.48;8.8;0.056;35.0;167.0;0.9589020000384993;3.04;0.47;0.6308724832214765;5;Medium;False;True
6.4;0.38;0.24;7.2;0.047;41.0;151.0;0.9586710042541724;3.11;0.6;0.6174496644295301;5;Medium;False;True
6.8;0.14;0.18;1.4;0.047;30.0;90.0;0.9544360815415118;3.27;0.54;0.7516778523489932;6;Medium;False;True
7.0;0.16;0.25;14.3;0.044;27.0;149.0;0.9605574698261756;2.91;0.46;0.6174496644295301;6;Medium;False;True
6.8;0.16;0.18;1.8;0.046;31.0;114.0;0.9550328206510231;3.27;0.55;0.7248322147651007;6;Medium;False;True
7.2;0.24;0.3;1.2;0.037;11.0;95.0;0.9520298754547729;2.96;0.36;0.8389261744966443;6;Medium;False;True
7.7;0.32;0.61;11.8;0.041;66.0;188.0;0.9604997208800939;3.0;0.54;0.6241610738255033;5;Medium;False;True
7.0;0.29;0.33;0.9;0.041;20.0;117.0;0.9533196019172651;3.21;0.5;0.7651006711409396;5;Medium;False;True
7.1;0.27;0.24;12.6;0.044;48.0;118.0;0.959845232824501;3.04;0.56;0.6711409395973155;7;High;False;True
6.8;0.45;0.28;26.05;0.031;27.0;122.0;0.9653217578779187;3.06;0.42;0.7114093959731543;6;Medium;False;True
6.3;0.2;0.26;4.7;0.04;108.0;168.0;0.9555333115170648;3.07;0.75;0.7181208053691275;7;High;False;True
6.6;0.36;0.28;6.1;0.029;12.0;93.0;0.9533773508633467;3.19;0.27;0.8590604026845637;7;High;False;True
6.4;0.37;0.2;5.6;0.117;61.0;183.0;0.9572754047238637;3.24;0.43;0.6375838926174496;5;Medium;False;True
6.4;0.38;0.2;5.3;0.117;57.0;181.0;0.9572754047238637;3.24;0.43;0.6375838926174496;6;Medium;False;True
6.4;0.36;0.2;5.7;0.118;61.0;172.0;0.9572850295482108;3.24;0.43;0.6375838926174496;6;Medium;False;True
6.6;0.3;0.25;8.0;0.036;21.0;124.0;0.956341796762209;3.06;0.38;0.7248322147651007;6;Medium;False;True
6.5;0.21;0.51;17.6;0.045;34.0;125.0;0.9621551906677703;3.2;0.47;0.5906040268456376;6;Medium;False;True
7.6;0.31;0.27;8.8;0.021;57.0;156.0;0.9571117827099656;3.08;0.38;0.7382550335570469;7;High;False;True
5.8;0.58;0.0;1.5;0.02;33.0;96.0;0.9520683747521607;3.29;0.38;0.8322147651006712;6;Medium;False;True
6.5;0.26;0.39;1.4;0.02;12.0;66.0;0.9537142197154902;3.25;0.75;0.7583892617449665;7;High;False;True
8.7;0.3;0.34;4.8;0.018;23.0;127.0;0.9574197770890681;3.12;0.49;0.7516778523489932;7;High;False;True
6.4;0.29;0.32;2.4;0.014;34.0;89.0;0.9529346089433868;3.24;0.66;0.8389261744966443;7;High;False;True
6.7;0.13;0.32;3.7;0.017;32.0;99.0;0.9562070492213517;3.12;0.44;0.6711409395973155;6;Medium;False;True
6.8;0.19;0.33;4.9;0.047;42.0;130.0;0.9555814356387996;3.12;0.56;0.7382550335570469;6;Medium;False;True
6.0;0.25;0.4;5.7;0.052;56.0;152.0;0.9566882904386994;3.16;0.88;0.7046979865771812;6;Medium;False;True
6.4;0.24;0.23;2.0;0.046;30.0;133.0;0.9536275962963676;3.12;0.54;0.7651006711409396;7;High;False;True
5.9;0.18;0.28;5.1;0.039;50.0;139.0;0.9544457063658588;3.16;0.44;0.7583892617449665;6;Medium;False;True
7.2;0.33;0.22;4.5;0.031;10.0;73.0;0.9535890969989798;2.97;0.52;0.8187919463087248;7;High;False;True
6.4;0.29;0.24;3.2;0.037;31.0;95.0;0.9522993705364876;2.9;0.66;0.8456375838926175;7;High;False;True
7.3;0.31;0.25;6.65;0.032;30.0;138.0;0.9552060674892683;2.9;0.37;0.7449664429530201;5;Medium;False;True
7.0;0.29;0.37;1.6;0.035;34.0;126.0;0.9534158501607346;3.26;0.47;0.825503355704698;6;Medium;False;True
6.9;0.19;0.6;4.0;0.037;6.0;122.0;0.9553119405570849;2.92;0.59;0.697986577181208;4;Low;False;True
6.3;0.32;0.17;17.75;0.06;51.0;190.0;0.9616739494504226;3.13;0.48;0.5906040268456376;6;Medium;False;True
6.6;0.085;0.33;1.4;0.036;17.0;109.0;0.9558028065987796;3.27;0.61;0.6375838926174496;6;Medium;False;True
6.8;0.18;0.32;7.2;0.047;17.0;109.0;0.9576507728733951;3.42;0.44;0.697986577181208;6;Medium;False;True
6.8;0.52;0.26;5.7;0.038;27.0;130.0;0.9528576103486112;3.11;0.27;0.87248322147651;7;High;False;True
7.1;0.28;0.28;8.5;0.03;25.0;191.0;0.9561108009778821;3.16;0.46;0.8187919463087248;7;High;False;True
5.7;0.15;0.47;11.4;0.035;49.0;128.0;0.957246530250823;3.03;0.34;0.7046979865771812;8;High;False;True
5.8;0.275;0.3;5.4;0.043;41.0;149.0;0.9553600646788196;3.33;0.42;0.7248322147651007;7;High;False;True
5.4;0.53;0.16;2.7;0.036;34.0;128.0;0.9514716356426495;3.2;0.53;0.8859060402684563;8;High;False;True
5.8;0.32;0.28;4.3;0.032;46.0;115.0;0.9523378698338755;3.16;0.57;0.87248322147651;8;High;False;True
6.7;0.22;0.39;1.2;0.049;26.0;152.0;0.9561877995726578;3.5;0.47;0.6711409395973155;6;Medium;False;True
6.1;0.6;0.12;1.8;0.05;11.0;76.0;0.9554370632735952;3.42;0.48;0.697986577181208;4;Low;False;True
6.5;0.26;0.31;1.3;0.034;59.0;145.0;0.9523186201851815;3.16;0.54;0.8322147651006712;6;Medium;False;True
5.0;0.29;0.54;5.7;0.035;54.0;155.0;0.9526266145642842;3.27;0.34;0.8657718120805369;8;High;False;True
6.8;0.21;0.26;11.7;0.038;61.0;152.0;0.9578913934820689;3.02;0.56;0.7046979865771812;7;High;False;True
6.5;0.27;0.26;11.0;0.03;2.0;82.0;0.9567267897360873;3.07;0.36;0.7516778523489932;5;Medium;False;True
5.9;0.37;0.32;1.6;0.029;41.0;102.0;0.9520491251034668;3.41;0.55;0.8523489932885905;7;High;False;True
6.2;0.21;0.18;11.6;0.044;61.0;155.0;0.9591618702958671;3.14;0.52;0.6308724832214765;6;Medium;False;True
6.8;0.3;0.29;6.2;0.025;29.0;95.0;0.9535409728772449;3.03;0.32;0.8657718120805369;7;High;False;True
7.3;0.41;0.29;1.8;0.032;26.0;74.0;0.9517892548460991;2.96;0.35;0.87248322147651;8;High;False;True
5.4;0.3;0.3;1.2;0.029;25.0;93.0;0.9503744056670965;3.31;0.4;0.9127516778523489;7;High;False;True
6.6;0.34;0.2;1.0;0.053;26.0;112.0;0.9560915513291882;3.32;0.55;0.610738255033557;5;Medium;False;True
5.6;0.25;0.19;2.4;0.049;42.0;166.0;0.9547825752180022;3.25;0.43;0.697986577181208;6;Medium;False;True
5.3;0.3;0.3;1.2;0.029;25.0;93.0;0.9503744056670965;3.31;0.4;0.9127516778523489;7;High;False;True
6.9;0.58;0.58;8.2;0.032;29.0;169.0;0.955504437044024;3.28;0.44;0.8187919463087248;6;Medium;False;True
7.2;0.23;0.25;18.8;0.085;19.0;111.0;0.9629059269668329;3.1;0.51;0.5838926174496644;5;Medium;False;True
7.1;0.2;0.27;9.6;0.037;19.0;105.0;0.9571310323586595;3.04;0.37;0.7046979865771812;7;High;False;True
6.8;0.15;0.41;12.9;0.044;79.5;183.0;0.9599992300140522;3.24;0.78;0.6845637583892616;6;Medium;False;True
7.0;0.22;0.26;9.2;0.027;37.0;122.0;0.9550520702997171;3.06;0.34;0.8389261744966443;8;High;False;True
6.4;0.16;0.44;1.2;0.051;39.0;122.0;0.9534158501607346;3.11;0.75;0.7583892617449665;7;High;False;True
6.8;0.31;0.3;8.0;0.028;33.0;122.0;0.9544360815415118;3.13;0.63;0.8456375838926175;7;High;False;True
7.6;0.3;0.37;1.6;0.087;27.0;177.0;0.9570732834125778;3.09;0.5;0.6577181208053692;5;Medium;False;True
6.0;0.16;0.27;12.0;0.03;39.0;98.0;0.9567267897360873;3.15;0.34;0.7248322147651007;5;Medium;False;True
7.1;0.21;0.35;2.5;0.04;41.0;186.0;0.9540895878650215;3.32;0.56;0.8389261744966443;6;Medium;False;True
5.6;0.21;0.24;4.4;0.027;37.0;150.0;0.9538200927833067;3.3;0.31;0.7718120805369127;7;High;False;True
7.4;0.22;0.26;8.8;0.027;23.0;112.0;0.9558413058961673;2.98;0.41;0.7651006711409396;6;Medium;False;True
6.4;0.15;0.4;1.3;0.053;61.0;146.0;0.9539355906754702;3.17;0.68;0.7382550335570469;6;Medium;False;True
6.8;0.15;0.41;12.9;0.044;79.5;182.0;0.9599992300140522;3.24;0.78;0.6845637583892616;6;Medium;False;True
6.3;0.22;0.34;1.2;0.036;32.0;96.0;0.9524822421990798;3.06;0.74;0.7785234899328859;6;Medium;False;True
7.0;0.3;0.27;1.5;0.076;24.0;145.0;0.9561685499239638;3.1;0.52;0.6778523489932885;5;Medium;False;True
6.6;0.26;0.22;18.15;0.05;23.0;139.0;0.961558451558259;3.06;0.5;0.6174496644295301;5;Medium;False;True
7.5;0.24;0.31;13.1;0.05;26.0;180.0;0.9613659550713198;3.05;0.53;0.610738255033557;6;Medium;False;True
6.6;0.15;0.34;1.0;0.037;45.0;79.0;0.9523667443069164;2.96;0.5;0.785234899328859;6;Medium;False;True
6.7;0.34;0.43;1.6;0.041;29.0;114.0;0.9529923578894686;3.23;0.44;0.8456375838926175;6;Medium;False;True
7.7;0.35;0.46;11.8;0.088;61.0;183.0;0.9604227222853182;2.86;0.47;0.6040268456375839;5;Medium;False;True
6.7;0.31;0.09;1.4;0.039;53.0;141.0;0.954840324164084;3.12;0.44;0.6778523489932885;5;Medium;False;True
4.7;0.67;0.09;1.0;0.02;5.0;9.0;0.9501819091801574;3.3;0.34;0.9127516778523489;5;Medium;False;True
6.3;0.2;0.18;10.6;0.045;57.0;159.0;0.9592677433636836;3.09;0.54;0.6174496644295301;5;Medium;False;True
6.6;0.28;0.23;10.4;0.049;45.0;190.0;0.9601147279062157;3.12;0.51;0.5906040268456376;5;Medium;False;True
8.5;0.18;0.3;1.1;0.028;34.0;95.0;0.9554755625709831;2.83;0.36;0.6711409395973155;4;Low;False;True
6.5;0.35;0.38;7.4;0.036;20.0;196.0;0.9597104852836436;3.47;0.48;0.610738255033557;6;Medium;False;True
6.8;0.22;0.26;1.2;0.041;29.0;182.0;0.9538585920806946;3.04;0.35;0.7516778523489932;5;Medium;False;True
6.3;0.18;0.24;3.4;0.053;20.0;119.0;0.9564476698300256;3.11;0.52;0.6174496644295301;6;Medium;False;True
6.6;0.3;0.45;8.0;0.038;54.0;200.0;0.9582475119829064;3.18;0.48;0.6375838926174496;5;Medium;False;True
6.3;0.34;0.27;2.5;0.024;40.0;152.0;0.9537719686615719;3.35;0.6;0.7986577181208053;7;High;False;True
7.7;0.3;0.23;2.0;0.068;28.0;138.0;0.9565342932491482;3.11;0.62;0.6577181208053692;5;Medium;False;True
7.7;0.31;0.23;2.0;0.069;29.0;134.0;0.9565342932491482;3.11;0.62;0.6577181208053692;5;Medium;False;True
5.7;0.265;0.28;6.9;0.036;46.0;150.0;0.9557354328283509;3.36;0.44;0.7248322147651007;7;High;False;True
5.4;0.255;0.33;1.2;0.051;29.0;122.0;0.9533196019172651;3.37;0.66;0.7583892617449665;6;Medium;False;True
6.6;0.26;0.28;9.4;0.028;13.0;121.0;0.9553023157327378;3.17;0.34;0.8120805369127516;6;Medium;False;True
4.8;0.17;0.28;2.9;0.03;22.0;111.0;0.9530501068355502;3.38;0.34;0.7583892617449665;7;High;False;True
6.2;0.2;0.33;5.4;0.028;21.0;75.0;0.9529731082407746;3.36;0.41;0.9060402684563759;7;High;False;True
7.5;0.28;0.41;1.3;0.044;11.0;126.0;0.9556776838822691;3.28;0.45;0.6912751677852349;5;Medium;False;True
6.2;0.22;0.2;20.8;0.035;58.0;184.0;0.9626941808312;3.11;0.53;0.6040268456375839;6;Medium;False;True
7.0;0.34;0.26;10.3;0.041;51.0;166.0;0.9565342932491482;3.08;0.35;0.7785234899328859;6;Medium;False;True
6.5;0.19;0.34;1.6;0.029;39.0;116.0;0.9524148684286511;3.21;0.68;0.8389261744966443;6;Medium;False;True
6.0;0.21;0.29;13.1;0.042;28.0;125.0;0.9618664459373617;3.39;0.45;0.5771812080536912;5;Medium;False;True
6.1;0.22;0.46;1.8;0.16;34.0;74.0;0.9513176384530981;3.19;0.33;0.8993288590604027;6;Medium;False;True
6.5;0.32;0.48;8.0;0.026;18.0;88.0;0.9542435850545727;3.22;0.79;0.8523489932885905;4;Low;False;True
7.1;0.21;0.72;1.6;0.167;65.0;120.0;0.9559760534370247;2.97;0.51;0.6174496644295301;5;Medium;False;True
5.6;0.26;0.18;1.4;0.034;18.0;135.0;0.9545323297849814;3.32;0.35;0.6845637583892616;6;Medium;False;True
7.0;0.15;0.28;14.7;0.051;29.0;149.0;0.9604804712314;2.96;0.39;0.6040268456375839;7;High;False;True
7.4;0.27;0.28;1.8;0.04;45.0;121.0;0.9532714777955302;3.02;0.4;0.7986577181208053;5;Medium;False;True
6.8;0.22;0.3;10.6;0.07;67.0;194.0;0.9591522454715201;2.89;0.42;0.6040268456375839;6;Medium;False;True
6.2;0.24;0.25;12.5;0.055;47.0;134.0;0.9601532272036035;3.3;0.51;0.6040268456375839;5;Medium;False;True
6.3;0.28;0.29;6.8;0.051;40.0;143.0;0.9564572946543725;3.43;0.59;0.7382550335570469;6;Medium;False;True
5.5;0.17;0.23;2.9;0.039;10.0;108.0;0.9551964426649214;3.28;0.5;0.6711409395973155;5;Medium;False;True
6.5;0.26;0.34;1.4;0.04;25.0;184.0;0.9549365724075536;3.29;0.46;0.7181208053691275;5;Medium;False;True
6.6;0.27;0.33;1.4;0.042;24.0;183.0;0.9549269475832066;3.29;0.46;0.7181208053691275;5;Medium;False;True
5.4;0.46;0.15;2.1;0.026;29.0;130.0;0.9524052436043042;3.39;0.77;0.8993288590604027;8;High;False;True
7.8;0.19;0.32;7.4;0.015;47.0;124.0;0.9555333115170648;2.99;0.39;0.7382550335570469;6;Medium;False;True
7.8;0.2;0.32;5.0;0.016;31.0;101.0;0.9546478276771448;2.99;0.39;0.7382550335570469;6;Medium;False;True
6.1;0.17;0.28;2.5;0.028;22.0;98.0;0.953550597701592;3.16;0.37;0.7449664429530201;7;High;False;True
7.4;0.2;0.35;6.1;0.025;10.0;40.0;0.9552060674892683;2.79;0.52;0.7315436241610739;5;Medium;False;True
6.7;0.39;0.24;2.7;0.017;22.0;80.0;0.9536660955937555;3.03;0.37;0.7718120805369127;5;Medium;False;True
6.9;0.4;0.17;12.9;0.033;59.0;186.0;0.9601147279062157;3.08;0.49;0.6308724832214765;5;Medium;False;True
6.3;0.24;0.29;13.7;0.035;53.0;134.0;0.958314885753335;3.17;0.38;0.7114093959731543;6;Medium;False;True
7.4;0.27;0.31;2.4;0.014;15.0;143.0;0.953762343837225;3.03;0.65;0.8053691275167785;4;Low;False;True
6.1;0.27;0.28;9.8;0.042;61.0;125.0;0.9579780169011916;3.14;0.42;0.6845637583892616;6;Medium;False;True
5.0;0.61;0.12;1.3;0.009;65.0;100.0;0.9503551560184027;3.26;0.37;0.9060402684563759;5;Medium;False;True
6.7;0.42;0.39;12.1;0.04;61.0;248.0;0.9604997208800939;3.31;0.58;0.6510067114093959;5;Medium;False;True
6.5;0.33;0.28;6.1;0.018;41.0;103.0;0.9540318389189397;3.24;0.32;0.8187919463087248;6;Medium;False;True
6.9;0.33;0.31;7.7;0.04;29.0;135.0;0.9550328206510231;3.11;0.57;0.825503355704698;5;Medium;False;True
6.3;0.15;0.3;1.4;0.022;38.0;100.0;0.9538104679589597;3.42;0.57;0.7651006711409396;7;High;False;True
6.5;0.32;0.45;7.7;0.022;31.0;97.0;0.9541473368111032;3.2;0.7;0.8523489932885905;7;High;False;True
7.4;0.25;0.29;6.8;0.02;31.0;113.0;0.9561108009778821;3.13;0.29;0.7248322147651007;6;Medium;False;True
7.6;0.27;0.3;9.2;0.018;23.0;96.0;0.9565150436004543;3.08;0.29;0.7382550335570469;6;Medium;False;True
6.4;0.27;0.45;8.3;0.05;52.0;196.0;0.9581512637394368;3.18;0.48;0.6375838926174496;5;Medium;False;True
6.5;0.25;0.27;17.4;0.064;29.0;140.0;0.9603264740418487;3.2;0.49;0.6778523489932885;6;Medium;False;True
5.6;0.19;0.31;2.7;0.027;11.0;100.0;0.9525111166721207;3.46;0.4;0.8859060402684563;7;High;False;True
7.4;0.29;0.48;12.8;0.037;61.5;182.0;0.9606344684209512;3.02;0.34;0.5906040268456376;5;Medium;False;True
6.4;0.34;0.44;8.2;0.043;54.0;201.0;0.9581608885637837;3.18;0.48;0.6375838926174496;5;Medium;False;True
6.6;0.27;0.52;8.1;0.044;53.0;202.0;0.9581320140907429;3.18;0.48;0.6375838926174496;5;Medium;False;True
6.6;0.26;0.52;8.2;0.047;52.0;191.0;0.9580646403203141;3.16;0.47;0.6375838926174496;6;Medium;False;True
6.5;0.26;0.5;8.0;0.051;46.0;197.0;0.9580165161985794;3.18;0.47;0.6375838926174496;5;Medium;False;True
6.8;0.25;0.3;11.8;0.043;53.0;133.0;0.9579010183064159;3.03;0.58;0.697986577181208;6;Medium;False;True
6.3;0.32;0.26;12.0;0.049;63.0;170.0;0.9587287532002541;3.14;0.55;0.6644295302013423;6;Medium;False;True
5.5;0.24;0.45;1.7;0.046;22.0;113.0;0.9550135710023292;3.22;0.48;0.6711409395973155;5;Medium;False;True
6.6;0.13;0.29;13.9;0.056;33.0;95.0;0.959614237040174;3.17;0.39;0.6308724832214765;6;Medium;False;True
7.0;0.39;0.21;10.7;0.098;13.0;91.0;0.9591811199445609;3.03;0.47;0.6241610738255033;5;Medium;False;True
7.9;0.21;0.39;2.0;0.057;21.0;138.0;0.9545515794336753;3.05;0.52;0.7315436241610739;5;Medium;False;True
7.0;0.3;0.28;2.2;0.042;21.0;177.0;0.9544553311902058;3.2;0.57;0.7651006711409396;5;Medium;False;True
8.1;0.2;0.3;1.3;0.036;7.0;49.0;0.9551868178405744;2.99;0.73;0.6912751677852349;5;Medium;False;True
8.3;0.18;0.3;1.1;0.033;20.0;57.0;0.9539067162024293;3.02;0.51;0.7382550335570469;6;Medium;False;True
7.2;0.17;0.34;6.4;0.042;16.0;111.0;0.9555333115170648;2.99;0.4;0.7248322147651007;6;Medium;False;True
6.8;0.21;0.62;6.4;0.041;7.0;113.0;0.9563032974648212;2.96;0.59;0.6845637583892616;5;Medium;False;True
6.9;0.21;0.62;6.3;0.042;7.0;109.0;0.9563032974648212;2.96;0.59;0.6845637583892616;6;Medium;False;True
6.8;0.26;0.34;15.1;0.06;42.0;162.0;0.9596431115132149;3.24;0.52;0.7046979865771812;3;Low;False;True
7.2;0.28;0.38;2.0;0.052;23.0;156.0;0.9540125892702458;3.13;0.52;0.7449664429530201;5;Medium;False;True
7.4;0.34;0.28;12.1;0.049;31.0;149.0;0.9593736164315002;3.22;0.49;0.6912751677852349;5;Medium;False;True
6.3;0.43;0.32;8.8;0.042;18.0;106.0;0.9545130801362876;3.28;0.33;0.8657718120805369;7;High;False;True
6.8;0.41;0.3;8.8;0.045;28.0;131.0;0.9579587672524976;3.12;0.59;0.6644295302013423;5;Medium;False;True
6.3;0.4;0.24;5.1;0.036;43.0;131.0;0.9546478276771448;3.24;0.44;0.7583892617449665;6;Medium;False;True
5.1;0.35;0.26;6.8;0.034;36.0;120.0;0.9546670773258388;3.38;0.4;0.7718120805369127;6;Medium;False;True
6.3;0.3;0.2;3.7;0.039;34.0;132.0;0.9543783325954301;3.0;0.38;0.7181208053691275;5;Medium;False;True
6.9;0.28;0.28;12.2;0.042;52.0;139.0;0.957881768657722;3.03;0.56;0.697986577181208;6;Medium;False;True
7.0;0.33;0.28;5.7;0.033;39.0;204.0;0.9545515794336753;3.17;0.64;0.8389261744966443;6;Medium;False;True
6.7;0.26;0.49;8.1;0.052;48.0;197.0;0.9582282623342124;3.19;0.48;0.6375838926174496;5;Medium;False;True
7.3;0.24;0.3;2.5;0.042;31.0;104.0;0.9539163410267762;3.05;0.56;0.7583892617449665;7;High;False;True
6.7;0.46;0.21;4.0;0.034;12.0;88.0;0.9530116075381625;3.26;0.54;0.87248322147651;6;Medium;False;True
5.1;0.23;0.18;1.0;0.053;13.0;99.0;0.952434118077345;3.22;0.39;0.7718120805369127;5;Medium;False;True
7.1;0.44;0.23;5.8;0.035;24.0;100.0;0.9534543494581224;3.15;0.57;0.8859060402684563;7;High;False;True
4.8;0.26;0.23;10.6;0.034;23.0;111.0;0.9554948122196769;3.46;0.28;0.7718120805369127;7;High;False;True
6.8;0.31;0.19;3.5;0.086;30.0;130.0;0.9557450576526978;2.83;0.44;0.6442953020134228;5;Medium;False;True
7.0;0.15;0.29;16.4;0.058;45.0;110.0;0.9603649733392365;3.15;0.37;0.6510067114093959;6;Medium;False;True
6.5;0.41;0.22;4.8;0.052;49.0;142.0;0.9572850295482108;3.14;0.62;0.6174496644295301;5;Medium;False;True
6.2;0.31;0.23;3.3;0.052;34.0;113.0;0.9569866599934551;3.16;0.48;0.5637583892617449;5;Medium;False;True
8.0;0.27;0.33;1.2;0.05;41.0;103.0;0.9528768599973051;3.0;0.45;0.8322147651006712;6;Medium;False;True
6.7;0.37;0.25;2.5;0.028;24.0;84.0;0.9537238445398372;3.14;0.36;0.785234899328859;6;Medium;False;True
6.6;0.21;0.5;8.7;0.036;41.0;191.0;0.9556873087066161;2.96;0.56;0.7382550335570469;6;Medium;False;True
7.5;0.26;0.31;1.6;0.032;36.0;109.0;0.9532811026198772;2.97;0.43;0.7986577181208053;6;Medium;False;True
7.5;0.34;0.28;4.0;0.028;46.0;100.0;0.952453367726039;3.2;0.5;0.8859060402684563;7;High;False;True
6.4;0.32;0.23;16.2;0.055;36.0;176.0;0.961134959286993;3.26;0.54;0.610738255033557;5;Medium;False;True
6.7;0.24;0.32;9.0;0.023;20.0;109.0;0.9553793143275134;3.34;0.35;0.8456375838926175;6;Medium;False;True
7.1;0.39;0.79;1.4;0.194;23.0;90.0;0.9548980731101657;3.17;0.46;0.7046979865771812;6;Medium;False;True
8.2;0.31;0.43;7.0;0.047;18.0;87.0;0.9589020000384993;3.23;0.64;0.7114093959731543;5;Medium;False;True
5.9;0.17;0.29;3.1;0.03;32.0;123.0;0.952020250630426;3.41;0.33;0.919463087248322;7;High;False;True
5.9;0.2;0.23;1.5;0.037;38.0;93.0;0.9530597316598972;3.36;0.49;0.8053691275167785;6;Medium;False;True
6.6;0.32;0.26;4.6;0.031;26.0;120.0;0.9547633255693083;3.4;0.73;0.8389261744966443;7;High;False;True
5.9;0.12;0.27;4.8;0.03;40.0;110.0;0.9550328206510231;3.55;0.68;0.8120805369127516;6;Medium;False;True
5.9;0.18;0.29;4.6;0.032;68.0;137.0;0.954387957419777;3.21;0.38;0.7583892617449665;6;Medium;False;True
5.4;0.17;0.27;2.7;0.049;28.0;104.0;0.9550135710023292;3.46;0.55;0.6912751677852349;6;Medium;False;True
6.1;0.21;0.3;6.3;0.039;47.0;136.0;0.9535120984042041;3.27;0.31;0.8523489932885905;6;Medium;False;True
7.3;0.25;0.26;7.2;0.048;52.0;207.0;0.9585073822402741;3.12;0.37;0.6174496644295301;5;Medium;False;True
6.2;0.22;0.3;12.4;0.054;108.0;152.0;0.9598644824731949;3.1;0.47;0.6375838926174496;6;Medium;False;True
6.5;0.27;0.19;6.6;0.045;98.0;175.0;0.9563610464109029;3.16;0.34;0.6778523489932885;6;Medium;False;True
6.6;0.39;0.22;4.0;0.038;17.0;98.0;0.9530308571868563;3.25;0.53;0.87248322147651;7;High;False;True
6.0;0.31;0.38;4.8;0.04;41.0;101.0;0.9525496159695086;3.24;0.56;0.8791946308724832;6;Medium;False;True
8.4;0.23;0.32;1.3;0.048;59.0;113.0;0.9545708290823692;3.1;0.55;0.7382550335570469;6;Medium;False;True
6.0;0.22;0.25;11.1;0.056;112.0;177.0;0.9587287532002541;3.08;0.36;0.6308724832214765;6;Medium;False;True
6.1;0.23;0.27;9.8;0.055;74.0;134.0;0.9579972665498855;3.16;0.4;0.6845637583892616;6;Medium;False;True
7.3;0.36;0.54;13.3;0.054;63.0;193.0;0.9611734585843807;3.06;0.49;0.5771812080536912;4;Low;False;True
7.6;0.37;0.51;11.7;0.094;58.0;181.0;0.9603264740418487;2.91;0.51;0.6040268456375839;5;Medium;False;True
6.7;0.26;0.51;8.0;0.062;50.0;194.0;0.9581031396177019;3.13;0.5;0.6442953020134228;5;Medium;False;True
7.4;0.22;0.27;1.6;0.057;45.0;98.0;0.9557354328283509;3.29;0.44;0.6644295302013423;7;High;False;True
6.1;0.22;0.28;16.55;0.059;54.0;135.0;0.9592581185393366;3.2;0.38;0.7046979865771812;5;Medium;False;True
7.1;0.28;0.31;1.5;0.053;20.0;98.0;0.953521723228551;3.15;0.5;0.7651006711409396;5;Medium;False;True
6.5;0.35;0.31;10.2;0.069;58.0;170.0;0.9595179887967045;3.18;0.49;0.6308724832214765;5;Medium;False;True
6.8;0.73;0.2;6.6;0.054;25.0;65.0;0.9559760534370247;3.12;0.28;0.7449664429530201;4;Low;False;True
6.0;0.28;0.24;17.8;0.047;42.0;111.0;0.9614814529634834;3.1;0.45;0.5973154362416108;6;Medium;False;True
7.1;0.2;0.37;1.5;0.049;28.0;129.0;0.9550328206510231;3.15;0.52;0.7248322147651007;5;Medium;False;True
6.8;0.33;0.31;7.4;0.045;34.0;143.0;0.9550328206510231;3.06;0.55;0.8187919463087248;6;Medium;False;True
7.2;0.24;0.36;2.0;0.029;21.0;63.0;0.9535890969989798;3.13;0.63;0.8389261744966443;6;Medium;False;True
6.2;0.27;0.26;12.1;0.046;43.0;127.0;0.9577662707655585;3.16;0.37;0.7248322147651007;6;Medium;False;True
6.4;0.38;0.26;8.2;0.043;28.0;98.0;0.9551098192457987;2.99;0.31;0.7651006711409396;6;Medium;False;True
6.0;0.21;0.3;8.7;0.036;47.0;127.0;0.9563995457082908;3.18;0.39;0.7114093959731543;5;Medium;False;True
7.0;0.34;0.1;3.5;0.044;17.0;63.0;0.9564187953569847;3.01;0.39;0.6174496644295301;5;Medium;False;True
5.9;0.435;0.16;6.4;0.031;21.0;134.0;0.9543109588250014;3.24;0.46;0.8187919463087248;6;Medium;False;True
7.0;0.25;0.33;2.1;0.021;17.0;76.0;0.9530597316598972;3.26;0.45;0.825503355704698;6;Medium;False;True
6.7;0.26;0.29;7.7;0.038;40.0;179.0;0.9574679012108028;3.23;0.56;0.697986577181208;6;Medium;False;True
7.0;0.24;0.3;12.3;0.035;72.0;172.0;0.9580550154959672;2.99;0.57;0.697986577181208;6;Medium;False;True
8.5;0.23;0.34;1.3;0.035;54.0;110.0;0.9545515794336753;3.07;0.55;0.7382550335570469;7;High;False;True
4.8;0.65;0.12;1.1;0.013;4.0;10.0;0.9552253171379622;3.32;0.36;0.9060402684563759;4;Low;False;True
6.1;0.22;0.38;2.8;0.144;12.0;65.0;0.9536275962963676;2.95;0.64;0.7651006711409396;6;Medium;False;True
5.8;0.27;0.26;3.5;0.071;26.0;69.0;0.9527998614025295;3.1;0.38;0.7718120805369127;6;Medium;False;True
5.0;0.455;0.18;1.9;0.036;33.0;106.0;0.9504129049644844;3.21;0.83;0.9395973154362416;7;High;False;True
6.5;0.33;0.3;3.8;0.036;34.0;88.0;0.953127105430326;3.25;0.63;0.8389261744966443;7;High;False;True
6.7;0.31;0.3;2.4;0.038;30.0;83.0;0.9515775087104661;3.09;0.36;0.8590604026845637;7;High;False;True
6.2;0.39;0.24;4.8;0.037;45.0;138.0;0.9545323297849814;3.23;0.43;0.7516778523489932;7;High;False;True
7.1;0.37;0.3;6.2;0.04;49.0;139.0;0.9530597316598972;3.17;0.27;0.9127516778523489;6;Medium;False;True
7.2;0.23;0.82;1.3;0.149;70.0;109.0;0.9557835569500857;2.93;0.42;0.6174496644295301;6;Medium;False;True
7.2;0.25;0.32;1.5;0.054;24.0;105.0;0.9543398332980423;3.17;0.48;0.7449664429530201;6;Medium;False;True
4.7;0.455;0.18;1.9;0.036;33.0;106.0;0.9504129049644844;3.21;0.83;0.9395973154362416;7;High;False;True
6.2;0.28;0.51;7.9;0.056;49.0;206.0;0.9582475119829064;3.18;0.52;0.6308724832214765;5;Medium;False;True
6.4;0.35;0.28;1.6;0.037;31.0;113.0;0.9507305241679339;3.12;0.4;0.9530201342281879;7;High;False;True
6.6;0.31;0.28;1.4;0.035;28.0;107.0;0.9512791391557104;3.0;0.4;0.8859060402684563;6;Medium;False;True
7.4;0.25;0.37;2.6;0.05;24.0;132.0;0.9541858361084911;3.04;0.53;0.7516778523489932;6;Medium;False;True
7.3;0.36;0.34;14.8;0.057;46.0;173.0;0.9600858534331749;3.14;0.57;0.6845637583892616;5;Medium;False;True
8.6;0.31;0.3;0.9;0.045;16.0;109.0;0.9552541916110031;2.95;0.39;0.6778523489932885;5;Medium;False;True
8.6;0.22;0.33;1.2;0.031;38.0;95.0;0.9551579433675336;2.83;0.31;0.6912751677852349;5;Medium;False;True
6.9;0.14;0.29;9.9;0.056;30.0;91.0;0.9577855204142525;3.19;0.33;0.6644295302013423;6;Medium;False;True
6.5;0.22;0.31;3.9;0.046;17.0;106.0;0.9538008431346128;3.15;0.31;0.7718120805369127;5;Medium;False;True
6.6;0.32;0.47;15.6;0.063;27.0;173.0;0.9612504571791565;3.18;0.56;0.6040268456375839;5;Medium;False;True
6.1;0.28;0.26;1.5;0.03;25.0;101.0;0.9518373789678338;3.03;0.41;0.8120805369127516;6;Medium;False;True
6.2;0.3;0.28;1.6;0.036;28.0;106.0;0.9511684536757204;3.14;0.41;0.8926174496644296;6;Medium;False;True
6.9;0.22;0.28;7.8;0.05;43.0;116.0;0.9559953030857187;3.22;0.6;0.7718120805369127;8;High;False;True
8.7;0.31;0.21;5.6;0.039;28.0;67.0;0.9560145527344126;2.96;0.52;0.7382550335570469;4;Low;False;True
7.3;0.27;0.3;1.3;0.04;26.0;84.0;0.9549943213536353;3.28;0.53;0.7181208053691275;6;Medium;False;True
7.0;0.46;0.2;16.7;0.046;50.0;184.0;0.9615007026121773;3.08;0.56;0.6308724832214765;5;Medium;False;True
5.7;0.23;0.25;7.95;0.042;16.0;108.0;0.9575352749812316;3.44;0.61;0.6912751677852349;6;Medium;False;True
6.5;0.36;0.36;6.7;0.185;51.5;151.0;0.9579395176038038;3.17;0.42;0.6241610738255033;5;Medium;False;True
8.2;0.18;0.38;1.1;0.04;41.0;92.0;0.9534543494581224;2.88;0.6;0.8053691275167785;6;Medium;False;True
6.2;0.27;0.32;6.3;0.048;47.0;159.0;0.9555718108144526;3.21;0.6;0.7382550335570469;6;Medium;False;True
6.9;0.4;0.37;8.9;0.053;36.0;148.0;0.9586325049567845;3.16;0.5;0.6241610738255033;5;Medium;False;True
4.9;0.345;0.34;1.0;0.068;32.0;143.0;0.9541858361084911;3.24;0.4;0.6778523489932885;5;Medium;False;True
7.2;0.23;0.39;1.5;0.053;26.0;106.0;0.9544553311902058;3.18;0.47;0.7449664429530201;6;Medium;False;True
6.4;0.2;0.15;6.6;0.046;26.0;113.0;0.956784538682169;2.99;0.58;0.6644295302013423;6;Medium;False;True
6.1;0.27;0.32;6.2;0.048;47.0;161.0;0.9555621859901057;3.22;0.6;0.7382550335570469;6;Medium;False;True
6.0;0.3;0.33;2.1;0.042;31.0;127.0;0.9525111166721207;3.32;0.42;0.8389261744966443;6;Medium;False;True
6.1;0.3;0.32;2.2;0.042;41.0;142.0;0.9523956187799572;3.31;0.44;0.8523489932885905;7;High;False;True
5.7;0.14;0.3;5.4;0.045;26.0;105.0;0.9573716529673333;3.32;0.45;0.6241610738255033;5;Medium;False;True
6.3;0.33;0.2;17.9;0.066;36.0;161.0;0.9616162005043408;3.14;0.51;0.5906040268456376;5;Medium;False;True
7.0;0.16;0.3;2.6;0.043;34.0;90.0;0.953309977092918;2.88;0.47;0.7516778523489932;6;Medium;False;True
8.4;0.22;0.3;1.3;0.038;45.0;122.0;0.9545708290823692;3.13;0.54;0.7248322147651007;7;High;False;True
5.4;0.24;0.18;2.3;0.05;22.0;145.0;0.954849948988431;3.24;0.46;0.6912751677852349;5;Medium;False;True
7.7;0.31;0.36;4.3;0.026;15.0;87.0;0.9543205836493484;3.11;0.48;0.8053691275167785;5;Medium;False;True
5.6;0.185;0.19;7.1;0.048;36.0;110.0;0.9570732834125778;3.26;0.41;0.6375838926174496;6;Medium;False;True
6.6;0.43;0.24;11.9;0.04;54.0;159.0;0.9588442510924176;3.14;0.54;0.6577181208053692;6;Medium;False;True
7.6;0.39;0.46;11.7;0.084;55.0;170.0;0.9602975995688079;2.91;0.51;0.6040268456375839;5;Medium;False;True
7.2;0.58;0.27;5.8;0.032;40.0;118.0;0.9537045948911432;3.17;0.53;0.87248322147651;7;High;False;True
6.0;0.34;0.32;3.8;0.044;13.0;116.0;0.9538970913780823;3.39;0.44;0.7919463087248323;7;High;False;True
7.5;0.35;0.48;12.4;0.056;61.0;176.5;0.9605863442992165;2.97;0.52;0.5906040268456376;5;Medium;False;True
7.3;0.38;0.23;6.5;0.05;18.0;102.0;0.9557835569500857;3.1;0.55;0.7516778523489932;4;Low;False;True
5.4;0.185;0.19;7.1;0.048;36.0;110.0;0.9570732834125778;3.26;0.41;0.6375838926174496;6;Medium;False;True
6.3;0.27;0.51;7.6;0.049;35.0;200.0;0.9581320140907429;3.16;0.54;0.6308724832214765;4;Low;False;True
6.5;0.29;0.52;7.9;0.049;35.0;192.0;0.9581608885637837;3.16;0.51;0.6375838926174496;6;Medium;False;True
6.4;0.17;0.3;2.8;0.034;33.0;125.0;0.9543205836493484;3.03;0.49;0.697986577181208;6;Medium;False;True
6.7;0.18;0.31;10.6;0.035;42.0;143.0;0.9583630098750698;3.08;0.49;0.6577181208053692;7;High;False;True
6.8;0.37;0.67;1.5;0.175;16.0;98.0;0.9552060674892683;3.06;0.56;0.6912751677852349;6;Medium;False;True
6.1;0.24;0.26;1.7;0.033;61.0;134.0;0.9531463550790198;3.19;0.81;0.7986577181208053;7;High;False;True
7.0;0.32;0.29;7.6;0.025;35.0;124.0;0.9544168318928179;3.15;0.65;0.8590604026845637;7;High;False;True
6.9;0.27;0.25;7.5;0.03;18.0;117.0;0.953974089972858;3.09;0.38;0.87248322147651;6;Medium;False;True
6.5;0.29;0.53;1.7;0.04;41.0;192.0;0.9549750717049413;3.26;0.59;0.697986577181208;7;High;False;True
6.5;0.29;0.52;1.7;0.034;41.0;193.0;0.9550039461779822;3.25;0.59;0.697986577181208;6;Medium;False;True
6.1;0.22;0.25;12.1;0.035;54.0;135.0;0.9574871508594968;3.21;0.4;0.7181208053691275;5;Medium;False;True
6.3;0.22;0.27;4.5;0.036;81.0;157.0;0.9555525611657587;3.05;0.76;0.7181208053691275;7;High;False;True
5.6;0.23;0.25;8.0;0.043;31.0;101.0;0.9569866599934551;3.19;0.42;0.697986577181208;6;Medium;False;True
6.8;0.11;0.27;8.6;0.044;45.0;104.0;0.957227280602129;3.2;0.37;0.6644295302013423;6;Medium;False;True
7.3;0.23;0.41;14.6;0.048;73.0;223.0;0.9611638337600339;3.16;0.71;0.6308724832214765;6;Medium;False;True
6.1;0.2;0.17;1.6;0.048;46.0;129.0;0.9538200927833067;3.3;0.43;0.7651006711409396;6;Medium;False;True
6.9;0.2;0.41;1.1;0.06;36.0;104.0;0.9559086796665961;2.99;0.39;0.6174496644295301;5;Medium;False;True
6.7;0.19;0.32;3.7;0.041;26.0;76.0;0.9545227049606344;2.9;0.57;0.7046979865771812;7;High;False;True
6.7;0.28;0.34;8.9;0.048;32.0;111.0;0.957236905426476;3.25;0.54;0.7382550335570469;7;High;False;True
8.0;0.37;0.31;4.7;0.038;3.0;127.0;0.9546478276771448;2.9;0.72;0.8120805369127516;5;Medium;False;True
6.0;0.26;0.29;3.1;0.041;37.0;144.0;0.9523186201851815;3.22;0.39;0.8590604026845637;7;High;False;True
6.4;0.24;0.49;5.8;0.053;25.0;120.0;0.9569000365743324;3.01;0.98;0.7046979865771812;6;Medium;False;True
6.4;0.25;0.57;1.0;0.062;21.0;122.0;0.9551483185431866;3.0;0.4;0.6375838926174496;5;Medium;False;True
6.1;0.25;0.48;15.8;0.052;25.0;94.0;0.9603842229879305;3.07;0.45;0.6174496644295301;6;Medium;False;True
6.8;0.14;0.35;1.5;0.047;40.0;117.0;0.9539259658511232;3.07;0.72;0.7449664429530201;6;Medium;False;True
6.5;0.38;0.26;5.2;0.042;33.0;112.0;0.9535024735798572;3.06;0.5;0.825503355704698;7;High;False;True
5.4;0.15;0.32;2.5;0.037;10.0;51.0;0.9516833817782825;3.04;0.58;0.8456375838926175;6;Medium;False;True
6.8;0.22;0.32;5.9;0.054;40.0;152.0;0.9565150436004543;3.2;0.57;0.7248322147651007;6;Medium;False;True
7.2;0.21;0.29;3.1;0.044;39.0;122.0;0.9542339602302258;3.0;0.6;0.7583892617449665;6;Medium;False;True
6.5;0.46;0.24;11.5;0.051;56.0;171.0;0.9585170070646211;3.08;0.56;0.6577181208053692;6;Medium;False;True
6.5;0.18;0.48;18.0;0.054;56.0;183.0;0.9628481780207512;2.98;0.61;0.5704697986577181;6;Medium;False;True
6.2;0.32;0.12;4.8;0.054;6.0;97.0;0.9569385358717203;3.16;0.5;0.6241610738255033;5;Medium;False;True
7.2;0.4;0.24;8.5;0.055;45.0;151.0;0.9588827503898054;3.2;0.52;0.6174496644295301;5;Medium;False;True
5.9;0.23;0.24;1.6;0.037;32.0;115.0;0.9535890969989798;3.21;0.51;0.7651006711409396;6;Medium;False;True
6.4;0.18;0.48;18.0;0.054;56.0;183.0;0.9628481780207512;2.98;0.61;0.5704697986577181;6;Medium;False;True
6.4;0.37;0.12;5.9;0.056;6.0;91.0;0.9580165161985794;3.06;0.46;0.5637583892617449;4;Low;False;True
7.0;0.23;0.42;1.1;0.062;35.0;100.0;0.955918304490943;3.04;0.4;0.6174496644295301;5;Medium;False;True
7.6;0.19;0.37;13.1;0.033;52.0;151.0;0.959845232824501;3.18;0.79;0.697986577181208;6;Medium;False;True
6.0;0.28;0.27;4.1;0.046;50.0;147.0;0.9540703382163276;3.27;0.56;0.7785234899328859;6;Medium;False;True
6.2;0.32;0.45;2.9;0.029;37.0;94.0;0.9528383606999172;3.25;0.6;0.8322147651006712;6;Medium;False;True
6.4;0.26;0.26;1.1;0.052;22.0;176.0;0.9557835569500857;3.09;0.54;0.6241610738255033;5;Medium;False;True
5.9;0.25;0.27;1.5;0.029;37.0;81.0;0.9520876244008546;3.2;0.46;0.8187919463087248;6;Medium;False;True
6.1;0.28;0.3;7.75;0.031;33.0;139.0;0.9557065583553099;3.22;0.46;0.7382550335570469;6;Medium;False;True
6.9;0.19;0.38;1.15;0.023;30.0;105.0;0.953309977092918;3.11;0.38;0.7651006711409396;5;Medium;False;True
6.4;0.29;0.57;1.0;0.06;15.0;120.0;0.9551675681918804;3.06;0.41;0.6375838926174496;5;Medium;False;True
6.8;0.27;0.22;17.8;0.034;16.0;116.0;0.9614237040174016;3.07;0.53;0.6174496644295301;5;Medium;False;True
7.5;0.26;0.38;5.7;0.021;23.0;125.0;0.9561108009778821;3.13;0.62;0.7449664429530201;6;Medium;False;True
6.4;0.2;0.22;7.4;0.032;53.0;172.0;0.9567460393847812;3.24;0.58;0.7382550335570469;6;Medium;False;True
7.3;0.33;0.22;1.4;0.041;40.0;177.0;0.9556199349361875;3.14;0.48;0.6644295302013423;5;Medium;False;True
7.3;0.34;0.22;1.4;0.044;43.0;176.0;0.9556103101118404;3.14;0.46;0.6644295302013423;5;Medium;False;True
6.1;1.1;0.16;4.4;0.033;8.0;109.0;0.9534158501607346;3.35;0.47;0.8322147651006712;4;Low;False;True
6.3;0.24;0.29;1.6;0.052;48.0;185.0;0.956130050626576;3.21;0.5;0.6308724832214765;5;Medium;False;True
6.2;0.24;0.22;7.9;0.053;45.0;149.0;0.9581031396177019;3.23;0.52;0.6241610738255033;5;Medium;False;True
7.4;0.16;0.27;15.5;0.05;25.0;135.0;0.9609424628000538;2.9;0.43;0.5838926174496644;7;High;False;True
7.2;0.17;0.28;17.55;0.05;33.0;154.0;0.962203314789505;2.94;0.43;0.6040268456375839;7;High;False;True
6.9;0.19;0.35;13.5;0.038;49.0;118.0;0.958112764442049;3.0;0.63;0.7181208053691275;6;Medium;False;True
6.8;0.16;0.36;1.3;0.034;32.0;98.0;0.9534158501607346;3.02;0.58;0.7583892617449665;6;Medium;False;True
6.8;0.3;0.27;11.6;0.028;22.0;97.0;0.9558798051935552;2.96;0.38;0.785234899328859;6;Medium;False;True
6.5;0.43;0.18;13.15;0.032;25.0;131.0;0.9582956361046411;3.23;0.51;0.7181208053691275;5;Medium;False;True
6.6;0.17;0.36;1.9;0.036;38.0;110.0;0.9533966005120407;3.05;0.54;0.7651006711409396;6;Medium;False;True
6.4;0.41;0.01;6.1;0.048;20.0;70.0;0.956341796762209;3.19;0.42;0.6711409395973155;5;Medium;False;True
7.4;0.36;0.32;1.9;0.036;27.0;119.0;0.9547440759206144;3.15;0.49;0.7516778523489932;6;Medium;False;True
6.1;0.17;0.21;1.9;0.09;44.0;130.0;0.9553119405570849;3.07;0.41;0.6510067114093959;5;Medium;False;True
5.5;0.28;0.21;1.6;0.032;23.0;85.0;0.9531174806059789;3.42;0.42;0.8389261744966443;5;Medium;False;True
6.6;0.5;0.26;11.3;0.029;32.0;110.0;0.9557643073013917;3.27;0.78;0.8657718120805369;8;High;False;True
7.1;0.44;0.27;8.4;0.057;60.0;160.0;0.9553311902057787;3.16;0.36;0.7919463087248323;6;Medium;False;True
6.9;0.38;0.28;8.3;0.062;22.0;166.0;0.9577277714681707;3.16;0.72;0.7114093959731543;5;Medium;False;True
6.2;0.24;0.28;12.2;0.049;54.0;133.0;0.9578625190090281;3.19;0.37;0.7181208053691275;6;Medium;False;True
6.1;0.28;0.27;8.0;0.048;41.0;162.0;0.9576507728733951;3.21;0.51;0.6644295302013423;5;Medium;False;True
7.6;0.26;0.32;1.3;0.048;23.0;76.0;0.9531463550790198;2.96;0.46;0.8053691275167785;6;Medium;False;True
7.5;0.16;0.38;12.7;0.043;70.5;163.0;0.9596527363375618;3.15;0.82;0.697986577181208;7;High;False;True
6.5;0.36;0.16;1.3;0.054;11.0;107.0;0.9566882904386994;3.19;0.39;0.5704697986577181;5;Medium;False;True
6.6;0.35;0.19;10.5;0.06;15.0;82.0;0.9585170070646211;3.13;0.38;0.6644295302013423;4;Low;False;True
5.7;0.25;0.26;12.5;0.049;52.5;120.0;0.9595083639723575;3.08;0.45;0.6308724832214765;6;Medium;False;True
7.4;0.37;0.26;9.6;0.05;33.0;134.0;0.9587095035515601;3.13;0.46;0.697986577181208;5;Medium;False;True
5.7;0.25;0.21;1.5;0.044;21.0;108.0;0.9542243354058788;3.3;0.59;0.7382550335570469;6;Medium;False;True
5.8;0.23;0.21;1.5;0.044;21.0;110.0;0.9541858361084911;3.3;0.57;0.7382550335570469;6;Medium;False;True
5.4;0.265;0.28;7.8;0.052;27.0;91.0;0.957015534466496;3.19;0.38;0.697986577181208;6;Medium;False;True
5.7;0.25;0.27;10.8;0.05;58.0;116.0;0.9585555063620089;3.1;0.5;0.6577181208053692;6;Medium;False;True
5.7;0.25;0.26;12.5;0.049;52.5;106.0;0.9595083639723575;3.08;0.45;0.6308724832214765;6;Medium;False;True
5.9;0.23;0.28;8.6;0.046;37.0;142.0;0.957015534466496;3.23;0.53;0.7114093959731543;6;Medium;False;True
6.2;0.3;0.32;1.2;0.052;32.0;185.0;0.9554178136249013;3.28;0.44;0.6778523489932885;5;Medium;False;True
6.5;0.33;0.24;14.5;0.048;20.0;96.0;0.957246530250823;3.06;0.3;0.7718120805369127;8;High;False;True
7.4;0.26;0.29;3.7;0.048;14.0;73.0;0.9543013340006545;3.06;0.45;0.7651006711409396;6;Medium;False;True
7.0;0.2;0.4;1.1;0.058;30.0;93.0;0.9559568037883308;3.03;0.38;0.6174496644295301;6;Medium;False;True
6.5;0.21;0.42;1.1;0.059;33.0;101.0;0.9554563129222892;3.12;0.38;0.6510067114093959;6;Medium;False;True
7.3;0.25;0.27;3.8;0.047;16.0;79.0;0.9545227049606344;3.07;0.46;0.7583892617449665;6;Medium;False;True
6.8;0.27;0.24;4.6;0.098;36.0;127.0;0.9568230379795568;3.15;0.49;0.6442953020134228;6;Medium;False;True
6.7;0.24;0.3;10.2;0.07;44.0;179.0;0.9592677433636836;2.86;0.46;0.5973154362416108;6;Medium;False;True
6.4;0.14;0.28;7.9;0.057;21.0;82.0;0.9569481606960673;3.26;0.36;0.6711409395973155;6;Medium;False;True
6.4;0.5;0.2;2.4;0.059;19.0;112.0;0.9558798051935552;3.18;0.4;0.6174496644295301;6;Medium;False;True
6.6;0.41;0.27;10.7;0.11;20.0;103.0;0.9593254923097654;3.08;0.41;0.6040268456375839;6;Medium;False;True
6.4;0.25;0.28;4.9;0.03;29.0;98.0;0.9530886061329381;3.09;0.58;0.8590604026845637;7;High;False;True
8.0;0.25;0.35;1.1;0.054;13.0;136.0;0.9563802960595968;3.08;0.55;0.6375838926174496;5;Medium;False;True
6.6;0.21;0.34;5.6;0.046;30.0;140.0;0.9557354328283509;3.22;0.38;0.7382550335570469;5;Medium;False;True
6.3;0.29;0.23;14.2;0.037;24.0;99.0;0.9579395176038038;3.08;0.38;0.7114093959731543;6;Medium;False;True
6.9;0.37;0.23;9.5;0.057;54.0;166.0;0.958324510577682;3.23;0.42;0.6711409395973155;5;Medium;False;True
5.7;0.31;0.28;4.1;0.03;22.0;86.0;0.9534543494581224;3.31;0.38;0.785234899328859;7;High;False;True
6.9;0.45;0.27;4.7;0.035;17.0;80.0;0.9534158501607346;3.12;0.36;0.8389261744966443;7;High;False;True
6.9;0.3;0.45;1.4;0.039;36.0;122.0;0.9534254749850815;3.07;0.47;0.7449664429530201;7;High;False;True
5.3;0.23;0.56;0.9;0.041;46.0;141.0;0.9540029644458988;3.16;0.62;0.6510067114093959;5;Medium;False;True
6.8;0.3;0.26;20.3;0.037;45.0;150.0;0.9598548576488479;3.04;0.38;0.825503355704698;6;Medium;False;True
6.7;0.28;0.42;3.5;0.035;43.0;105.0;0.9530597316598972;3.18;0.38;0.8187919463087248;6;Medium;False;True
5.0;0.255;0.22;2.7;0.043;46.0;153.0;0.9551483185431866;3.75;0.76;0.7583892617449665;6;Medium;False;True
7.6;0.4;0.27;1.2;0.053;23.0;193.0;0.9544360815415118;3.22;0.38;0.7785234899328859;5;Medium;False;True
5.5;0.21;0.25;1.2;0.04;18.0;75.0;0.952915359294693;3.31;0.56;0.7583892617449665;6;Medium;False;True
6.0;0.2;0.25;2.0;0.041;30.0;95.0;0.9536083466476737;3.27;0.56;0.7449664429530201;6;Medium;False;True
6.1;0.17;0.29;1.1;0.041;32.0;92.0;0.9532041040251016;3.26;0.57;0.7516778523489932;6;Medium;False;True
7.5;0.21;0.29;1.5;0.046;35.0;107.0;0.9540414637432867;3.15;0.45;0.7583892617449665;6;Medium;False;True
7.3;0.26;0.32;1.2;0.041;29.0;94.0;0.9526458642129781;3.07;0.45;0.8053691275167785;6;Medium;False;True
6.2;0.35;0.2;18.1;0.069;33.0;158.0;0.9615969508556469;3.15;0.5;0.5906040268456376;6;Medium;False;True
6.5;0.43;0.31;3.6;0.046;19.0;143.0;0.9530693564842442;3.15;0.34;0.8053691275167785;8;High;False;True
6.5;0.4;0.31;3.5;0.046;22.0;147.0;0.9530886061329381;3.15;0.31;0.8053691275167785;7;High;False;True
7.4;0.28;0.5;12.1;0.049;48.0;122.0;0.9598837321218887;3.01;0.44;0.6040268456375839;5;Medium;False;True
6.3;0.23;0.22;17.45;0.054;42.0;151.0;0.9610675855165643;3.12;0.6;0.6241610738255033;6;Medium;False;True
6.2;0.34;0.25;12.1;0.059;33.0;171.0;0.96025910027142;3.14;0.56;0.5838926174496644;6;Medium;False;True
6.6;0.44;0.32;3.0;0.095;13.0;75.0;0.9524148684286511;3.1;0.63;0.8590604026845637;6;Medium;False;True
6.0;0.13;0.36;1.6;0.052;23.0;72.0;0.9526073649155903;3.1;0.5;0.7718120805369127;7;High;False;True
6.3;0.17;0.23;5.7;0.048;44.0;147.0;0.9565342932491482;3.08;0.54;0.6711409395973155;5;Medium;False;True
6.3;0.18;0.22;5.6;0.047;45.0;147.0;0.9565439180734951;3.09;0.54;0.6711409395973155;5;Medium;False;True
6.7;0.31;0.34;6.8;0.059;51.0;215.0;0.9580357658472733;3.33;0.56;0.6912751677852349;5;Medium;False;True
6.6;0.33;0.32;15.6;0.054;62.0;227.0;0.9599222314192766;3.25;0.56;0.697986577181208;5;Medium;False;True
6.3;0.34;0.31;6.0;0.02;18.0;68.0;0.9526747386860189;3.22;0.29;0.8993288590604027;7;High;False;True
6.8;0.29;0.32;1.8;0.032;18.0;130.0;0.9537719686615719;3.05;0.62;0.7516778523489932;6;Medium;False;True
7.4;0.31;0.26;8.6;0.048;47.0;206.0;0.9590174979306627;3.26;0.36;0.610738255033557;5;Medium;False;True
5.7;0.25;0.27;11.5;0.04;24.0;120.0;0.95681341315521;3.33;0.31;0.7248322147651007;6;Medium;False;True
6.8;0.27;0.28;7.8;0.038;26.0;89.0;0.9543013340006545;3.24;0.34;0.8389261744966443;6;Medium;False;True
5.9;0.26;0.24;2.4;0.046;27.0;132.0;0.9551098192457987;3.63;0.73;0.7583892617449665;5;Medium;False;True
5.9;0.65;0.23;5.0;0.035;20.0;128.0;0.9530116075381625;3.46;0.48;0.8590604026845637;6;Medium;False;True
6.6;0.23;0.32;1.5;0.041;8.0;72.0;0.9523667443069164;3.22;0.39;0.8523489932885905;6;Medium;False;True
6.8;0.18;0.35;5.4;0.054;53.0;143.0;0.9556199349361875;3.1;0.54;0.7382550335570469;7;High;False;True
6.8;0.28;0.29;11.9;0.052;51.0;149.0;0.958093514793355;3.02;0.58;0.697986577181208;6;Medium;False;True
5.9;0.27;0.27;9.0;0.051;43.0;136.0;0.9568037883308629;3.25;0.53;0.7181208053691275;6;Medium;False;True
6.1;0.25;0.28;10.0;0.055;56.0;131.0;0.9567075400873933;3.22;0.35;0.7315436241610739;6;Medium;False;True
6.8;0.26;0.29;11.9;0.052;54.0;160.0;0.958112764442049;3.03;0.58;0.697986577181208;6;Medium;False;True
7.1;0.13;0.29;15.5;0.064;56.0;115.5;0.9599511058923175;3.16;0.41;0.6510067114093959;7;High;False;True
6.2;0.2;0.25;15.0;0.055;8.0;120.0;0.9602398506227261;3.19;0.53;0.6442953020134228;6;Medium;False;True
5.8;0.24;0.28;1.4;0.038;40.0;76.0;0.9500760361123409;3.1;0.29;0.9328859060402684;7;High;False;True
7.6;0.48;0.31;9.4;0.046;6.0;194.0;0.9597297349323375;3.07;0.61;0.6308724832214765;5;Medium;False;True
7.4;0.26;0.32;3.7;0.032;29.0;193.0;0.9541473368111032;3.1;0.67;0.8389261744966443;6;Medium;False;True
6.1;0.3;0.47;1.4;0.049;50.0;187.0;0.9554563129222892;3.19;0.45;0.6375838926174496;5;Medium;False;True
6.2;0.32;0.5;6.5;0.048;61.0;186.0;0.9574775260351499;3.19;0.45;0.6442953020134228;5;Medium;False;True
6.3;0.34;0.52;6.3;0.047;63.0;186.0;0.9574871508594968;3.18;0.44;0.6442953020134228;5;Medium;False;True
7.4;0.16;0.3;13.7;0.056;33.0;168.0;0.9607980904348495;2.9;0.44;0.5838926174496644;7;High;False;True
7.2;0.26;0.38;1.5;0.061;12.0;120.0;0.9547055766232266;3.18;0.46;0.697986577181208;5;Medium;False;True
7.0;0.31;0.35;1.6;0.063;13.0;119.0;0.954628578028451;3.22;0.5;0.7181208053691275;5;Medium;False;True
6.6;0.22;0.35;1.4;0.05;23.0;83.0;0.9530404820112033;3.17;0.48;0.8053691275167785;7;High;False;True
5.8;0.23;0.31;3.5;0.044;35.0;158.0;0.9528383606999172;3.19;0.37;0.8120805369127516;7;High;False;True
6.3;0.17;0.32;1.0;0.04;39.0;118.0;0.9517603803730581;3.31;0.4;0.8791946308724832;8;High;False;True
6.0;0.19;0.26;1.4;0.039;30.0;104.0;0.9528383606999172;3.32;0.41;0.8322147651006712;6;Medium;False;True
6.7;0.21;0.34;1.5;0.035;45.0;123.0;0.9523667443069164;3.24;0.36;0.8456375838926175;7;High;False;True
6.6;0.22;0.37;1.6;0.04;31.0;101.0;0.9529442337677337;3.15;0.66;0.8053691275167785;5;Medium;False;True
6.8;0.34;0.27;5.2;0.06;14.0;169.0;0.9552830660840439;3.27;0.57;0.7785234899328859;6;Medium;False;True
7.1;0.34;0.86;1.4;0.174;36.0;99.0;0.9556295597605343;2.92;0.5;0.6241610738255033;5;Medium;False;True
6.3;0.24;0.22;11.9;0.05;65.0;179.0;0.9592003695932548;3.06;0.58;0.6241610738255033;6;Medium;False;True
6.9;0.35;0.39;2.4;0.048;25.0;157.0;0.9541377119867562;3.2;0.54;0.7449664429530201;7;High;False;True
6.8;0.24;0.33;3.2;0.049;68.0;161.0;0.9559760534370247;3.1;0.69;0.6845637583892616;6;Medium;False;True
6.4;0.25;0.33;1.7;0.037;35.0;113.0;0.9544360815415118;3.23;0.66;0.7114093959731543;6;Medium;False;True
5.8;0.19;0.33;4.2;0.038;49.0;133.0;0.9538874665537354;3.16;0.42;0.7583892617449665;7;High;False;True
6.9;0.24;0.4;15.4;0.052;81.0;198.0;0.961134959286993;3.2;0.69;0.6308724832214765;5;Medium;False;True
6.5;0.31;0.61;13.0;0.053;31.0;123.0;0.9596719859862557;3.09;0.5;0.6241610738255033;6;Medium;False;True
6.6;0.25;0.32;5.6;0.039;15.0;68.0;0.9544264567171649;2.96;0.52;0.7449664429530201;6;Medium;False;True
7.5;0.38;0.56;9.7;0.055;15.0;170.0;0.9586806290785193;3.13;0.65;0.6644295302013423;6;Medium;False;True
6.2;0.3;0.3;2.5;0.041;29.0;82.0;0.9534832239311632;3.31;0.61;0.7919463087248323;7;High;False;True
6.4;0.33;0.28;4.0;0.04;24.0;81.0;0.9531463550790198;3.26;0.64;0.8456375838926175;7;High;False;True
7.6;0.27;0.32;1.2;0.043;23.0;72.0;0.9551290688944927;3.06;0.68;0.7046979865771812;5;Medium;False;True
5.9;0.24;0.34;2.0;0.037;40.0;108.0;0.9523571194825694;3.19;0.5;0.825503355704698;6;Medium;False;True
5.3;0.33;0.3;1.2;0.048;25.0;119.0;0.9532907274442242;3.32;0.62;0.7583892617449665;6;Medium;False;True
6.4;0.21;0.21;5.1;0.097;21.0;105.0;0.9566112918439238;3.07;0.46;0.6442953020134228;5;Medium;False;True
7.0;0.22;0.3;1.4;0.04;14.0;63.0;0.9527132379834068;3.2;0.33;0.8053691275167785;6;Medium;False;True
7.8;0.27;0.35;1.2;0.05;36.0;140.0;0.9541858361084911;3.09;0.45;0.7516778523489932;5;Medium;False;True
6.7;0.2;0.24;6.5;0.044;28.0;100.0;0.9562070492213517;3.12;0.33;0.6845637583892616;6;Medium;False;True
8.1;0.27;0.33;1.3;0.045;26.0;100.0;0.9534928487555102;2.98;0.44;0.8322147651006712;6;Medium;False;True
7.1;0.45;0.24;2.7;0.04;24.0;87.0;0.9515293845887313;2.94;0.38;0.8993288590604027;8;High;False;True
5.8;0.22;0.29;1.3;0.036;25.0;68.0;0.9515582590617722;3.24;0.35;0.8456375838926175;6;Medium;False;True
6.3;0.3;0.48;7.4;0.053;34.0;149.0;0.9574005274403743;3.18;0.53;0.6577181208053692;5;Medium;False;True
7.9;0.36;0.53;12.9;0.049;63.0;139.0;0.9604804712314;2.94;0.45;0.610738255033557;5;Medium;False;True
8.0;0.24;0.33;1.2;0.044;28.0;101.0;0.9531944792007545;3.03;0.43;0.8389261744966443;6;Medium;False;True
6.7;0.41;0.27;2.6;0.033;25.0;85.0;0.9536853452424493;3.05;0.34;0.785234899328859;6;Medium;False;True
6.7;0.24;0.31;2.3;0.044;37.0;113.0;0.9529827330651215;3.29;0.46;0.8657718120805369;6;Medium;False;True
6.2;0.3;0.32;1.3;0.054;27.0;183.0;0.9554178136249013;3.3;0.43;0.6778523489932885;5;Medium;False;True
6.9;0.26;0.38;10.5;0.044;33.0;139.0;0.9578336445359872;3.06;0.5;0.6912751677852349;6;Medium;False;True
5.9;0.32;0.2;14.4;0.05;29.0;144.0;0.9592677433636836;3.24;0.41;0.6912751677852349;6;Medium;False;True
6.1;0.25;0.3;1.2;0.036;42.0;107.0;0.9538200927833067;3.34;0.56;0.7248322147651007;7;High;False;True
5.6;0.23;0.29;3.1;0.023;19.0;89.0;0.9535120984042041;3.25;0.51;0.7516778523489932;6;Medium;False;True
6.6;0.23;0.32;1.7;0.024;26.0;102.0;0.9536660955937555;3.29;0.6;0.7919463087248323;6;Medium;False;True
6.0;0.17;0.21;6.0;0.05;26.0;134.0;0.9566112918439238;3.08;0.54;0.6577181208053692;6;Medium;False;True
7.1;0.38;0.42;11.8;0.041;32.0;193.0;0.9588635007411115;3.04;0.49;0.6711409395973155;6;Medium;False;True
6.6;0.31;0.37;6.2;0.052;13.0;164.0;0.9586517546054785;3.24;0.39;0.5906040268456376;4;Low;False;True
6.5;0.38;0.53;1.4;0.142;5.0;69.0;0.9553600646788196;3.14;0.52;0.6778523489932885;4;Low;False;True
7.0;0.44;0.24;12.1;0.056;68.0;210.0;0.9597682342297252;3.05;0.5;0.6375838926174496;5;Medium;False;True
6.1;0.38;0.14;3.9;0.06;27.0;113.0;0.9561685499239638;3.07;0.34;0.6174496644295301;4;Low;False;True
8.0;0.33;0.32;4.6;0.041;31.0;180.0;0.954628578028451;2.92;0.74;0.8187919463087248;6;Medium;False;True
6.0;0.19;0.29;1.2;0.046;29.0;92.0;0.9531752295520607;3.22;0.53;0.7583892617449665;6;Medium;False;True
6.3;0.28;0.34;8.1;0.038;44.0;129.0;0.9552445667866561;3.26;0.29;0.8120805369127516;6;Medium;False;True
5.3;0.43;0.11;1.1;0.029;6.0;51.0;0.9535890969989798;3.51;0.48;0.7516778523489932;4;Low;False;True
5.4;0.22;0.35;6.5;0.029;26.0;87.0;0.9537430941885311;3.29;0.44;0.8389261744966443;7;High;False;True
6.2;0.345;0.27;10.1;0.056;38.0;187.0;0.9575352749812316;3.31;0.56;0.7114093959731543;5;Medium;False;True
5.6;0.255;0.57;10.7;0.056;66.0;171.0;0.9573235288455986;3.25;0.61;0.697986577181208;7;High;False;True
5.2;0.2;0.27;3.2;0.047;16.0;93.0;0.9551194440701457;3.44;0.53;0.6778523489932885;7;High;False;True
6.2;0.29;0.23;12.4;0.048;33.0;201.0;0.958748002848948;3.11;0.56;0.6644295302013423;6;Medium;False;True
6.3;0.26;0.25;5.2;0.046;11.0;133.0;0.9548018248666962;2.97;0.68;0.7382550335570469;6;Medium;False;True
6.0;0.22;0.23;5.0;0.045;10.0;122.0;0.9553696895031666;2.94;0.63;0.6711409395973155;6;Medium;False;True
7.5;0.35;0.37;2.5;0.066;29.0;89.0;0.9525111166721207;3.14;0.42;0.8523489932885905;6;Medium;False;True
6.6;0.39;0.28;9.2;0.036;10.0;92.0;0.954840324164084;3.07;0.35;0.8120805369127516;6;Medium;False;True
6.3;0.23;0.33;6.9;0.052;23.0;118.0;0.9565150436004543;3.23;0.46;0.697986577181208;6;Medium;False;True
6.3;0.22;0.3;2.0;0.05;23.0;120.0;0.9548210745153901;3.24;0.47;0.697986577181208;6;Medium;False;True
6.4;0.29;0.18;15.0;0.04;21.0;116.0;0.9599414810679705;3.14;0.5;0.6174496644295301;5;Medium;False;True
7.5;0.23;0.3;1.2;0.03;27.0;80.0;0.9547055766232266;3.05;0.68;0.7046979865771812;5;Medium;False;True
5.7;0.28;0.36;1.8;0.041;38.0;90.0;0.9528768599973051;3.27;0.98;0.7986577181208053;7;High;False;True
6.5;0.26;0.24;10.8;0.042;47.0;130.0;0.9586325049567845;3.08;0.4;0.6778523489932885;6;Medium;False;True
6.4;0.27;0.29;3.9;0.034;62.0;140.0;0.9551386937188396;3.1;0.59;0.7449664429530201;6;Medium;False;True
5.9;0.22;0.29;4.2;0.037;69.0;144.0;0.9549173227588597;3.13;0.74;0.7248322147651007;7;High;False;True
6.8;0.26;0.26;2.0;0.019;23.5;72.0;0.9532522281468363;3.16;0.47;0.7919463087248323;6;Medium;False;True
7.6;0.36;0.48;13.5;0.038;44.0;116.0;0.9607499663131147;3.04;0.48;0.6174496644295301;5;Medium;False;True
7.6;0.35;0.47;13.3;0.037;42.0;116.0;0.9607692159618086;3.04;0.5;0.6174496644295301;5;Medium;False;True
5.7;0.18;0.26;2.2;0.023;21.0;95.0;0.9521838726443241;3.07;0.54;0.825503355704698;6;Medium;False;True
6.6;0.36;0.47;1.4;0.145;26.0;124.0;0.9554948122196769;3.09;0.56;0.6778523489932885;6;Medium;False;True
5.9;0.14;0.2;1.6;0.04;26.0;114.0;0.9538682169050414;3.25;0.45;0.7651006711409396;6;Medium;False;True
5.5;0.23;0.19;2.2;0.044;39.0;161.0;0.9548691986371249;3.19;0.43;0.697986577181208;6;Medium;False;True
6.7;0.11;0.26;14.8;0.053;44.0;95.0;0.9593639916071531;3.2;0.35;0.6577181208053692;6;Medium;False;True
7.0;0.24;0.24;1.8;0.047;29.0;91.0;0.955273441259697;3.3;0.43;0.6644295302013423;6;Medium;False;True
5.3;0.47;0.1;1.3;0.036;11.0;74.0;0.9536468459450615;3.48;0.54;0.7516778523489932;4;Low;False;True
7.5;0.29;0.24;9.9;0.058;25.0;115.0;0.958314885753335;3.15;0.46;0.7315436241610739;5;Medium;False;True
6.0;0.33;0.26;5.1;0.051;16.0;119.0;0.9568615372769447;3.15;0.41;0.6174496644295301;5;Medium;False;True
5.8;0.32;0.23;1.5;0.033;39.0;121.0;0.9516063831835069;2.96;0.35;0.8053691275167785;5;Medium;False;True
5.8;0.3;0.23;1.5;0.034;37.0;121.0;0.9516160080078538;2.96;0.34;0.8120805369127516;6;Medium;False;True
3.8;0.31;0.02;11.1;0.036;20.0;114.0;0.9552445667866561;3.75;0.44;0.8322147651006712;6;Medium;False;True
6.2;0.36;0.22;5.25;0.038;44.0;145.0;0.954628578028451;3.22;0.4;0.7516778523489932;6;Medium;False;True
6.0;0.31;0.27;2.3;0.042;19.0;120.0;0.9523956187799572;3.32;0.41;0.8523489932885905;7;High;False;True
6.9;0.52;0.54;7.9;0.036;23.0;169.0;0.9554274384492484;3.26;0.47;0.8187919463087248;6;Medium;False;True
7.0;0.55;0.05;8.0;0.036;19.0;164.0;0.9554466880979422;3.26;0.46;0.8187919463087248;6;Medium;False;True
5.8;0.2;0.16;1.4;0.042;44.0;99.0;0.952010625806079;3.23;0.37;0.8187919463087248;6;Medium;False;True
6.0;0.29;0.27;2.3;0.044;20.0;117.0;0.9523763691312633;3.31;0.41;0.8523489932885905;7;High;False;True
5.7;0.22;0.29;3.5;0.04;27.0;146.0;0.9528479855242642;3.17;0.36;0.8120805369127516;6;Medium;False;True
7.1;0.46;0.23;13.7;0.045;44.0;192.0;0.9606537180696452;3.11;0.53;0.6308724832214765;5;Medium;False;True
6.6;0.21;0.3;9.9;0.041;64.0;174.0;0.957670022522089;3.07;0.5;0.6778523489932885;6;Medium;False;True
6.9;0.42;0.2;15.4;0.043;57.0;201.0;0.9610194613948295;3.08;0.54;0.6308724832214765;5;Medium;False;True
5.7;0.22;0.2;16.0;0.044;41.0;113.0;0.9611542089356868;3.22;0.46;0.5973154362416108;6;Medium;False;True
5.2;0.31;0.2;2.4;0.027;27.0;117.0;0.9517603803730581;3.56;0.45;0.87248322147651;7;High;False;True
7.2;0.22;0.35;5.5;0.054;37.0;183.0;0.9574197770890681;3.08;0.5;0.6912751677852349;5;Medium;False;True
5.6;0.18;0.29;2.3;0.04;5.0;47.0;0.9540703382163276;3.07;0.45;0.6778523489932885;4;Low;False;True
6.2;0.24;0.27;16.8;0.04;48.0;129.0;0.9595083639723575;3.23;0.38;0.7046979865771812;6;Medium;False;True
5.7;0.26;0.24;17.8;0.059;23.0;124.0;0.9602975995688079;3.3;0.5;0.6778523489932885;5;Medium;False;True
6.0;0.2;0.26;6.8;0.049;22.0;93.0;0.9555525611657587;3.15;0.42;0.7382550335570469;6;Medium;False;True
7.6;0.28;0.17;1.6;0.046;28.0;117.0;0.9556295597605343;3.08;0.43;0.6711409395973155;5;Medium;False;True
7.0;0.2;0.33;4.7;0.03;25.0;76.0;0.9548018248666962;2.88;0.54;0.7046979865771812;6;Medium;False;True
6.6;0.26;0.27;11.8;0.048;28.0;112.0;0.9586902539028662;2.87;0.49;0.6510067114093959;6;Medium;False;True
7.2;0.21;0.36;15.7;0.045;68.0;183.0;0.9617316983965043;3.25;0.76;0.6308724832214765;5;Medium;False;True
6.9;0.22;0.32;5.8;0.041;20.0;119.0;0.9557065583553099;3.17;0.55;0.7516778523489932;6;Medium;False;True
7.4;0.22;0.28;9.0;0.046;22.0;121.0;0.9573620281429864;3.1;0.55;0.7248322147651007;5;Medium;False;True
7.0;0.2;0.35;8.8;0.037;31.0;103.0;0.9565920421952299;3.13;0.49;0.7382550335570469;6;Medium;False;True
5.6;0.26;0.0;10.2;0.038;13.0;111.0;0.9558894300179022;3.44;0.46;0.8322147651006712;6;Medium;False;True
6.3;0.28;0.3;6.6;0.208;60.0;154.0;0.957458276386456;3.1;0.4;0.6308724832214765;6;Medium;False;True
6.4;0.29;0.3;6.5;0.209;62.0;156.0;0.957458276386456;3.1;0.4;0.6308724832214765;5;Medium;False;True
7.2;0.34;0.23;8.9;0.105;22.0;155.0;0.9595179887967045;3.01;0.58;0.6375838926174496;5;Medium;False;True
7.1;0.39;0.39;11.1;0.034;25.0;204.0;0.9587865021463359;3.05;0.52;0.6711409395973155;6;Medium;False;True
6.9;0.26;0.29;4.2;0.043;33.0;114.0;0.9530501068355502;3.16;0.31;0.8389261744966443;6;Medium;False;True
6.1;0.24;0.25;1.6;0.044;24.0;115.0;0.9548788234614718;3.39;0.59;0.7315436241610739;6;Medium;False;True
5.9;0.25;0.24;7.4;0.044;21.0;113.0;0.9573042791969046;3.38;0.58;0.7046979865771812;6;Medium;False;True
6.1;0.24;0.27;11.5;0.05;51.0;133.0;0.957439026737762;3.22;0.37;0.7248322147651007;6;Medium;False;True
6.5;0.22;0.27;1.6;0.039;36.0;116.0;0.9545708290823692;3.38;0.57;0.7382550335570469;7;High;False;True
6.2;0.26;0.29;2.0;0.036;16.0;87.0;0.9536372211207145;3.33;0.61;0.7919463087248323;6;Medium;False;True
6.6;0.34;0.25;4.8;0.038;16.0;121.0;0.9547633255693083;3.36;0.71;0.8456375838926175;6;Medium;False;True
5.6;0.225;0.24;9.8;0.054;59.0;140.0;0.9581031396177019;3.17;0.39;0.6845637583892616;6;Medium;False;True
7.1;0.23;0.28;1.9;0.046;33.0;103.0;0.9528287358755703;3.12;0.31;0.8053691275167785;5;Medium;False;True
6.4;0.27;0.3;1.6;0.04;19.0;86.0;0.9537142197154902;3.32;0.65;0.7718120805369127;6;Medium;False;True
6.3;0.41;0.22;7.3;0.035;23.0;117.0;0.9545130801362876;3.2;0.39;0.8013422818791945;7;High;False;True
6.7;0.41;0.24;5.4;0.035;33.0;115.0;0.9529538585920807;3.12;0.44;0.8653243847874699;7;High;False;True
7.2;0.585;0.2;10.4;0.086;17.0;94.0;0.959412115728888;3.13;0.4;0.6308724832214765;5;Medium;False;True
6.7;0.34;0.26;1.9;0.038;58.0;138.0;0.9521838726443241;3.0;0.47;0.8187919463087248;7;High;False;True
6.4;0.26;0.35;7.7;0.056;45.0;191.0;0.9579298927794567;3.16;0.5;0.6375838926174496;5;Medium;False;True
6.3;0.28;0.22;11.5;0.036;27.0;150.0;0.9571406571830063;3.0;0.33;0.7114093959731543;6;Medium;False;True
7.4;0.16;0.33;1.2;0.042;47.0;121.0;0.9547633255693083;3.04;0.68;0.7046979865771812;7;High;False;True
8.4;0.27;0.3;2.2;0.037;36.0;129.0;0.9536757204181023;2.89;0.3;0.7695749440715907;6;Medium;False;True
5.9;0.2;0.28;1.0;0.043;45.0;100.0;0.9531752295520607;3.4;0.41;0.7651006711409396;6;Medium;False;True
6.4;0.24;0.26;8.2;0.054;47.0;182.0;0.9580357658472733;3.12;0.5;0.6375838926174496;5;Medium;False;True
7.4;0.38;0.34;8.3;0.052;44.0;168.0;0.9588923752141523;3.11;0.52;0.6174496644295301;5;Medium;False;True
6.4;0.42;0.19;9.3;0.043;28.0;145.0;0.957025159290843;3.23;0.53;0.7369127516778523;5;Medium;False;True
6.4;0.23;0.26;8.1;0.054;47.0;181.0;0.9580550154959672;3.12;0.49;0.6308724832214765;5;Medium;False;True
7.3;0.19;0.27;13.9;0.057;45.0;155.0;0.9606248435966044;2.94;0.41;0.5906040268456376;8;High;False;True
6.8;0.24;0.29;2.0;0.044;15.0;96.0;0.9550905695971048;3.23;0.64;0.697986577181208;8;High;False;True
7.4;0.27;0.52;15.7;0.054;36.0;139.0;0.9604419719340122;3.04;0.62;0.6733780760626376;6;Medium;False;True
5.7;0.28;0.35;1.2;0.052;39.0;141.0;0.9538970913780823;3.44;0.69;0.7583892617449665;6;Medium;False;True
5.8;0.22;0.25;1.5;0.024;21.0;109.0;0.9551098192457987;3.37;0.58;0.697986577181208;6;Medium;False;True
6.7;0.27;0.69;1.2;0.176;36.0;106.0;0.9556295597605343;2.96;0.43;0.6174496644295301;6;Medium;False;True
7.1;0.2;0.35;3.2;0.034;21.0;107.0;0.9547344510962675;3.11;0.54;0.7449664429530201;6;Medium;False;True
7.1;0.23;0.3;2.6;0.034;62.0;148.0;0.9540222140945928;3.03;0.56;0.7583892617449665;7;High;False;True
7.6;0.31;0.52;13.2;0.042;61.0;148.0;0.9609328379757069;2.98;0.47;0.610738255033557;6;Medium;False;True
7.2;0.34;0.28;10.4;0.108;43.0;187.0;0.9599607307166644;2.96;0.57;0.6308724832214765;5;Medium;False;True
7.0;0.36;0.25;5.7;0.015;14.0;73.0;0.9525014918477738;2.82;0.59;0.8859060402684563;6;Medium;False;True
6.4;0.31;0.28;2.5;0.039;34.0;137.0;0.9523378698338755;3.22;0.38;0.8523489932885905;6;Medium;False;True
7.3;0.28;0.35;1.6;0.054;31.0;148.0;0.9545708290823692;3.18;0.47;0.7181208053691275;5;Medium;False;True
7.4;0.16;0.3;1.4;0.064;34.0;166.0;0.9541665864597971;3.11;0.42;0.7673378076062617;6;Medium;False;True
6.4;0.31;0.27;7.4;0.049;48.0;169.0;0.9559664286126778;3.27;0.45;0.7449664429530201;6;Medium;False;True
6.2;0.29;0.29;5.6;0.046;35.0;178.0;0.9558701803692082;3.25;0.51;0.7069351230425033;5;Medium;False;True
5.9;0.28;0.34;3.6;0.04;50.0;194.0;0.9540125892702458;3.31;0.52;0.7785234899328859;6;Medium;False;True
6.5;0.23;0.2;7.5;0.05;44.0;179.0;0.9577085218194769;3.18;0.48;0.6398210290827738;5;Medium;False;True
7.2;0.34;0.2;5.8;0.062;52.0;203.0;0.9572946543725577;3.17;0.44;0.6577181208053692;6;Medium;False;True
6.5;0.2;0.33;1.5;0.039;36.0;110.0;0.9529346089433868;3.22;0.65;0.8053691275167785;6;Medium;False;True
6.2;0.24;0.27;2.9;0.039;30.0;123.0;0.9524629925503859;3.12;0.37;0.8590604026845637;6;Medium;False;True
7.1;0.31;0.25;11.2;0.048;32.0;136.0;0.9592388688906427;3.14;0.4;0.6375838926174496;5;Medium;False;True
6.4;0.29;0.21;9.65;0.041;36.0;119.0;0.9560723016804943;2.99;0.34;0.733780760626396;6;Medium;False;True
6.3;0.19;0.33;10.1;0.063;63.0;133.0;0.9582571368072532;2.86;0.41;0.610738255033557;5;Medium;False;True
5.9;0.29;0.28;3.2;0.035;16.0;117.0;0.9524629925503859;3.26;0.42;0.8456375838926175;6;Medium;False;True
6.5;0.3;0.28;11.45;0.041;29.0;109.0;0.9568807869256385;2.98;0.3;0.7315436241610739;6;Medium;False;True
6.5;0.22;0.19;4.5;0.096;16.0;115.0;0.9564187953569847;3.02;0.44;0.6442953020134228;5;Medium;False;True
7.0;0.23;0.28;2.7;0.053;16.0;92.0;0.9564380450056786;3.18;0.56;0.6241610738255033;5;Medium;False;True
7.1;0.23;0.23;3.5;0.038;23.0;112.0;0.9543687077710831;3.05;0.37;0.7628635346756174;6;Medium;False;True
6.1;0.26;0.28;1.7;0.043;24.0;98.0;0.9520683747521607;3.14;0.44;0.8389261744966443;6;Medium;False;True
6.4;0.35;0.21;2.1;0.051;46.0;171.0;0.9559375541396369;3.16;0.5;0.6375838926174496;5;Medium;False;True
6.0;0.32;0.32;4.8;0.041;40.0;186.0;0.9551194440701457;3.22;0.54;0.7382550335570469;6;Medium;False;True
6.1;0.34;0.21;5.0;0.042;17.0;133.0;0.9564476698300256;3.02;0.53;0.6308724832214765;5;Medium;False;True
6.5;0.13;0.27;2.6;0.035;32.0;76.0;0.9542050857571849;3.21;0.76;0.7606263982102885;6;Medium;False;True
6.5;0.315;0.2;6.6;0.041;9.0;126.0;0.9576122735760073;2.94;0.51;0.5906040268456376;5;Medium;False;True
5.7;0.31;0.29;7.3;0.05;33.0;143.0;0.9560530520318004;3.31;0.5;0.742729306487698;6;Medium;False;True
6.4;0.3;0.27;5.0;0.058;27.0;151.0;0.9547633255693083;3.22;0.49;0.8187919463087248;6;Medium;False;True
7.0;0.24;0.26;1.7;0.041;31.0;110.0;0.9542243354058788;3.2;0.53;0.7382550335570469;6;Medium;False;True
6.4;0.26;0.21;8.2;0.05;51.0;182.0;0.9580742651446611;3.23;0.48;0.6375838926174496;5;Medium;False;True
6.0;0.27;0.31;5.0;0.043;54.0;170.0;0.9551675681918804;3.28;0.52;0.7382550335570469;6;Medium;False;True
7.1;0.21;0.33;1.2;0.039;34.0;97.0;0.9539355906754702;3.11;0.75;0.7516778523489932;6;Medium;False;True
6.7;0.26;0.29;7.1;0.036;28.0;100.0;0.9579972665498855;3.08;0.36;0.6241610738255033;6;Medium;False;True
6.3;0.28;0.22;9.5;0.04;30.0;111.0;0.9561108009778821;3.05;0.31;0.7248322147651007;4;Low;False;True
6.2;0.25;0.44;15.8;0.057;39.0;167.0;0.9605959691235635;3.14;0.51;0.6174496644295301;5;Medium;False;True
7.3;0.22;0.37;15.5;0.048;70.0;203.0;0.9615103274365243;3.25;0.77;0.6308724832214765;5;Medium;False;True
6.4;0.18;0.28;17.05;0.047;53.0;139.0;0.959825983175807;3.25;0.35;0.7046979865771812;6;Medium;False;True
6.3;0.2;0.26;12.7;0.046;60.0;143.0;0.9579202679551099;3.26;0.35;0.7248322147651007;6;Medium;False;True
6.6;0.24;0.22;12.3;0.051;35.0;146.0;0.9593639916071531;3.1;0.67;0.6308724832214765;5;Medium;False;True
7.4;0.27;0.26;11.8;0.053;55.0;173.0;0.9595853625671332;3.11;0.6;0.6577181208053692;5;Medium;False;True
7.1;0.38;0.29;13.6;0.041;30.0;137.0;0.9572946543725577;3.02;0.96;0.8120805369127516;6;Medium;False;True
6.8;0.43;0.26;5.2;0.043;40.0;176.0;0.953974089972858;3.17;0.41;0.825503355704698;6;Medium;False;True
5.2;0.22;0.46;6.2;0.066;41.0;187.0;0.956341796762209;3.19;0.42;0.6532438478747201;5;Medium;False;True
5.9;0.29;0.16;7.9;0.044;48.0;197.0;0.9577855204142525;3.21;0.36;0.6308724832214765;5;Medium;False;True
6.3;0.29;0.29;3.3;0.037;32.0;140.0;0.9523763691312633;3.17;0.36;0.8590604026845637;7;High;False;True
6.3;0.19;0.32;2.8;0.046;18.0;80.0;0.9532714777955302;2.92;0.47;0.7416107382550335;6;Medium;False;True
5.7;0.29;0.16;7.9;0.044;48.0;197.0;0.9577855204142525;3.21;0.36;0.6308724832214765;5;Medium;False;True
5.7;0.24;0.47;6.3;0.069;35.0;182.0;0.9566209166682708;3.11;0.46;0.6532438478747201;5;Medium;False;True
5.8;0.3;0.38;4.9;0.039;22.0;86.0;0.9525014918477738;3.23;0.58;0.8791946308724832;7;High;False;True
7.1;0.27;0.27;10.4;0.041;26.0;114.0;0.9560819265048413;3.04;0.52;0.7718120805369127;7;High;False;True
6.3;0.305;0.22;16.0;0.061;26.0;141.0;0.9607884656105026;3.08;0.5;0.610738255033557;5;Medium;False;True
5.7;0.24;0.47;6.3;0.069;35.0;182.0;0.9566209166682708;3.11;0.46;0.6543624161073825;5;Medium;False;True
6.2;0.22;0.28;2.2;0.04;24.0;125.0;0.9544938304875936;3.19;0.48;0.7046979865771812;6;Medium;False;True
6.6;0.22;0.23;17.3;0.047;37.0;118.0;0.961577701206953;3.08;0.46;0.5906040268456376;6;Medium;False;True
6.1;0.22;0.5;6.6;0.045;30.0;122.0;0.9568519124525977;3.22;0.49;0.6644295302013423;6;Medium;False;True
6.2;0.21;0.52;6.5;0.047;28.0;123.0;0.9568807869256385;3.22;0.49;0.6644295302013423;6;Medium;False;True
6.3;0.32;0.26;12.3;0.044;24.0;205.0;0.958738378024601;3.11;0.58;0.6644295302013423;5;Medium;False;True
6.9;0.44;0.27;5.0;0.038;33.0;166.0;0.9540510885676337;3.2;0.42;0.8187919463087248;6;Medium;False;True
6.1;0.31;0.34;2.8;0.042;59.5;162.0;0.9545804539067161;3.27;0.47;0.7248322147651007;6;Medium;False;True
8.1;0.36;0.59;13.6;0.051;60.0;134.0;0.9613852047200138;2.96;0.39;0.5838926174496644;5;Medium;False;True
6.6;0.38;0.28;2.8;0.043;17.0;67.0;0.9521261236982425;3.21;0.47;0.8859060402684563;6;Medium;False;True
6.7;0.24;0.26;5.4;0.03;15.0;94.0;0.9532907274442242;3.15;0.38;0.8523489932885905;6;Medium;False;True
6.9;0.56;0.26;10.9;0.06;55.0;193.0;0.9594987391480105;3.21;0.44;0.6308724832214765;5;Medium;False;True
7.2;0.24;0.24;1.7;0.045;18.0;161.0;0.9547440759206144;3.25;0.53;0.7516778523489932;6;Medium;False;True
6.5;0.29;0.3;9.15;0.051;25.0;166.0;0.9561204258022291;3.24;0.56;0.7606263982102885;6;Medium;False;True
6.7;0.28;0.28;4.5;0.051;14.0;92.0;0.9550135710023292;3.36;0.58;0.7986577181208053;6;Medium;False;True
6.5;0.29;0.3;9.15;0.051;25.0;166.0;0.9561204258022291;3.24;0.56;0.761744966442953;6;Medium;False;True
6.1;0.21;0.19;1.4;0.046;51.0;131.0;0.954628578028451;3.22;0.39;0.7046979865771812;5;Medium;False;True
7.2;0.47;0.16;5.9;0.048;14.0;125.0;0.9569770351691081;3.09;0.49;0.6577181208053692;5;Medium;False;True
6.7;0.34;0.31;16.4;0.051;20.0;146.0;0.9608847138539721;3.06;0.54;0.610738255033557;5;Medium;False;True
6.6;0.27;0.25;1.2;0.033;36.0;111.0;0.9520683747521607;3.16;0.37;0.8322147651006712;6;Medium;False;True
5.0;0.35;0.25;7.8;0.031;24.0;116.0;0.9551771930162275;3.39;0.4;0.7583892617449665;6;Medium;False;True
4.4;0.46;0.1;2.8;0.024;31.0;111.0;0.9510866426687713;3.48;0.34;0.8791946308724832;6;Medium;False;True
6.6;0.38;0.29;2.9;0.035;15.0;101.0;0.9520491251034668;3.04;0.37;0.8389261744966443;6;Medium;False;True
7.3;0.3;0.25;2.5;0.045;32.0;122.0;0.9560241775587596;3.18;0.54;0.6912751677852349;5;Medium;False;True
6.4;0.28;0.22;12.8;0.039;51.0;150.0;0.9580068913742323;3.23;0.43;0.7181208053691275;6;Medium;False;True
6.9;0.29;0.25;12.2;0.04;29.0;136.0;0.9581705133881306;3.05;0.65;0.697986577181208;6;Medium;False;True
6.3;0.3;0.19;7.7;0.049;47.0;184.0;0.9578047700629464;3.22;0.48;0.6375838926174496;5;Medium;False;True
6.3;0.39;0.22;2.8;0.048;53.0;173.0;0.9557835569500857;3.24;0.45;0.6577181208053692;5;Medium;False;True
6.6;0.18;0.26;17.3;0.051;17.0;149.0;0.9609424628000538;3.0;0.43;0.6308724832214765;6;Medium;False;True
6.0;0.28;0.29;19.3;0.051;36.0;174.0;0.9616258253286878;3.14;0.5;0.6040268456375839;5;Medium;False;True
6.6;0.35;0.26;2.7;0.045;19.0;129.0;0.9523956187799572;3.24;0.48;0.87248322147651;7;High;False;True
5.9;0.22;0.18;6.4;0.041;28.0;120.0;0.9567364145604342;3.27;0.5;0.6644295302013423;5;Medium;False;True
7.7;0.28;0.24;2.4;0.044;29.0;157.0;0.9558605555448613;3.27;0.56;0.7114093959731543;6;Medium;False;True
7.1;0.42;0.2;2.8;0.038;28.0;109.0;0.9525496159695086;3.23;0.47;0.8993288590604027;6;Medium;False;True
6.7;0.32;0.32;1.7;0.031;31.0;114.0;0.9523378698338755;3.12;0.35;0.8389261744966443;6;Medium;False;True
6.6;0.26;0.56;15.4;0.053;32.0;141.0;0.9606537180696452;3.11;0.49;0.6241610738255033;5;Medium;False;True
6.2;0.32;0.24;4.1;0.051;34.0;149.0;0.9558028065987796;3.36;0.52;0.7382550335570469;5;Medium;False;True
6.3;0.25;0.27;6.6;0.054;40.0;158.0;0.9564957939517603;3.2;0.48;0.6912751677852349;5;Medium;False;True
6.2;0.21;0.24;1.2;0.051;31.0;95.0;0.9532041040251016;3.24;0.57;0.7583892617449665;6;Medium;False;True
6.4;0.23;0.27;2.1;0.042;35.0;100.0;0.953762343837225;3.03;0.63;0.7315436241610739;6;Medium;False;True
4.7;0.145;0.29;1.0;0.042;35.0;90.0;0.9536275962963676;3.76;0.49;0.7583892617449665;6;Medium;False;True
6.2;0.2;0.28;1.1;0.039;24.0;78.0;0.9527613621051416;3.36;0.47;0.8120805369127516;6;Medium;False;True
7.0;0.28;0.28;1.4;0.039;12.0;83.0;0.9545227049606344;3.18;0.65;0.7449664429530201;5;Medium;False;True
7.1;0.36;0.2;1.6;0.271;24.0;140.0;0.9562840478161273;3.11;0.63;0.6577181208053692;5;Medium;False;True
5.7;0.25;0.22;9.8;0.049;50.0;125.0;0.9583533850507228;3.2;0.45;0.6778523489932885;6;Medium;False;True
5.7;0.22;0.33;1.9;0.036;37.0;110.0;0.9523282450095286;3.26;0.58;0.8322147651006712;6;Medium;False;True
6.0;0.2;0.38;1.3;0.034;37.0;104.0;0.9515582590617722;3.11;0.52;0.8523489932885905;6;Medium;False;True
6.4;0.32;0.26;7.9;0.05;53.0;180.0;0.9578047700629464;3.14;0.5;0.6442953020134228;5;Medium;False;True
6.0;0.555;0.26;4.5;0.053;17.0;126.0;0.9569962848178021;3.24;0.46;0.610738255033557;5;Medium;False;True
5.9;0.22;0.45;22.6;0.12;55.0;122.0;0.958978998633275;3.1;0.35;0.8590604026845637;5;Medium;False;True
6.2;0.3;0.33;3.5;0.037;37.0;155.0;0.9527324876321007;3.18;0.37;0.8322147651006712;6;Medium;False;True
5.8;0.28;0.18;1.2;0.058;7.0;108.0;0.9556295597605343;3.23;0.58;0.6409395973154363;4;Low;False;True
5.8;0.555;0.26;4.5;0.053;17.0;126.0;0.9569962848178021;3.24;0.46;0.610738255033557;5;Medium;False;True
6.7;0.31;0.33;2.0;0.033;12.0;74.0;0.9534735991068163;3.29;0.65;0.8389261744966443;6;Medium;False;True
6.4;0.15;0.25;7.8;0.05;13.0;68.0;0.9566497911413117;3.16;0.4;0.6644295302013423;6;Medium;False;True
6.4;0.13;0.28;0.9;0.045;32.0;87.0;0.9545419546093283;3.47;0.52;0.7516778523489932;6;Medium;False;True
6.7;0.48;0.49;2.9;0.03;28.0;122.0;0.9521453733469364;3.13;0.4;0.87248322147651;6;Medium;False;True
5.8;0.3;0.33;3.5;0.033;25.0;116.0;0.9534062253363875;3.2;0.44;0.785234899328859;6;Medium;False;True
6.1;0.28;0.23;4.2;0.038;13.0;95.0;0.9518758782652216;2.97;0.7;0.8791946308724832;6;Medium;False;True
6.0;0.19;0.37;9.7;0.032;17.0;50.0;0.9559375541396369;3.08;0.66;0.8053691275167785;6;Medium;False;True
6.8;0.31;0.25;10.5;0.043;30.0;165.0;0.9597874838784192;3.36;0.55;0.7080536912751678;6;Medium;False;True
7.5;0.24;0.29;1.1;0.046;34.0;84.0;0.9530501068355502;3.04;0.39;0.7684563758389261;6;Medium;False;True
6.8;0.23;0.39;16.1;0.053;71.0;194.0;0.9613274557739321;3.18;0.64;0.6845637583892616;6;Medium;False;True
6.3;0.29;0.3;8.1;0.212;60.0;150.0;0.9584400084698455;3.1;0.4;0.6241610738255033;5;Medium;False;True
6.8;0.2;0.25;6.2;0.052;22.0;106.0;0.9562262988700456;3.09;0.54;0.7248322147651007;5;Medium;False;True
5.2;0.38;0.26;7.7;0.053;20.0;103.0;0.9552638164353501;3.27;0.45;0.8187919463087248;6;Medium;False;True
7.8;0.27;0.33;2.4;0.053;36.0;175.0;0.9547825752180022;3.2;0.55;0.7382550335570469;6;Medium;False;True
6.6;0.54;0.21;16.3;0.055;41.0;182.0;0.961134959286993;3.35;0.54;0.697986577181208;6;Medium;False;True
7.1;0.25;0.31;2.3;0.05;32.0;156.0;0.9542050857571849;3.14;0.51;0.7651006711409396;6;Medium;False;True
5.8;0.61;0.01;8.4;0.041;31.0;104.0;0.9537238445398372;3.26;0.72;0.9429530201342282;7;High;False;True
6.5;0.32;0.23;8.5;0.051;20.0;138.0;0.9569962848178021;3.03;0.42;0.7181208053691275;5;Medium;False;True
6.4;0.28;0.23;6.0;0.051;50.0;162.0;0.9567075400873933;3.15;0.52;0.6845637583892616;5;Medium;False;True
6.6;0.19;0.28;1.1;0.044;38.0;100.0;0.9532426033224893;3.22;0.69;0.7516778523489932;6;Medium;False;True
5.1;0.305;0.13;1.75;0.036;17.0;73.0;0.9528576103486112;3.4;0.51;0.8277404921700201;5;Medium;False;True
5.8;0.26;0.3;2.6;0.034;75.0;129.0;0.9530501068355502;3.2;0.38;0.7718120805369127;4;Low;False;True
6.7;0.23;0.17;1.3;0.061;14.0;100.0;0.9552638164353501;3.07;0.55;0.6375838926174496;5;Medium;False;True
6.8;0.33;0.3;2.1;0.047;35.0;147.0;0.9515101349400373;3.24;0.56;0.8993288590604027;6;Medium;False;True
6.1;0.27;0.32;1.1;0.034;24.0;110.0;0.9526651138616721;3.36;0.4;0.8389261744966443;6;Medium;False;True
6.8;0.4;0.29;2.8;0.044;27.0;97.0;0.9532426033224893;3.12;0.42;0.7516778523489932;6;Medium;False;True
6.1;0.4;0.18;9.0;0.051;28.5;259.0;0.9590174979306627;3.19;0.5;0.5906040268456376;5;Medium;False;True
7.1;0.28;0.26;2.8;0.039;50.0;118.0;0.9536275962963676;3.06;0.59;0.7516778523489932;6;Medium;False;True
6.2;0.32;0.32;2.2;0.036;15.0;70.0;0.9527613621051416;3.16;0.48;0.8523489932885905;6;Medium;False;True
6.8;0.17;0.17;5.1;0.049;26.0;82.0;0.9557450576526978;3.0;0.38;0.6577181208053692;6;Medium;False;True
9.0;0.2;0.33;3.5;0.049;10.0;40.0;0.9570925330612716;3.14;0.36;0.6577181208053692;6;Medium;False;True
5.8;0.13;0.22;12.7;0.058;24.0;183.0;0.9582475119829064;3.32;0.42;0.785234899328859;6;Medium;False;True
5.8;0.31;0.31;7.5;0.052;55.0;230.0;0.9575737742786194;3.19;0.46;0.6577181208053692;5;Medium;False;True
6.3;0.36;0.2;2.0;0.048;48.0;191.0;0.9556488094092283;3.17;0.51;0.6442953020134228;5;Medium;False;True
6.7;0.18;0.25;14.3;0.048;79.0;149.0;0.9600762286088279;3.12;0.37;0.6510067114093959;5;Medium;False;True
6.6;0.16;0.25;9.8;0.049;59.5;137.0;0.957670022522089;3.16;0.38;0.6711409395973155;6;Medium;False;True
5.8;0.27;0.22;12.7;0.058;42.0;206.0;0.9572850295482108;3.32;0.38;0.825503355704698;6;Medium;False;True
6.4;0.37;0.19;3.5;0.068;18.0;101.0;0.956130050626576;3.03;0.38;0.6040268456375839;6;Medium;False;True
7.3;0.26;0.53;12.7;0.047;60.5;164.5;0.9609424628000538;3.06;0.45;0.610738255033557;6;Medium;False;True
7.3;0.28;0.54;12.9;0.049;62.0;162.5;0.9609424628000538;3.06;0.45;0.610738255033557;6;Medium;False;True
5.8;0.12;0.21;1.3;0.056;35.0;121.0;0.9536275962963676;3.32;0.33;0.7651006711409396;6;Medium;False;True
6.1;0.25;0.18;10.5;0.049;41.0;124.0;0.9589212496871932;3.14;0.35;0.7046979865771812;5;Medium;False;True
6.4;0.24;0.27;1.5;0.04;35.0;105.0;0.9520298754547729;3.13;0.3;0.8322147651006712;6;Medium;False;True
7.3;0.26;0.53;12.7;0.047;60.5;156.0;0.9609424628000538;3.06;0.45;0.610738255033557;6;Medium;False;True
7.3;0.28;0.54;12.9;0.049;62.0;152.0;0.9609424628000538;3.06;0.45;0.610738255033557;6;Medium;False;True
8.3;0.18;0.37;1.2;0.049;6.0;94.0;0.9564187953569847;3.18;0.52;0.6778523489932885;5;Medium;False;True
7.1;0.09;0.3;6.2;0.032;24.0;134.0;0.9557450576526978;2.99;0.39;0.7315436241610739;6;Medium;False;True
8.3;0.14;0.36;8.8;0.026;13.0;60.0;0.9582475119829064;3.13;0.35;0.7416107382550335;5;Medium;False;True
5.8;0.28;0.3;3.9;0.026;36.0;105.0;0.9525014918477738;3.26;0.58;0.8557046979865771;6;Medium;False;True
6.0;0.23;0.34;1.3;0.025;23.0;111.0;0.9524822421990798;3.36;0.37;0.8523489932885905;6;Medium;False;True
6.9;0.28;0.37;9.1;0.037;16.0;76.0;0.9574775260351499;3.05;0.54;0.7449664429530201;5;Medium;False;True
6.3;0.25;0.53;1.8;0.021;41.0;101.0;0.9521983098808448;3.19;0.31;0.87248322147651;6;Medium;False;True
6.5;0.2;0.31;2.1;0.033;32.0;95.0;0.9523138077730081;2.96;0.61;0.8053691275167785;6;Medium;False;True
5.9;0.29;0.32;1.4;0.022;17.0;47.0;0.9527613621051416;3.35;0.35;0.7718120805369127;6;Medium;False;True
6.4;0.46;0.22;14.7;0.047;51.0;183.0;0.960822152495717;3.39;0.6;0.7046979865771812;5;Medium;False;True
6.8;0.23;0.33;1.9;0.047;20.0;101.0;0.9542050857571849;3.1;0.46;0.7449664429530201;6;Medium;False;True
7.0;0.23;0.32;1.8;0.048;25.0;113.0;0.9543013340006545;3.11;0.47;0.7449664429530201;6;Medium;False;True
6.4;0.55;0.26;9.6;0.027;20.0;104.0;0.9551675681918804;3.22;0.73;0.8791946308724832;6;Medium;False;True
5.7;0.28;0.3;3.9;0.026;36.0;105.0;0.9525014918477738;3.26;0.58;0.8557046979865771;6;Medium;False;True
6.8;0.45;0.3;11.8;0.094;23.0;97.0;0.9595949873914801;3.09;0.44;0.6442953020134228;5;Medium;False;True
6.1;0.2;0.4;1.9;0.028;32.0;138.0;0.9542050857571849;3.26;0.72;0.785234899328859;5;Medium;False;True
6.1;0.37;0.46;12.0;0.042;61.0;210.0;0.9595949873914801;3.17;0.59;0.6510067114093959;6;Medium;False;True
5.9;0.21;0.23;7.9;0.033;22.0;130.0;0.9570925330612716;3.38;0.59;0.7315436241610739;6;Medium;False;True
6.9;0.22;0.32;9.3;0.04;22.0;110.0;0.9584400084698455;3.34;0.54;0.7181208053691275;7;High;False;True
5.4;0.27;0.22;4.6;0.022;29.0;107.0;0.9517892548460991;3.33;0.54;0.9261744966442953;6;Medium;False;True
6.0;0.26;0.26;2.2;0.035;10.0;72.0;0.952342682246049;3.11;0.48;0.8154362416107382;6;Medium;False;True
5.6;0.18;0.3;10.2;0.028;28.0;131.0;0.9580550154959672;3.49;0.42;0.7248322147651007;7;High;False;True
5.6;0.26;0.27;10.6;0.03;27.0;119.0;0.9573812777916804;3.4;0.34;0.7181208053691275;7;High;False;True
7.0;0.23;0.35;1.4;0.036;31.0;113.0;0.9540125892702458;3.16;0.48;0.7248322147651007;7;High;False;True
5.8;0.28;0.66;9.1;0.039;26.0;159.0;0.9591137461741324;3.66;0.55;0.7248322147651007;5;Medium;False;True
8.6;0.36;0.26;11.1;0.03;43.5;171.0;0.9574775260351499;3.03;0.49;0.8053691275167785;5;Medium;False;True
6.4;0.3;0.27;4.4;0.055;17.0;135.0;0.9552638164353501;3.23;0.44;0.8187919463087248;6;Medium;False;True
6.2;0.2;0.32;2.8;0.05;17.0;126.0;0.9563225471135152;3.18;0.55;0.6308724832214765;6;Medium;False;True
5.8;0.29;0.15;1.1;0.029;12.0;83.0;0.9526651138616721;3.3;0.4;0.7651006711409396;6;Medium;False;True
5.7;0.22;0.28;1.3;0.027;26.0;101.0;0.9523571194825694;3.35;0.38;0.8389261744966443;7;High;False;True
5.6;0.22;0.32;1.2;0.024;29.0;97.0;0.9511540164392001;3.2;0.46;0.8758389261744967;7;High;False;True
6.8;0.32;0.23;3.3;0.026;31.0;99.0;0.9524726173747329;3.1;0.4;0.8322147651006712;6;Medium;False;True
6.2;0.2;0.26;9.7;0.03;39.0;102.0;0.9536275962963676;3.08;0.56;0.8657718120805369;7;High;False;True
6.1;0.35;0.24;2.3;0.034;25.0;133.0;0.9534350998094285;3.34;0.59;0.8053691275167785;7;High;False;True
5.9;0.3;0.29;1.1;0.036;23.0;56.0;0.9532426033224893;3.19;0.38;0.7583892617449665;5;Medium;False;True
6.3;0.15;0.34;11.4;0.05;25.0;96.0;0.9601147279062157;3.21;0.49;0.6711409395973155;6;Medium;False;True
4.8;0.13;0.32;1.2;0.042;40.0;98.0;0.9526651138616721;3.42;0.64;0.7919463087248323;7;High;False;True
6.0;0.2;0.26;14.7;0.045;53.0;125.0;0.9609087759148395;2.99;0.69;0.6308724832214765;6;Medium;False;True
5.7;0.2;0.24;13.8;0.047;44.0;112.0;0.960913588327013;2.97;0.66;0.5906040268456376;6;Medium;False;True
6.0;0.27;0.26;1.3;0.038;32.0;138.0;0.9540607133919805;3.46;0.43;0.7449664429530201;6;Medium;False;True
6.3;0.37;0.51;6.3;0.048;35.0;146.0;0.9569962848178021;3.1;1.01;0.7046979865771812;6;Medium;False;True
6.4;0.23;0.37;7.9;0.05;60.0;150.0;0.9575545246299255;2.86;0.49;0.6241610738255033;6;Medium;False;True
5.9;0.34;0.25;2.0;0.042;12.0;110.0;0.9531848543764077;3.02;0.54;0.7651006711409396;6;Medium;False;True
5.0;0.33;0.23;11.8;0.03;23.0;158.0;0.9559568037883308;3.41;0.64;0.7919463087248323;6;Medium;False;True
5.4;0.29;0.38;1.2;0.029;31.0;132.0;0.9518470037921808;3.28;0.36;0.8322147651006712;6;Medium;False;True
8.0;0.33;0.35;10.0;0.035;22.0;108.0;0.9572561550751698;3.12;0.36;0.7785234899328859;6;Medium;False;True
6.4;0.3;0.33;5.2;0.05;30.0;137.0;0.9557835569500857;3.26;0.58;0.7449664429530201;5;Medium;False;True
6.4;0.33;0.3;7.2;0.041;42.0;168.0;0.9560434272074535;3.22;0.49;0.7449664429530201;6;Medium;False;True
7.0;0.33;0.78;9.9;0.042;21.0;251.0;0.9570444089395368;3.01;0.55;0.7382550335570469;6;Medium;False;True
6.7;0.45;0.3;5.3;0.036;27.0;165.0;0.9540318389189397;3.12;0.46;0.8187919463087248;6;Medium;False;True
6.5;0.36;0.31;13.55;0.053;20.0;113.0;0.958093514793355;3.2;0.56;0.7382550335570469;6;Medium;False;True
5.8;0.42;0.3;2.2;0.035;26.0;129.0;0.9518951279139155;3.32;0.47;0.8657718120805369;6;Medium;False;True
7.1;0.39;0.3;9.9;0.037;29.0;124.0;0.9568422876282507;3.07;0.42;0.7315436241610739;6;Medium;False;True
6.7;0.53;0.29;4.3;0.069;20.0;114.0;0.9529923578894686;3.22;0.59;0.8993288590604027;6;Medium;False;True
6.7;0.66;0.0;13.0;0.033;32.0;75.0;0.9581608885637837;3.15;0.5;0.7181208053691275;6;Medium;False;True
6.5;0.16;0.33;1.0;0.027;23.0;75.0;0.9536275962963676;3.3;0.39;0.7651006711409396;7;High;False;True
8.3;0.22;0.34;1.1;0.043;20.0;116.0;0.9554563129222892;3.0;0.47;0.6845637583892616;6;Medium;False;True
6.9;0.23;0.35;6.9;0.03;45.0;116.0;0.9552060674892683;2.8;0.54;0.7382550335570469;6;Medium;False;True
6.4;0.17;0.34;13.4;0.044;45.0;139.0;0.9600954782575217;3.06;0.43;0.610738255033557;6;Medium;False;True
5.0;0.33;0.18;4.6;0.032;40.0;124.0;0.9539548403241641;3.18;0.4;0.7382550335570469;6;Medium;False;True
6.8;0.38;0.29;9.9;0.037;40.0;146.0;0.9559953030857187;3.11;0.37;0.7718120805369127;6;Medium;False;True
6.5;0.29;0.32;3.0;0.036;38.0;93.0;0.9534350998094285;3.16;0.59;0.8053691275167785;6;Medium;False;True
6.9;0.29;0.32;5.8;0.04;16.0;112.0;0.9557450576526978;3.04;0.58;0.7516778523489932;5;Medium;False;True
6.6;0.28;0.3;12.9;0.033;31.0;177.0;0.9574679012108028;3.12;0.39;0.7516778523489932;6;Medium;False;True
6.2;0.36;0.27;3.2;0.032;13.0;73.0;0.9522993705364876;2.9;0.69;0.8456375838926175;7;High;False;True
6.0;0.615;0.04;0.8;0.032;8.0;50.0;0.9532041040251016;3.14;0.4;0.7382550335570469;4;Low;False;True
5.9;0.44;0.36;2.5;0.03;12.0;73.0;0.9547922000423492;3.22;0.48;0.7248322147651007;6;Medium;False;True
5.9;0.42;0.36;2.4;0.034;19.0;77.0;0.954628578028451;3.25;0.48;0.7315436241610739;5;Medium;False;True
5.8;0.34;0.21;7.2;0.041;48.0;146.0;0.9571021578856186;3.16;0.49;0.6577181208053692;5;Medium;False;True
5.8;0.27;0.2;7.3;0.04;42.0;145.0;0.9571117827099656;3.15;0.48;0.6577181208053692;5;Medium;False;True
7.1;0.33;0.18;6.3;0.094;27.0;166.0;0.9574197770890681;2.9;0.49;0.6375838926174496;5;Medium;False;True
6.1;0.44;0.28;4.25;0.032;43.0;132.0;0.9543975822441241;3.26;0.47;0.7561521252796443;7;High;False;True
7.3;0.28;0.37;1.2;0.039;26.0;99.0;0.9547633255693083;3.01;0.62;0.7248322147651007;5;Medium;False;True
5.2;0.5;0.18;2.0;0.036;23.0;129.0;0.9523667443069164;3.36;0.77;0.8993288590604027;7;High;False;True
6.1;0.44;0.28;4.25;0.032;43.0;132.0;0.9543975822441241;3.26;0.47;0.7583892617449665;7;High;False;True
6.4;0.62;0.12;4.7;0.06;33.0;196.0;0.9582090126855185;3.22;0.48;0.5973154362416108;5;Medium;False;True
6.4;0.38;0.19;4.5;0.038;36.0;119.0;0.9543109588250014;3.07;0.42;0.7516778523489932;6;Medium;False;True
7.5;0.305;0.38;1.4;0.047;30.0;95.0;0.9543783325954301;3.22;0.52;0.7718120805369127;7;High;False;True
6.5;0.5;0.22;4.1;0.036;35.0;131.0;0.9530501068355502;3.26;0.55;0.87248322147651;7;High;False;True
6.6;0.4;0.3;5.3;0.038;20.0;125.0;0.9548210745153901;3.36;0.73;0.8456375838926175;6;Medium;False;True
6.4;0.4;0.25;4.2;0.032;15.0;91.0;0.9527421124564477;3.26;0.52;0.8791946308724832;6;Medium;False;True
8.3;0.49;0.23;6.65;0.034;6.0;158.0;0.9561685499239638;3.05;0.48;0.7516778523489932;5;Medium;False;True
6.3;0.3;0.91;8.2;0.034;50.0;199.0;0.9566497911413117;3.39;0.49;0.785234899328859;6;Medium;False;True
6.1;0.19;0.37;2.6;0.041;24.0;99.0;0.9543302084736953;3.18;0.5;0.7315436241610739;6;Medium;False;True
5.6;0.24;0.34;2.0;0.041;14.0;73.0;0.9526747386860189;3.04;0.45;0.7785234899328859;7;High;False;True
5.7;0.25;0.32;12.2;0.041;43.0;127.0;0.9579010183064159;3.23;0.53;0.697986577181208;7;High;False;True
6.6;0.21;0.39;2.3;0.041;31.0;102.0;0.9549846965292884;3.22;0.58;0.7315436241610739;7;High;False;True
6.2;0.28;0.41;5.0;0.043;50.0;188.0;0.955918304490943;3.23;0.64;0.7248322147651007;6;Medium;False;True
5.8;0.29;0.38;10.7;0.038;49.0;136.0;0.9563802960595968;3.11;0.59;0.7516778523489932;6;Medium;False;True
5.8;0.345;0.15;10.8;0.033;26.0;120.0;0.9576122735760073;3.25;0.49;0.6711409395973155;6;Medium;False;True
6.5;0.51;0.25;1.7;0.048;39.0;177.0;0.9548980731101657;3.28;0.57;0.7091722595078322;5;Medium;False;True
6.0;0.24;0.41;1.3;0.036;42.0;118.0;0.9530308571868563;3.04;0.64;0.7874720357941812;6;Medium;False;True
6.5;0.51;0.25;1.7;0.048;39.0;177.0;0.9548980731101657;3.28;0.57;0.7114093959731543;5;Medium;False;True
6.9;0.54;0.26;12.7;0.049;59.0;195.0;0.9585940056593967;3.26;0.54;0.7046979865771812;6;Medium;False;True
6.0;0.24;0.41;1.3;0.036;42.0;118.0;0.9530308571868563;3.04;0.64;0.7885906040268457;6;Medium;False;True
6.6;0.26;0.36;1.2;0.035;43.0;126.0;0.953762343837225;3.01;0.63;0.7651006711409396;6;Medium;False;True
5.7;0.24;0.3;1.3;0.03;25.0;98.0;0.9525496159695086;3.37;0.43;0.8322147651006712;7;High;False;True
6.5;0.21;0.35;5.7;0.043;47.0;197.0;0.9566305414926177;3.24;0.5;0.6778523489932885;6;Medium;False;True
6.8;0.29;0.22;3.4;0.035;40.0;122.0;0.9530886061329381;3.09;0.47;0.825503355704698;6;Medium;False;True
5.0;0.24;0.34;1.1;0.034;49.0;158.0;0.9506824000461991;3.32;0.32;0.8791946308724832;7;High;False;True
5.9;0.18;0.28;1.0;0.037;24.0;88.0;0.953762343837225;3.29;0.55;0.714765100671141;7;High;False;True
5.8;0.26;0.29;1.0;0.042;35.0;101.0;0.9532811026198772;3.36;0.48;0.7651006711409396;7;High;False;True
6.7;0.61;0.21;1.65;0.117;40.0;240.0;0.9565150436004543;3.11;0.57;0.6241610738255033;5;Medium;False;True
5.7;0.695;0.06;6.8;0.042;9.0;84.0;0.957015534466496;3.44;0.44;0.6845637583892616;5;Medium;False;True
5.6;0.695;0.06;6.8;0.042;9.0;84.0;0.957015534466496;3.44;0.44;0.6845637583892616;5;Medium;False;True
5.7;0.39;0.25;4.9;0.033;49.0;113.0;0.9525303663208147;3.26;0.58;0.8791946308724832;7;High;False;True
6.1;0.38;0.47;1.4;0.051;59.0;210.0;0.9558316810718205;3.24;0.5;0.6442953020134228;5;Medium;False;True
6.3;0.36;0.28;2.5;0.035;18.0;73.0;0.951587133534813;3.1;0.47;0.8590604026845637;7;High;False;True
6.0;0.29;0.41;10.8;0.048;55.0;149.0;0.9564187953569847;3.09;0.59;0.7360178970917248;7;High;False;True
6.0;0.29;0.41;10.8;0.048;55.0;149.0;0.9564187953569847;3.09;0.59;0.7382550335570469;7;High;False;True
7.1;0.43;0.25;2.8;0.036;43.0;132.0;0.9526169897399372;3.21;0.47;0.8993288590604027;6;Medium;False;True
6.6;0.25;0.25;1.3;0.04;28.0;85.0;0.9527036131590599;2.87;0.48;0.7516778523489932;6;Medium;False;True
6.6;0.33;0.41;2.0;0.027;14.0;79.0;0.9534639742824693;3.27;0.63;0.8322147651006712;6;Medium;False;True
8.0;0.23;0.41;1.1;0.048;35.0;150.0;0.9544745808388997;3.09;0.47;0.7516778523489932;5;Medium;False;True
7.3;0.17;0.36;8.2;0.028;44.0;111.0;0.9554755625709831;3.14;0.41;0.8322147651006712;6;Medium;False;True
6.0;0.17;0.33;6.0;0.036;30.0;111.0;0.956341796762209;3.32;0.58;0.6800894854586108;7;High;False;True
6.1;0.16;0.34;6.1;0.034;31.0;114.0;0.95637067123525;3.32;0.58;0.6800894854586108;7;High;False;True
6.4;0.31;0.53;8.8;0.057;36.0;221.0;0.9590367475793566;3.17;0.44;0.610738255033557;5;Medium;False;True
6.1;0.16;0.34;6.1;0.034;31.0;114.0;0.95637067123525;3.32;0.58;0.6812080536912751;7;High;False;True
6.0;0.17;0.33;6.0;0.036;30.0;111.0;0.956341796762209;3.32;0.58;0.6812080536912751;7;High;False;True
5.9;0.44;0.33;1.2;0.049;12.0;117.0;0.9541473368111032;3.46;0.44;0.7718120805369127;5;Medium;False;True
6.6;0.285;0.49;11.4;0.035;57.0;137.0;0.9599029817705826;3.08;0.54;0.5973154362416108;6;Medium;False;True
4.9;0.335;0.14;1.3;0.036;69.0;168.0;0.9548980731101657;3.47;0.46;0.7024608501118591;5;Medium;False;True
6.0;0.28;0.52;6.2;0.028;37.0;104.0;0.9544072070684709;3.28;0.51;0.7919463087248323;7;High;False;True
5.8;0.35;0.29;3.2;0.034;41.0;151.0;0.9540125892702458;3.35;0.58;0.7807606263982081;7;High;False;True
5.7;0.21;0.37;4.5;0.04;58.0;140.0;0.9560530520318004;3.29;0.62;0.7114093959731543;6;Medium;False;True
6.5;0.25;0.32;9.9;0.045;41.0;128.0;0.958978998633275;3.18;0.52;0.6442953020134228;6;Medium;False;True
4.7;0.335;0.14;1.3;0.036;69.0;168.0;0.9548980731101657;3.47;0.46;0.7046979865771812;5;Medium;False;True
6.8;0.63;0.04;1.3;0.058;25.0;133.0;0.9554659377466361;3.17;0.39;0.6845637583892616;4;Low;False;True
5.6;0.27;0.37;0.9;0.025;11.0;49.0;0.9513657625748331;3.29;0.33;0.8791946308724832;6;Medium;False;True
6.8;0.32;0.33;0.7;0.027;15.0;66.0;0.9527613621051416;3.11;0.31;0.7919463087248323;6;Medium;False;True
6.5;0.33;0.32;1.0;0.041;39.0;120.0;0.952896109645999;3.06;0.37;0.8187919463087248;6;Medium;False;True
6.0;0.24;0.34;1.0;0.036;52.0;184.0;0.9537912183102658;3.44;0.44;0.7684563758389261;6;Medium;False;True
7.2;0.26;0.32;10.4;0.062;23.0;114.0;0.9592099944176019;3.23;0.49;0.7046979865771812;5;Medium;False;True
6.7;0.16;0.32;12.5;0.035;18.0;156.0;0.9592677433636836;2.88;0.36;0.6040268456375839;6;Medium;False;True
6.9;0.19;0.31;19.25;0.043;38.0;167.0;0.9620396927756069;2.93;0.52;0.610738255033557;7;High;False;True
6.0;0.36;0.32;1.1;0.053;26.0;173.0;0.9568422876282507;3.38;0.54;0.5906040268456376;5;Medium;False;True
6.7;0.35;0.32;9.0;0.032;29.0;113.0;0.9546670773258388;3.13;0.65;0.8657718120805369;7;High;False;True
6.1;0.15;0.4;1.2;0.03;19.0;84.0;0.9521453733469364;3.19;0.96;0.87248322147651;6;Medium;False;True
7.0;0.27;0.74;1.3;0.173;34.0;121.0;0.9560723016804943;3.04;0.46;0.6174496644295301;6;Medium;False;True
6.8;0.3;0.33;12.8;0.041;60.0;168.0;0.9592003695932548;3.1;0.56;0.6577181208053692;5;Medium;False;True
6.4;0.69;0.09;7.6;0.044;34.0;144.0;0.9574775260351499;3.26;0.38;0.6778523489932885;6;Medium;False;True
5.9;0.12;0.28;1.4;0.037;36.0;83.0;0.9535698473502858;3.33;0.42;0.7315436241610739;7;High;False;True
6.3;0.36;0.5;8.3;0.053;51.0;202.0;0.9581512637394368;3.2;0.51;0.6442953020134228;6;Medium;False;True
5.7;0.27;0.16;9.0;0.053;32.0;111.0;0.9574197770890681;3.36;0.37;0.697986577181208;6;Medium;False;True
6.1;0.22;0.4;1.85;0.031;25.0;111.0;0.9525303663208147;3.03;0.3;0.7919463087248323;7;High;False;True
5.6;0.205;0.16;12.55;0.051;31.0;115.0;0.9582860112802941;3.4;0.38;0.7248322147651007;6;Medium;False;True
7.2;0.33;0.28;1.4;0.034;26.0;109.0;0.9552253171379622;3.28;0.57;0.7114093959731543;6;Medium;False;True
5.9;0.21;0.31;1.8;0.033;45.0;142.0;0.9527036131590599;3.35;0.5;0.8523489932885905;6;Medium;False;True
5.4;0.33;0.31;4.0;0.03;27.0;108.0;0.9531559799033668;3.3;0.43;0.8187919463087248;7;High;False;True
5.4;0.205;0.16;12.55;0.051;31.0;115.0;0.9582860112802941;3.4;0.38;0.7248322147651007;6;Medium;False;True
6.4;0.28;0.28;3.0;0.04;19.0;98.0;0.9549365724075536;3.25;0.47;0.7449664429530201;6;Medium;False;True
6.7;0.15;0.32;7.9;0.034;17.0;81.0;0.9577855204142525;3.29;0.31;0.6711409395973155;6;Medium;False;True
5.5;0.315;0.38;2.6;0.033;10.0;69.0;0.9537238445398372;3.12;0.59;0.7248322147651007;6;Medium;False;True
4.8;0.225;0.38;1.2;0.074;47.0;130.0;0.9541280871624093;3.31;0.4;0.6912751677852349;6;Medium;False;True
5.2;0.24;0.15;7.1;0.043;32.0;134.0;0.9564957939517603;3.24;0.48;0.6644295302013423;6;Medium;False;True
6.6;0.27;0.32;1.3;0.044;18.0;93.0;0.9532811026198772;3.11;0.56;0.8221476510067114;5;Medium;False;True
6.1;0.32;0.33;10.7;0.036;27.0;98.0;0.957872143833375;3.34;0.52;0.6845637583892616;6;Medium;False;True
6.0;0.25;0.28;7.7;0.053;37.0;132.0;0.9575641494542725;3.06;0.5;0.6308724832214765;6;Medium;False;True
6.4;0.42;0.46;8.4;0.05;58.0;180.0;0.9576218984003542;3.18;0.46;0.6510067114093959;6;Medium;False;True
6.9;0.31;0.33;12.7;0.038;33.0;116.0;0.9580550154959672;3.04;0.65;0.697986577181208;6;Medium;False;True
6.3;0.48;0.48;1.8;0.035;35.0;96.0;0.9540222140945928;3.49;0.74;0.8187919463087248;6;Medium;False;True
7.2;0.21;0.31;10.5;0.035;36.0;122.0;0.957458276386456;3.12;0.4;0.7114093959731543;6;Medium;False;True
6.8;0.32;0.43;1.6;0.05;4.0;65.0;0.9561877995726578;3.27;0.47;0.7181208053691275;5;Medium;False;True
7.9;0.3;0.6;1.85;0.048;13.0;106.0;0.9560434272074535;3.24;0.49;0.7953020134228187;5;Medium;False;True
5.3;0.31;0.38;10.5;0.031;53.0;140.0;0.955947178963984;3.34;0.46;0.785234899328859;6;Medium;False;True
5.2;0.185;0.22;1.0;0.03;47.0;123.0;0.9549558220562474;3.55;0.44;0.6812080536912751;6;Medium;False;True
5.5;0.16;0.31;1.2;0.026;31.0;68.0;0.9526651138616721;3.33;0.44;0.7807606263982081;6;Medium;False;True
6.0;0.17;0.36;1.7;0.042;14.0;61.0;0.9542435850545727;3.22;0.54;0.7248322147651007;6;Medium;False;True
6.0;0.16;0.36;1.6;0.042;13.0;61.0;0.9542339602302258;3.22;0.54;0.7248322147651007;6;Medium;False;True
6.1;0.24;0.32;9.0;0.031;41.0;134.0;0.9551098192457987;3.25;0.26;0.825503355704698;7;High;False;True
5.5;0.3;0.25;1.9;0.029;33.0;118.0;0.9525881152668965;3.36;0.66;0.8389261744966443;6;Medium;False;True
5.5;0.16;0.31;1.2;0.026;31.0;68.0;0.9526651138616721;3.33;0.44;0.7818791946308725;6;Medium;False;True
6.0;0.32;0.46;1.5;0.05;56.0;189.0;0.9558220562474734;3.24;0.49;0.6442953020134228;5;Medium;False;True
6.1;0.27;0.31;3.9;0.034;42.0;137.0;0.9549558220562474;3.24;0.46;0.7315436241610739;6;Medium;False;True
6.0;0.27;0.32;3.6;0.035;36.0;133.0;0.9549269475832066;3.23;0.46;0.7248322147651007;6;Medium;False;True
6.0;0.14;0.37;1.2;0.032;63.0;148.0;0.9546382028527979;3.32;0.44;0.7516778523489932;5;Medium;False;True
5.0;0.24;0.19;5.0;0.043;17.0;101.0;0.9570732834125778;3.67;0.57;0.6711409395973155;5;Medium;False;True
6.1;0.26;0.25;2.9;0.047;289.0;440.0;0.9558798051935552;3.44;0.64;0.7046979865771812;3;Low;False;True
6.3;0.23;0.5;10.4;0.043;61.0;132.0;0.9580742651446611;2.86;0.46;0.610738255033557;6;Medium;False;True
5.6;0.26;0.5;11.4;0.029;25.0;93.0;0.9569770351691081;3.23;0.49;0.7046979865771812;6;Medium;False;True
6.1;0.34;0.24;18.35;0.05;33.0;184.0;0.9619338197077903;3.12;0.61;0.6241610738255033;5;Medium;False;True
6.2;0.35;0.25;18.4;0.051;28.0;182.0;0.9619626941808312;3.13;0.62;0.6241610738255033;6;Medium;False;True
7.3;0.36;0.62;7.1;0.033;48.0;185.0;0.9574005274403743;3.14;0.62;0.7114093959731543;6;Medium;False;True
5.1;0.25;0.36;1.3;0.035;40.0;78.0;0.951991376157385;3.23;0.64;0.8120805369127516;7;High;False;True
5.5;0.16;0.26;1.5;0.032;35.0;100.0;0.9535890969989798;3.43;0.77;0.8053691275167785;6;Medium;False;True
6.4;0.19;0.35;10.2;0.043;40.0;106.0;0.9589404993358871;3.16;0.5;0.6510067114093959;6;Medium;False;True
6.6;0.29;0.73;2.2;0.027;21.0;92.0;0.9528576103486112;3.12;0.48;0.8322147651006712;6;Medium;False;True
6.0;0.38;0.26;3.5;0.035;38.0;111.0;0.9516256328322008;3.18;0.47;0.9127516778523489;7;High;False;True
6.5;0.2;0.35;3.9;0.04;27.0;140.0;0.9538393424320006;2.98;0.53;0.7919463087248323;6;Medium;False;True
6.6;0.17;0.26;7.4;0.052;45.0;128.0;0.9565920421952299;3.16;0.37;0.6711409395973155;6;Medium;False;True
6.2;0.15;0.27;11.0;0.035;46.0;116.0;0.9586517546054785;3.12;0.38;0.610738255033557;6;Medium;False;True
5.9;0.48;0.3;1.5;0.037;19.0;78.0;0.9534062253363875;3.47;0.42;0.7986577181208053;7;High;False;True
5.3;0.4;0.25;3.9;0.031;45.0;130.0;0.953550597701592;3.31;0.58;0.7885906040268457;7;High;False;True
5.9;0.26;0.29;5.4;0.046;34.0;116.0;0.9550135710023292;3.24;0.41;0.7651006711409396;6;Medium;False;True
5.2;0.3;0.34;1.5;0.038;18.0;96.0;0.9522993705364876;3.56;0.48;0.87248322147651;8;High;False;True
6.4;0.32;0.25;5.0;0.055;28.0;138.0;0.9545034553119405;3.27;0.5;0.8322147651006712;8;High;False;True
6.6;0.19;0.25;1.2;0.052;34.0;181.0;0.9562455485187394;3.3;0.42;0.6308724832214765;7;High;False;True
6.8;0.27;0.3;13.0;0.047;69.0;160.0;0.9596431115132149;3.16;0.5;0.6442953020134228;6;Medium;False;True
6.4;0.28;0.45;8.6;0.057;47.0;223.0;0.9591522454715201;3.16;0.51;0.610738255033557;5;Medium;False;True
5.2;0.21;0.31;1.7;0.048;17.0;61.0;0.9524052436043042;3.24;0.37;0.8053691275167785;7;High;False;True
7.1;0.24;0.34;1.2;0.045;6.0;132.0;0.9541280871624093;3.16;0.46;0.7516778523489932;4;Low;False;True
5.0;0.27;0.4;1.2;0.076;42.0;124.0;0.9548210745153901;3.32;0.47;0.6778523489932885;6;Medium;False;True
5.8;0.27;0.4;1.2;0.076;47.0;130.0;0.9546382028527979;3.13;0.45;0.6912751677852349;6;Medium;False;True
5.9;0.27;0.32;2.0;0.034;31.0;102.0;0.9523956187799572;3.16;0.56;0.825503355704698;6;Medium;False;True
5.8;0.315;0.19;19.4;0.031;28.0;106.0;0.9596334866888679;2.97;0.4;0.7080536912751678;6;Medium;False;True
6.0;0.59;0.0;0.8;0.037;30.0;95.0;0.9531656047277137;3.1;0.4;0.7315436241610739;4;Low;False;True
5.8;0.3;0.09;6.3;0.042;36.0;138.0;0.9565342932491482;3.15;0.48;0.6510067114093959;5;Medium;False;True
5.6;0.3;0.1;6.4;0.043;34.0;142.0;0.9565342932491482;3.14;0.48;0.6577181208053692;5;Medium;False;True
6.7;0.3;0.5;12.1;0.045;38.0;127.0;0.9599799803653583;3.04;0.53;0.5973154362416108;6;Medium;False;True
6.4;0.31;0.31;12.9;0.045;55.0;161.0;0.958112764442049;3.02;0.59;0.6845637583892616;5;Medium;False;True
6.9;0.25;0.29;2.4;0.038;28.0;76.0;0.9537045948911432;3.01;0.36;0.785234899328859;7;High;False;True
4.4;0.32;0.39;4.3;0.03;31.0;127.0;0.9519336272113034;3.46;0.36;0.8590604026845637;8;High;False;True
3.9;0.225;0.4;4.2;0.03;29.0;118.0;0.9518951279139155;3.57;0.36;0.8590604026845637;8;High;False;True
5.5;0.62;0.33;1.7;0.037;24.0;118.0;0.9505284028566479;3.15;0.39;0.9093959731543625;6;Medium;False;True
6.2;0.3;0.42;2.2;0.036;28.0;128.0;0.9529538585920807;3.13;0.38;0.7785234899328859;6;Medium;False;True
4.7;0.785;0.0;3.4;0.036;23.0;134.0;0.9526747386860189;3.53;0.92;0.9261744966442953;6;Medium;False;True
6.0;0.31;0.32;7.4;0.175;47.0;159.0;0.9578625190090281;3.19;0.5;0.6308724832214765;6;Medium;False;True
6.0;0.32;0.3;7.3;0.174;46.0;159.0;0.9578528941846811;3.18;0.49;0.6308724832214765;5;Medium;False;True
6.4;0.105;0.29;1.1;0.035;44.0;140.0;0.9542243354058788;3.17;0.55;0.7181208053691275;7;High;False;True
5.7;0.33;0.32;1.4;0.043;28.0;93.0;0.9525688656182025;3.31;0.5;0.825503355704698;6;Medium;False;True
5.9;0.32;0.19;14.5;0.042;37.0;115.0;0.9594409902019287;3.16;0.43;0.6912751677852349;5;Medium;False;True
6.2;0.26;0.2;8.0;0.047;35.0;111.0;0.9571406571830063;3.11;0.42;0.697986577181208;6;Medium;False;True
6.0;0.2;0.33;1.1;0.039;45.0;126.0;0.9533484763903058;3.31;0.45;0.7785234899328859;7;High;False;True
5.8;0.28;0.34;2.2;0.037;24.0;125.0;0.9527228628077538;3.36;0.33;0.8590604026845637;8;High;False;True
6.4;0.31;0.5;5.8;0.038;42.0;111.0;0.9546767021501857;3.18;0.53;0.7986577181208053;7;High;False;True
6.0;0.35;0.46;0.9;0.033;9.0;65.0;0.952222371941712;3.24;0.35;0.8120805369127516;4;Low;False;True
5.1;0.26;0.34;6.4;0.034;26.0;99.0;0.9571791564803942;3.23;0.41;0.6174496644295301;6;Medium;False;True
6.6;0.28;0.09;10.9;0.051;37.0;131.0;0.958305260928988;2.93;0.62;0.6375838926174496;6;Medium;False;True
6.0;0.17;0.3;7.3;0.039;39.0;104.0;0.9552830660840439;2.91;0.57;0.7382550335570469;6;Medium;False;True
7.3;0.35;0.67;8.3;0.053;10.0;100.0;0.958536256713315;3.19;0.5;0.7315436241610739;5;Medium;False;True
6.0;0.26;0.24;1.3;0.053;66.0;150.0;0.9551675681918804;3.21;0.62;0.697986577181208;6;Medium;False;True
5.4;0.375;0.4;3.3;0.054;29.0;147.0;0.9574967756838438;3.42;0.52;0.610738255033557;5;Medium;False;True
7.0;0.17;0.42;1.0;0.075;19.0;71.0;0.9538489672563475;3.32;0.62;0.7651006711409396;6;Medium;False;True
5.1;0.26;0.33;1.1;0.027;46.0;113.0;0.9523378698338755;3.35;0.43;0.7651006711409396;7;High;False;True
5.8;0.36;0.5;1.0;0.127;63.0;178.0;0.9548980731101657;3.1;0.45;0.6510067114093959;5;Medium;False;True
5.7;0.4;0.35;5.1;0.026;17.0;113.0;0.9533581012146528;3.18;0.67;0.8322147651006712;6;Medium;False;True
6.2;0.76;0.01;3.2;0.041;18.0;120.0;0.953107855781632;3.2;0.94;0.919463087248322;7;High;False;True
6.1;0.41;0.2;12.6;0.032;54.0;136.0;0.9578240197116403;2.91;0.43;0.7114093959731543;6;Medium;False;True
5.8;0.385;0.25;3.7;0.031;38.0;122.0;0.9540895878650215;3.2;0.63;0.7516778523489932;6;Medium;False;True
6.0;0.27;0.4;1.7;0.021;18.0;82.0;0.951991376157385;3.24;0.95;0.8814317673378054;6;Medium;False;True
7.0;0.24;0.47;1.3;0.043;18.0;131.0;0.9545515794336753;3.19;0.45;0.7382550335570469;6;Medium;False;True
6.8;0.23;0.48;1.5;0.036;35.0;165.0;0.9544168318928179;3.18;0.45;0.7583892617449665;6;Medium;False;True
6.5;0.28;0.34;4.6;0.054;22.0;130.0;0.9547152014475736;3.2;0.46;0.8053691275167785;7;High;False;True
6.4;0.23;0.35;10.3;0.042;54.0;140.0;0.9593062426610715;3.23;0.47;0.6174496644295301;5;Medium;False;True
6.0;0.34;0.29;6.1;0.046;29.0;134.0;0.9573042791969046;3.48;0.57;0.7181208053691275;6;Medium;False;True
6.7;0.22;0.33;1.2;0.036;36.0;86.0;0.9534158501607346;3.1;0.76;0.7651006711409396;6;Medium;False;True
6.0;0.32;0.33;9.9;0.032;22.0;90.0;0.9553408150301257;3.1;0.43;0.8120805369127516;7;High;False;True
5.8;0.29;0.27;1.6;0.062;17.0;140.0;0.9541858361084911;3.23;0.35;0.7449664429530201;6;Medium;False;True
5.8;0.38;0.26;1.1;0.058;20.0;140.0;0.9554659377466361;3.27;0.43;0.6510067114093959;6;Medium;False;True
5.9;0.32;0.26;1.5;0.057;17.0;141.0;0.9544938304875936;3.24;0.36;0.7181208053691275;5;Medium;False;True
5.6;0.33;0.28;1.2;0.031;33.0;97.0;0.9540703382163276;3.49;0.58;0.7315436241610739;6;Medium;False;True
5.9;0.37;0.3;1.5;0.033;35.0;95.0;0.9527228628077538;3.36;0.56;0.8053691275167785;7;High;False;True
5.6;0.295;0.26;1.1;0.035;40.0;102.0;0.9543398332980423;3.47;0.56;0.7114093959731543;6;Medium;False;True
6.7;0.5;0.36;11.5;0.096;18.0;92.0;0.9590367475793566;3.11;0.49;0.6442953020134228;5;Medium;False;True
6.5;0.28;0.38;7.8;0.031;54.0;216.0;0.9543398332980423;3.03;0.42;0.8791946308724832;6;Medium;False;True
5.3;0.275;0.24;7.4;0.038;28.0;114.0;0.9558701803692082;3.38;0.51;0.7382550335570469;6;Medium;False;True
5.2;0.405;0.15;1.45;0.038;10.0;44.0;0.9540607133919805;3.52;0.4;0.7785234899328859;4;Low;False;True
6.8;0.34;0.36;8.9;0.029;44.0;128.0;0.955918304490943;3.28;0.35;0.8020134228187918;7;High;False;True
5.7;0.22;0.25;1.1;0.05;97.0;175.0;0.9538104679589597;3.44;0.62;0.7449664429530201;6;Medium;False;True
6.2;0.28;0.57;1.0;0.043;50.0;92.0;0.952896109645999;3.17;0.36;0.7718120805369127;6;Medium;False;True
5.6;0.34;0.25;2.5;0.046;47.0;182.0;0.953752719012878;3.21;0.4;0.7583892617449665;5;Medium;False;True
4.8;0.29;0.23;1.1;0.044;38.0;180.0;0.9521261236982425;3.28;0.34;0.7986577181208053;6;Medium;False;True
6.6;0.38;0.29;2.4;0.136;15.0;93.0;0.9560915513291882;3.18;0.6;0.6375838926174496;5;Medium;False;True
5.1;0.3;0.3;2.3;0.048;40.0;150.0;0.9523186201851815;3.29;0.46;0.8187919463087248;6;Medium;False;True
4.4;0.54;0.09;5.1;0.038;52.0;97.0;0.9530693564842442;3.41;0.4;0.8187919463087248;7;High;False;True
7.0;0.36;0.35;2.5;0.048;67.0;161.0;0.9542628347032667;3.05;0.56;0.7449664429530201;6;Medium;False;True
6.4;0.33;0.44;8.9;0.055;52.0;164.0;0.9575545246299255;3.1;0.48;0.6442953020134228;5;Medium;False;True
6.2;0.23;0.38;1.6;0.044;12.0;113.0;0.9545515794336753;3.3;0.73;0.7651006711409396;5;Medium;False;True
5.2;0.25;0.23;1.4;0.047;20.0;77.0;0.952867235172958;3.32;0.62;0.7651006711409396;5;Medium;False;True
6.2;0.35;0.29;3.9;0.041;22.0;79.0;0.9529057344703459;3.1;0.59;0.8098434004474295;6;Medium;False;True
7.1;0.23;0.39;13.7;0.058;26.0;172.0;0.9601243527305627;2.9;0.46;0.6040268456375839;6;Medium;False;True
7.5;0.38;0.33;9.2;0.043;19.0;116.0;0.9571310323586595;3.08;0.42;0.7651006711409396;6;Medium;False;True
6.4;0.35;0.51;7.8;0.055;53.0;177.0;0.9576892721707829;3.12;0.45;0.6442953020134228;5;Medium;False;True
6.0;0.43;0.34;7.6;0.045;25.0;118.0;0.9549943213536353;3.03;0.37;0.7382550335570469;6;Medium;False;True
6.0;0.52;0.33;7.7;0.046;24.0;119.0;0.9550135710023292;3.04;0.38;0.7382550335570469;6;Medium;False;True
5.5;0.31;0.29;3.0;0.027;16.0;102.0;0.9535024735798572;3.23;0.56;0.7516778523489932;6;Medium;False;True
5.9;0.22;0.3;1.3;0.052;42.0;86.0;0.953521723228551;3.31;0.47;0.7751677852348994;6;Medium;False;True
6.2;0.36;0.32;4.0;0.036;44.0;92.0;0.9522416215904059;3.2;0.5;0.8926174496644296;7;High;False;True
6.0;0.41;0.23;1.1;0.066;22.0;148.0;0.9554178136249013;3.3;0.47;0.6465324384787469;5;Medium;False;True
6.2;0.355;0.35;2.0;0.046;31.0;95.0;0.951144391614853;3.06;0.46;0.9127516778523489;6;Medium;False;True
5.7;0.41;0.21;1.9;0.048;30.0;112.0;0.9541858361084911;3.29;0.55;0.7516778523489932;6;Medium;False;True
5.3;0.6;0.34;1.4;0.031;3.0;60.0;0.9514523859939555;3.27;0.38;0.87248322147651;6;Medium;False;True
5.8;0.23;0.31;4.5;0.046;42.0;124.0;0.9559760534370247;3.31;0.64;0.7248322147651007;6;Medium;False;True
6.6;0.24;0.33;10.1;0.032;8.0;81.0;0.9588827503898054;3.19;0.51;0.6577181208053692;6;Medium;False;True
6.1;0.32;0.28;6.6;0.021;29.0;132.0;0.9546670773258388;3.15;0.36;0.7684563758389261;7;High;False;True
5.0;0.2;0.4;1.9;0.015;20.0;98.0;0.9525688656182025;3.37;0.55;0.8087248322147651;6;Medium;False;True
6.0;0.42;0.41;12.4;0.032;50.0;179.0;0.9588442510924176;3.14;0.6;0.6510067114093959;5;Medium;False;True
5.7;0.21;0.32;1.6;0.03;33.0;122.0;0.9532811026198772;3.33;0.52;0.7986577181208053;6;Medium;False;True
5.6;0.2;0.36;2.5;0.048;16.0;125.0;0.9555718108144526;3.49;0.49;0.6711409395973155;6;Medium;False;True
7.4;0.22;0.26;1.2;0.035;18.0;97.0;0.9552156923136154;3.12;0.41;0.6510067114093959;6;Medium;False;True
6.2;0.38;0.42;2.5;0.038;34.0;117.0;0.9541280871624093;3.36;0.59;0.7785234899328859;7;High;False;True
5.9;0.54;0.0;0.8;0.032;12.0;82.0;0.9556103101118404;3.25;0.36;0.5906040268456376;5;Medium;False;True
6.2;0.53;0.02;0.9;0.035;6.0;81.0;0.9551098192457987;3.24;0.35;0.6375838926174496;4;Low;False;True
6.6;0.34;0.4;8.1;0.046;68.0;170.0;0.9576122735760073;3.15;0.5;0.6398210290827738;6;Medium;False;True
5.0;0.235;0.27;11.75;0.03;34.0;118.0;0.9580550154959672;3.07;0.5;0.6308724832214765;6;Medium;False;True
5.5;0.32;0.13;1.3;0.037;45.0;156.0;0.954628578028451;3.26;0.38;0.7181208053691275;5;Medium;False;True
4.9;0.47;0.17;1.9;0.035;60.0;148.0;0.9525111166721207;3.27;0.35;0.7718120805369127;6;Medium;False;True
6.5;0.33;0.38;8.3;0.048;68.0;174.0;0.9575930239273134;3.14;0.5;0.6442953020134228;5;Medium;False;True
6.6;0.34;0.4;8.1;0.046;68.0;170.0;0.9576122735760073;3.15;0.5;0.6409395973154363;6;Medium;False;True
6.2;0.21;0.28;5.7;0.028;45.0;121.0;0.9544745808388997;3.21;1.08;0.8154362416107382;7;High;False;True
6.2;0.41;0.22;1.9;0.023;5.0;56.0;0.9521646229956303;3.04;0.79;0.87248322147651;7;High;False;True
6.8;0.22;0.36;1.2;0.052;38.0;127.0;0.9560338023831064;3.04;0.54;0.6174496644295301;5;Medium;False;True
4.9;0.235;0.27;11.75;0.03;34.0;118.0;0.9580550154959672;3.07;0.5;0.6308724832214765;6;Medium;False;True
6.1;0.34;0.29;2.2;0.036;25.0;100.0;0.9522608712390999;3.06;0.44;0.7919463087248323;6;Medium;False;True
5.7;0.21;0.32;0.9;0.038;38.0;121.0;0.9535698473502858;3.24;0.46;0.7114093959731543;6;Medium;False;True
6.5;0.23;0.38;1.3;0.032;29.0;112.0;0.9557258080040039;3.29;0.54;0.6510067114093959;5;Medium;False;True
6.2;0.21;0.29;1.6;0.039;24.0;92.0;0.9539548403241641;3.27;0.5;0.7516778523489932;6;Medium;False;True
6.6;0.32;0.36;8.0;0.047;57.0;168.0;0.9575737742786194;3.15;0.46;0.6442953020134228;5;Medium;False;True
6.5;0.24;0.19;1.2;0.041;30.0;111.0;0.9553023157327378;2.99;0.46;0.6308724832214765;6;Medium;False;True
5.5;0.29;0.3;1.1;0.022;20.0;110.0;0.9515967583591599;3.34;0.38;0.8590604026845637;7;High;False;True
6.0;0.21;0.38;0.8;0.02;22.0;98.0;0.9522897457121408;3.26;0.32;0.7919463087248323;6;Medium;False;True
